2026-09-24T08:57:46.218155Z 0 [Warning] TIMESTAMP with implicit DEFAULT value is deprecated. Please use --explicit_defaults_for_timestamp server option (see documentation for more details).
2026-09-24T08:57:46.220107Z 0 [Note] mysqld (mysqld 5.7.44) starting as process 1 ...
2026-09-24T08:57:46.223653Z 0 [Note] InnoDB: PUNCH HOLE support available
2026-09-24T08:57:46.223699Z 0 [Note] InnoDB: Mutexes and rw_locks use GCC atomic builtins
2026-09-24T08:57:46.223702Z 0 [Note] InnoDB: Uses event mutexes
2026-09-24T08:57:46.223706Z 0 [Note] InnoDB: GCC builtin __atomic_thread_fence() is used for memory barrier
2026-09-24T08:57:46.223708Z 0 [Note] InnoDB: Compressed tables use zlib 1.2.13
2026-09-24T08:57:46.223710Z 0 [Note] InnoDB: Using Linux native AIO
2026-09-24T08:57:46.223968Z 0 [Note] InnoDB: Number of pools: 1
2026-09-24T08:57:46.224130Z 0 [Note] InnoDB: Using CPU crc32 instructions
2026-09-24T08:57:46.226295Z 0 [Note] InnoDB: Initializing buffer pool, total size = 128M, instances = 1, chunk size = 128M
2026-09-24T08:57:46.232477Z 0 [Note] InnoDB: Completed initialization of buffer pool
2026-09-24T08:57:46.234913Z 0 [Note] InnoDB: If the mysqld execution user is authorized, page cleaner thread priority can be changed. See the man page of setpriority().
2026-09-24T08:57:46.249854Z 0 [Note] InnoDB: Highest supported file format is Barracuda.
2026-09-24T08:57:46.260911Z 0 [Note] InnoDB: Creating shared tablespace for temporary tables
2026-09-24T08:57:46.260986Z 0 [Note] InnoDB: Setting file './ibtmp1' size to 12 MB. Physically writing the file full; Please wait ...
2026-09-24T08:57:46.279072Z 0 [Note] InnoDB: File './ibtmp1' size is now 12 MB.
2026-09-24T08:57:46.279550Z 0 [Note] InnoDB: 96 redo rollback segment(s) found. 96 redo rollback segment(s) are active.
2026-09-24T08:57:46.279571Z 0 [Note] InnoDB: 32 non-redo rollback segment(s) are active.
2026-09-24T08:57:46.279894Z 0 [Note] InnoDB: Waiting for purge to start
2026-09-24T08:57:46.330302Z 0 [Note] InnoDB: 5.7.44 started; log sequence number 12243671
2026-09-24T08:57:46.330570Z 0 [Note] InnoDB: Loading buffer pool(s) from /var/lib/mysql/ib_buffer_pool
2026-09-24T08:57:46.330662Z 0 [Note] Plugin 'FEDERATED' is disabled.
2026-09-24T08:57:46.336728Z 0 [Note] Found ca.pem, server-cert.pem and server-key.pem in data directory. Trying to enable SSL support using them.
2026-09-24T08:57:46.336749Z 0 [Note] Skipping generation of SSL certificates as certificate files are present in data directory.
2026-09-24T08:57:46.336753Z 0 [Warning] A deprecated TLS version TLSv1 is enabled. Please use TLSv1.2 or higher.
2026-09-24T08:57:46.336755Z 0 [Warning] A deprecated TLS version TLSv1.1 is enabled. Please use TLSv1.2 or higher.
2026-09-24T08:57:46.337663Z 0 [Warning] CA certificate ca.pem is self signed.
2026-09-24T08:57:46.337789Z 0 [Note] Skipping generation of RSA key pair as key files are present in data directory.
2026-09-24T08:57:46.338410Z 0 [Note] Server hostname (bind-address): '*'; port: 3306
2026-09-24T08:57:46.338448Z 0 [Note] IPv6 is available.
2026-09-24T08:57:46.338457Z 0 [Note]   - '::' resolves to '::';
2026-09-24T08:57:46.338468Z 0 [Note] Server socket created on IP: '::'.
2026-09-24T08:57:46.339578Z 0 [Warning] Insecure configuration for --pid-file: Location '/var/run/mysqld' in the path is accessible to all OS users. Consider choosing a different directory.
2026-09-24T08:57:46.345361Z 0 [Note] InnoDB: Buffer pool(s) load completed at 260924 16:57:46
2026-09-24T08:57:46.371682Z 0 [Note] Event Scheduler: Loaded 0 events
2026-09-24T08:57:46.372093Z 0 [Note] mysqld: ready for connections.
Version: '5.7.44'  socket: '/var/run/mysqld/mysqld.sock'  port: 3306  MySQL Community Server (GPL)
2026-09-24T08:57:58.593696Z 0 [Note] Giving 1 client threads a chance to die gracefully
2026-09-24T08:57:58.593716Z 0 [Note] Shutting down slave threads
2026-09-24T08:58:00.594347Z 0 [Note] Forcefully disconnecting 1 remaining clients
2026-09-24T08:58:00.594404Z 0 [Warning] mysqld: Forcing close of thread 2  user: 'otel'

2026-09-24T08:58:00.594567Z 0 [Note] Event Scheduler: Purging the queue. 0 events
2026-09-24T08:58:00.595114Z 0 [Note] Binlog end
2026-09-24T08:58:00.596434Z 0 [Note] Shutting down plugin 'ngram'
2026-09-24T08:58:00.596452Z 0 [Note] Shutting down plugin 'partition'
2026-09-24T08:58:00.596456Z 0 [Note] Shutting down plugin 'BLACKHOLE'
2026-09-24T08:58:00.596461Z 0 [Note] Shutting down plugin 'ARCHIVE'
2026-09-24T08:58:00.596463Z 0 [Note] Shutting down plugin 'PERFORMANCE_SCHEMA'
2026-09-24T08:58:00.596497Z 0 [Note] Shutting down plugin 'MRG_MYISAM'
2026-09-24T08:58:00.596501Z 0 [Note] Shutting down plugin 'MyISAM'
2026-09-24T08:58:00.596510Z 0 [Note] Shutting down plugin 'INNODB_SYS_VIRTUAL'
2026-09-24T08:58:00.596514Z 0 [Note] Shutting down plugin 'INNODB_SYS_DATAFILES'
2026-09-24T08:58:00.596517Z 0 [Note] Shutting down plugin 'INNODB_SYS_TABLESPACES'
2026-09-24T08:58:00.596520Z 0 [Note] Shutting down plugin 'INNODB_SYS_FOREIGN_COLS'
2026-09-24T08:58:00.596523Z 0 [Note] Shutting down plugin 'INNODB_SYS_FOREIGN'
2026-09-24T08:58:00.596525Z 0 [Note] Shutting down plugin 'INNODB_SYS_FIELDS'
2026-09-24T08:58:00.596528Z 0 [Note] Shutting down plugin 'INNODB_SYS_COLUMNS'
2026-09-24T08:58:00.596530Z 0 [Note] Shutting down plugin 'INNODB_SYS_INDEXES'
2026-09-24T08:58:00.596533Z 0 [Note] Shutting down plugin 'INNODB_SYS_TABLESTATS'
2026-09-24T08:58:00.596536Z 0 [Note] Shutting down plugin 'INNODB_SYS_TABLES'
2026-09-24T08:58:00.596539Z 0 [Note] Shutting down plugin 'INNODB_FT_INDEX_TABLE'
2026-09-24T08:58:00.596541Z 0 [Note] Shutting down plugin 'INNODB_FT_INDEX_CACHE'
2026-09-24T08:58:00.596569Z 0 [Note] Shutting down plugin 'INNODB_FT_CONFIG'
2026-09-24T08:58:00.596575Z 0 [Note] Shutting down plugin 'INNODB_FT_BEING_DELETED'
2026-09-24T08:58:00.596688Z 0 [Note] Shutting down plugin 'INNODB_FT_DELETED'
2026-09-24T08:58:00.596700Z 0 [Note] Shutting down plugin 'INNODB_FT_DEFAULT_STOPWORD'
2026-09-24T08:58:00.596704Z 0 [Note] Shutting down plugin 'INNODB_METRICS'
2026-09-24T08:58:00.596707Z 0 [Note] Shutting down plugin 'INNODB_TEMP_TABLE_INFO'
2026-09-24T08:58:00.596710Z 0 [Note] Shutting down plugin 'INNODB_BUFFER_POOL_STATS'
2026-09-24T08:58:00.596713Z 0 [Note] Shutting down plugin 'INNODB_BUFFER_PAGE_LRU'
2026-09-24T08:58:00.596716Z 0 [Note] Shutting down plugin 'INNODB_BUFFER_PAGE'
2026-09-24T08:58:00.596718Z 0 [Note] Shutting down plugin 'INNODB_CMP_PER_INDEX_RESET'
2026-09-24T08:58:00.596721Z 0 [Note] Shutting down plugin 'INNODB_CMP_PER_INDEX'
2026-09-24T08:58:00.596724Z 0 [Note] Shutting down plugin 'INNODB_CMPMEM_RESET'
2026-09-24T08:58:00.596726Z 0 [Note] Shutting down plugin 'INNODB_CMPMEM'
2026-09-24T08:58:00.596729Z 0 [Note] Shutting down plugin 'INNODB_CMP_RESET'
2026-09-24T08:58:00.596732Z 0 [Note] Shutting down plugin 'INNODB_CMP'
2026-09-24T08:58:00.596735Z 0 [Note] Shutting down plugin 'INNODB_LOCK_WAITS'
2026-09-24T08:58:00.596737Z 0 [Note] Shutting down plugin 'INNODB_LOCKS'
2026-09-24T08:58:00.596740Z 0 [Note] Shutting down plugin 'INNODB_TRX'
2026-09-24T08:58:00.596743Z 0 [Note] Shutting down plugin 'InnoDB'
2026-09-24T08:58:00.596857Z 0 [Note] InnoDB: FTS optimize thread exiting.
2026-09-24T08:58:00.597098Z 0 [Note] InnoDB: Starting shutdown...
2026-09-24T08:58:00.697713Z 0 [Note] InnoDB: Dumping buffer pool(s) to /var/lib/mysql/ib_buffer_pool
2026-09-24T08:58:00.698038Z 0 [Note] InnoDB: Buffer pool(s) dump completed at 260924 16:58:00
2026-09-24T08:58:02.108873Z 0 [Note] InnoDB: Shutdown completed; log sequence number 12243699
2026-09-24T08:58:02.109858Z 0 [Note] InnoDB: Removed temporary tablespace data file: "ibtmp1"
2026-09-24T08:58:02.109874Z 0 [Note] Shutting down plugin 'MEMORY'
2026-09-24T08:58:02.109879Z 0 [Note] Shutting down plugin 'CSV'
2026-09-24T08:58:02.109883Z 0 [Note] Shutting down plugin 'sha256_password'
2026-09-24T08:58:02.109884Z 0 [Note] Shutting down plugin 'mysql_native_password'
2026-09-24T08:58:02.109988Z 0 [Note] Shutting down plugin 'binlog'
2026-09-24T08:58:02.110529Z 0 [Note] mysqld: Shutdown complete

2026-09-24T08:58:03.047412Z 0 [Warning] TIMESTAMP with implicit DEFAULT value is deprecated. Please use --explicit_defaults_for_timestamp server option (see documentation for more details).
2026-09-24T08:58:03.049024Z 0 [Note] mysqld (mysqld 5.7.44) starting as process 1 ...
2026-09-24T08:58:03.051662Z 0 [Note] InnoDB: PUNCH HOLE support available
2026-09-24T08:58:03.051680Z 0 [Note] InnoDB: Mutexes and rw_locks use GCC atomic builtins
2026-09-24T08:58:03.051683Z 0 [Note] InnoDB: Uses event mutexes
2026-09-24T08:58:03.051686Z 0 [Note] InnoDB: GCC builtin __atomic_thread_fence() is used for memory barrier
2026-09-24T08:58:03.051688Z 0 [Note] InnoDB: Compressed tables use zlib 1.2.13
2026-09-24T08:58:03.051690Z 0 [Note] InnoDB: Using Linux native AIO
2026-09-24T08:58:03.051880Z 0 [Note] InnoDB: Number of pools: 1
2026-09-24T08:58:03.051994Z 0 [Note] InnoDB: Using CPU crc32 instructions
2026-09-24T08:58:03.053530Z 0 [Note] InnoDB: Initializing buffer pool, total size = 128M, instances = 1, chunk size = 128M
2026-09-24T08:58:03.058989Z 0 [Note] InnoDB: Completed initialization of buffer pool
2026-09-24T08:58:03.061633Z 0 [Note] InnoDB: If the mysqld execution user is authorized, page cleaner thread priority can be changed. See the man page of setpriority().
2026-09-24T08:58:03.073903Z 0 [Note] InnoDB: Highest supported file format is Barracuda.
2026-09-24T08:58:03.079609Z 0 [Note] InnoDB: Creating shared tablespace for temporary tables
2026-09-24T08:58:03.079723Z 0 [Note] InnoDB: Setting file './ibtmp1' size to 12 MB. Physically writing the file full; Please wait ...
2026-09-24T08:58:03.093608Z 0 [Note] InnoDB: File './ibtmp1' size is now 12 MB.
2026-09-24T08:58:03.093952Z 0 [Note] InnoDB: 96 redo rollback segment(s) found. 96 redo rollback segment(s) are active.
2026-09-24T08:58:03.093957Z 0 [Note] InnoDB: 32 non-redo rollback segment(s) are active.
2026-09-24T08:58:03.094367Z 0 [Note] InnoDB: Waiting for purge to start
2026-09-24T08:58:03.144888Z 0 [Note] InnoDB: 5.7.44 started; log sequence number 12243699
2026-09-24T08:58:03.145297Z 0 [Note] InnoDB: Loading buffer pool(s) from /var/lib/mysql/ib_buffer_pool
2026-09-24T08:58:03.145338Z 0 [Note] Plugin 'FEDERATED' is disabled.
2026-09-24T08:58:03.146670Z 0 [Note] InnoDB: Buffer pool(s) load completed at 260924 16:58:03
2026-09-24T08:58:03.149261Z 0 [Note] Found ca.pem, server-cert.pem and server-key.pem in data directory. Trying to enable SSL support using them.
2026-09-24T08:58:03.149272Z 0 [Note] Skipping generation of SSL certificates as certificate files are present in data directory.
2026-09-24T08:58:03.149276Z 0 [Warning] A deprecated TLS version TLSv1 is enabled. Please use TLSv1.2 or higher.
2026-09-24T08:58:03.149278Z 0 [Warning] A deprecated TLS version TLSv1.1 is enabled. Please use TLSv1.2 or higher.
2026-09-24T08:58:03.149671Z 0 [Warning] CA certificate ca.pem is self signed.
2026-09-24T08:58:03.149694Z 0 [Note] Skipping generation of RSA key pair as key files are present in data directory.
2026-09-24T08:58:03.149862Z 0 [Note] Server hostname (bind-address): '*'; port: 3306
2026-09-24T08:58:03.149890Z 0 [Note] IPv6 is available.
2026-09-24T08:58:03.149899Z 0 [Note]   - '::' resolves to '::';
2026-09-24T08:58:03.149909Z 0 [Note] Server socket created on IP: '::'.
2026-09-24T08:58:03.150650Z 0 [Warning] Insecure configuration for --pid-file: Location '/var/run/mysqld' in the path is accessible to all OS users. Consider choosing a different directory.
2026-09-24T08:58:03.161702Z 0 [Note] Event Scheduler: Loaded 0 events
2026-09-24T08:58:03.161941Z 0 [Note] mysqld: ready for connections.
Version: '5.7.44'  socket: '/var/run/mysqld/mysqld.sock'  port: 3306  MySQL Community Server (GPL)
2026-09-28T08:14:23.141144Z 0 [Note] Giving 2 client threads a chance to die gracefully
2026-09-28T08:14:23.141610Z 0 [Note] Shutting down slave threads
2026-09-28T08:14:25.152903Z 0 [Note] Forcefully disconnecting 2 remaining clients
2026-09-28T08:14:25.154185Z 0 [Warning] mysqld: Forcing close of thread 39  user: 'otel'

2026-09-28T08:14:25.154303Z 0 [Warning] mysqld: Forcing close of thread 38  user: 'otel'

2026-09-28T08:14:25.156847Z 0 [Note] Event Scheduler: Purging the queue. 0 events
2026-09-28T08:14:25.161794Z 0 [Note] Binlog end
2026-09-28T08:14:25.274107Z 0 [Note] Shutting down plugin 'ngram'
2026-09-28T08:14:25.274208Z 0 [Note] Shutting down plugin 'partition'
2026-09-28T08:14:25.274340Z 0 [Note] Shutting down plugin 'BLACKHOLE'
2026-09-28T08:14:25.274354Z 0 [Note] Shutting down plugin 'ARCHIVE'
2026-09-28T08:14:25.274359Z 0 [Note] Shutting down plugin 'PERFORMANCE_SCHEMA'
2026-09-28T08:14:25.275108Z 0 [Note] Shutting down plugin 'MRG_MYISAM'
2026-09-28T08:14:25.275675Z 0 [Note] Shutting down plugin 'MyISAM'
2026-09-28T08:14:25.276612Z 0 [Note] Shutting down plugin 'INNODB_SYS_VIRTUAL'
2026-09-28T08:14:25.277402Z 0 [Note] Shutting down plugin 'INNODB_SYS_DATAFILES'
2026-09-28T08:14:25.277416Z 0 [Note] Shutting down plugin 'INNODB_SYS_TABLESPACES'
2026-09-28T08:14:25.277420Z 0 [Note] Shutting down plugin 'INNODB_SYS_FOREIGN_COLS'
2026-09-28T08:14:25.277423Z 0 [Note] Shutting down plugin 'INNODB_SYS_FOREIGN'
2026-09-28T08:14:25.277426Z 0 [Note] Shutting down plugin 'INNODB_SYS_FIELDS'
2026-09-28T08:14:25.277429Z 0 [Note] Shutting down plugin 'INNODB_SYS_COLUMNS'
2026-09-28T08:14:25.277431Z 0 [Note] Shutting down plugin 'INNODB_SYS_INDEXES'
2026-09-28T08:14:25.277434Z 0 [Note] Shutting down plugin 'INNODB_SYS_TABLESTATS'
2026-09-28T08:14:25.277437Z 0 [Note] Shutting down plugin 'INNODB_SYS_TABLES'
2026-09-28T08:14:25.277439Z 0 [Note] Shutting down plugin 'INNODB_FT_INDEX_TABLE'
2026-09-28T08:14:25.277442Z 0 [Note] Shutting down plugin 'INNODB_FT_INDEX_CACHE'
2026-09-28T08:14:25.277445Z 0 [Note] Shutting down plugin 'INNODB_FT_CONFIG'
2026-09-28T08:14:25.277447Z 0 [Note] Shutting down plugin 'INNODB_FT_BEING_DELETED'
2026-09-28T08:14:25.277450Z 0 [Note] Shutting down plugin 'INNODB_FT_DELETED'
2026-09-28T08:14:25.277453Z 0 [Note] Shutting down plugin 'INNODB_FT_DEFAULT_STOPWORD'
2026-09-28T08:14:25.277456Z 0 [Note] Shutting down plugin 'INNODB_METRICS'
2026-09-28T08:14:25.277459Z 0 [Note] Shutting down plugin 'INNODB_TEMP_TABLE_INFO'
2026-09-28T08:14:25.277489Z 0 [Note] Shutting down plugin 'INNODB_BUFFER_POOL_STATS'
2026-09-28T08:14:25.277497Z 0 [Note] Shutting down plugin 'INNODB_BUFFER_PAGE_LRU'
2026-09-28T08:14:25.277501Z 0 [Note] Shutting down plugin 'INNODB_BUFFER_PAGE'
2026-09-28T08:14:25.277504Z 0 [Note] Shutting down plugin 'INNODB_CMP_PER_INDEX_RESET'
2026-09-28T08:14:25.277507Z 0 [Note] Shutting down plugin 'INNODB_CMP_PER_INDEX'
2026-09-28T08:14:25.277510Z 0 [Note] Shutting down plugin 'INNODB_CMPMEM_RESET'
2026-09-28T08:14:25.277513Z 0 [Note] Shutting down plugin 'INNODB_CMPMEM'
2026-09-28T08:14:25.277516Z 0 [Note] Shutting down plugin 'INNODB_CMP_RESET'
2026-09-28T08:14:25.277518Z 0 [Note] Shutting down plugin 'INNODB_CMP'
2026-09-28T08:14:25.277522Z 0 [Note] Shutting down plugin 'INNODB_LOCK_WAITS'
2026-09-28T08:14:25.277524Z 0 [Note] Shutting down plugin 'INNODB_LOCKS'
2026-09-28T08:14:25.277527Z 0 [Note] Shutting down plugin 'INNODB_TRX'
2026-09-28T08:14:25.277530Z 0 [Note] Shutting down plugin 'InnoDB'
2026-09-28T08:14:25.285185Z 0 [Note] InnoDB: FTS optimize thread exiting.
2026-09-28T08:14:25.286725Z 0 [Note] InnoDB: Starting shutdown...
2026-09-28T08:14:25.393018Z 0 [Note] InnoDB: Dumping buffer pool(s) to /var/lib/mysql/ib_buffer_pool
2026-09-28T08:14:25.395450Z 0 [Note] InnoDB: Buffer pool(s) dump completed at 260928 16:14:25
2026-09-28T08:14:27.084802Z 0 [Note] InnoDB: Shutdown completed; log sequence number 12243727
2026-09-28T08:14:27.088539Z 0 [Note] InnoDB: Removed temporary tablespace data file: "ibtmp1"
2026-09-28T08:14:27.088580Z 0 [Note] Shutting down plugin 'MEMORY'
2026-09-28T08:14:27.088589Z 0 [Note] Shutting down plugin 'CSV'
2026-09-28T08:14:27.088597Z 0 [Note] Shutting down plugin 'sha256_password'
2026-09-28T08:14:27.088599Z 0 [Note] Shutting down plugin 'mysql_native_password'
2026-09-28T08:14:27.091730Z 0 [Note] Shutting down plugin 'binlog'
2026-09-28T08:14:27.107290Z 0 [Note] mysqld: Shutdown complete

2026-09-28T08:28:06.168206Z 0 [Warning] TIMESTAMP with implicit DEFAULT value is deprecated. Please use --explicit_defaults_for_timestamp server option (see documentation for more details).
2026-09-28T08:28:06.169188Z 0 [Note] mysqld (mysqld 5.7.44) starting as process 1 ...
2026-09-28T08:28:06.173941Z 0 [Note] InnoDB: PUNCH HOLE support available
2026-09-28T08:28:06.173974Z 0 [Note] InnoDB: Mutexes and rw_locks use GCC atomic builtins
2026-09-28T08:28:06.173979Z 0 [Note] InnoDB: Uses event mutexes
2026-09-28T08:28:06.173983Z 0 [Note] InnoDB: GCC builtin __atomic_thread_fence() is used for memory barrier
2026-09-28T08:28:06.173986Z 0 [Note] InnoDB: Compressed tables use zlib 1.2.13
2026-09-28T08:28:06.173993Z 0 [Note] InnoDB: Using Linux native AIO
2026-09-28T08:28:06.175045Z 0 [Note] InnoDB: Number of pools: 1
2026-09-28T08:28:06.176298Z 0 [Note] InnoDB: Using CPU crc32 instructions
2026-09-28T08:28:06.208288Z 0 [Note] InnoDB: Initializing buffer pool, total size = 128M, instances = 1, chunk size = 128M
2026-09-28T08:28:06.214115Z 0 [Note] InnoDB: Completed initialization of buffer pool
2026-09-28T08:28:06.217140Z 0 [Note] InnoDB: If the mysqld execution user is authorized, page cleaner thread priority can be changed. See the man page of setpriority().
2026-09-28T08:28:06.232832Z 0 [Note] InnoDB: Highest supported file format is Barracuda.
2026-09-28T08:28:06.250725Z 0 [Note] InnoDB: Creating shared tablespace for temporary tables
2026-09-28T08:28:06.250836Z 0 [Note] InnoDB: Setting file './ibtmp1' size to 12 MB. Physically writing the file full; Please wait ...
2026-09-28T08:28:06.265280Z 0 [Note] InnoDB: File './ibtmp1' size is now 12 MB.
2026-09-28T08:28:06.265673Z 0 [Note] InnoDB: 96 redo rollback segment(s) found. 96 redo rollback segment(s) are active.
2026-09-28T08:28:06.265679Z 0 [Note] InnoDB: 32 non-redo rollback segment(s) are active.
2026-09-28T08:28:06.266156Z 0 [Note] InnoDB: Waiting for purge to start
2026-09-28T08:28:06.316598Z 0 [Note] InnoDB: 5.7.44 started; log sequence number 12243727
2026-09-28T08:28:06.316912Z 0 [Note] InnoDB: Loading buffer pool(s) from /var/lib/mysql/ib_buffer_pool
2026-09-28T08:28:06.317019Z 0 [Note] Plugin 'FEDERATED' is disabled.
2026-09-28T08:28:06.324161Z 0 [Note] Found ca.pem, server-cert.pem and server-key.pem in data directory. Trying to enable SSL support using them.
2026-09-28T08:28:06.324177Z 0 [Note] Skipping generation of SSL certificates as certificate files are present in data directory.
2026-09-28T08:28:06.324181Z 0 [Warning] A deprecated TLS version TLSv1 is enabled. Please use TLSv1.2 or higher.
2026-09-28T08:28:06.324183Z 0 [Warning] A deprecated TLS version TLSv1.1 is enabled. Please use TLSv1.2 or higher.
2026-09-28T08:28:06.326498Z 0 [Warning] CA certificate ca.pem is self signed.
2026-09-28T08:28:06.326541Z 0 [Note] Skipping generation of RSA key pair as key files are present in data directory.
2026-09-28T08:28:06.327139Z 0 [Note] Server hostname (bind-address): '*'; port: 3306
2026-09-28T08:28:06.328252Z 0 [Note] IPv6 is available.
2026-09-28T08:28:06.328421Z 0 [Note]   - '::' resolves to '::';
2026-09-28T08:28:06.328441Z 0 [Note] Server socket created on IP: '::'.
2026-09-28T08:28:06.329272Z 0 [Warning] Insecure configuration for --pid-file: Location '/var/run/mysqld' in the path is accessible to all OS users. Consider choosing a different directory.
2026-09-28T08:28:06.331129Z 0 [Note] InnoDB: Buffer pool(s) load completed at 260928 16:28:06
2026-09-28T08:28:06.363695Z 0 [Note] Event Scheduler: Loaded 0 events
2026-09-28T08:28:06.364067Z 0 [Note] mysqld: ready for connections.
Version: '5.7.44'  socket: '/var/run/mysqld/mysqld.sock'  port: 3306  MySQL Community Server (GPL)
2026-09-28T08:28:16.693503Z 2 [Note] Access denied for user 'root'@'localhost' (using password: NO)
2026-09-28T08:28:20.349304Z 0 [Note] Giving 0 client threads a chance to die gracefully
2026-09-28T08:28:20.349336Z 0 [Note] Shutting down slave threads
2026-09-28T08:28:20.349341Z 0 [Note] Forcefully disconnecting 0 remaining clients
2026-09-28T08:28:20.349349Z 0 [Note] Event Scheduler: Purging the queue. 0 events
2026-09-28T08:28:20.349436Z 0 [Note] Binlog end
2026-09-28T08:28:20.349997Z 0 [Note] Shutting down plugin 'ngram'
2026-09-28T08:28:20.350008Z 0 [Note] Shutting down plugin 'partition'
2026-09-28T08:28:20.350018Z 0 [Note] Shutting down plugin 'BLACKHOLE'
2026-09-28T08:28:20.350022Z 0 [Note] Shutting down plugin 'ARCHIVE'
2026-09-28T08:28:20.350024Z 0 [Note] Shutting down plugin 'PERFORMANCE_SCHEMA'
2026-09-28T08:28:20.350082Z 0 [Note] Shutting down plugin 'MRG_MYISAM'
2026-09-28T08:28:20.350086Z 0 [Note] Shutting down plugin 'MyISAM'
2026-09-28T08:28:20.350094Z 0 [Note] Shutting down plugin 'INNODB_SYS_VIRTUAL'
2026-09-28T08:28:20.350098Z 0 [Note] Shutting down plugin 'INNODB_SYS_DATAFILES'
2026-09-28T08:28:20.350100Z 0 [Note] Shutting down plugin 'INNODB_SYS_TABLESPACES'
2026-09-28T08:28:20.350103Z 0 [Note] Shutting down plugin 'INNODB_SYS_FOREIGN_COLS'
2026-09-28T08:28:20.350105Z 0 [Note] Shutting down plugin 'INNODB_SYS_FOREIGN'
2026-09-28T08:28:20.350107Z 0 [Note] Shutting down plugin 'INNODB_SYS_FIELDS'
2026-09-28T08:28:20.350109Z 0 [Note] Shutting down plugin 'INNODB_SYS_COLUMNS'
2026-09-28T08:28:20.350111Z 0 [Note] Shutting down plugin 'INNODB_SYS_INDEXES'
2026-09-28T08:28:20.350114Z 0 [Note] Shutting down plugin 'INNODB_SYS_TABLESTATS'
2026-09-28T08:28:20.350116Z 0 [Note] Shutting down plugin 'INNODB_SYS_TABLES'
2026-09-28T08:28:20.350118Z 0 [Note] Shutting down plugin 'INNODB_FT_INDEX_TABLE'
2026-09-28T08:28:20.350120Z 0 [Note] Shutting down plugin 'INNODB_FT_INDEX_CACHE'
2026-09-28T08:28:20.350123Z 0 [Note] Shutting down plugin 'INNODB_FT_CONFIG'
2026-09-28T08:28:20.350125Z 0 [Note] Shutting down plugin 'INNODB_FT_BEING_DELETED'
2026-09-28T08:28:20.350129Z 0 [Note] Shutting down plugin 'INNODB_FT_DELETED'
2026-09-28T08:28:20.350133Z 0 [Note] Shutting down plugin 'INNODB_FT_DEFAULT_STOPWORD'
2026-09-28T08:28:20.350136Z 0 [Note] Shutting down plugin 'INNODB_METRICS'
2026-09-28T08:28:20.350138Z 0 [Note] Shutting down plugin 'INNODB_TEMP_TABLE_INFO'
2026-09-28T08:28:20.350140Z 0 [Note] Shutting down plugin 'INNODB_BUFFER_POOL_STATS'
2026-09-28T08:28:20.350142Z 0 [Note] Shutting down plugin 'INNODB_BUFFER_PAGE_LRU'
2026-09-28T08:28:20.350145Z 0 [Note] Shutting down plugin 'INNODB_BUFFER_PAGE'
2026-09-28T08:28:20.350147Z 0 [Note] Shutting down plugin 'INNODB_CMP_PER_INDEX_RESET'
2026-09-28T08:28:20.350149Z 0 [Note] Shutting down plugin 'INNODB_CMP_PER_INDEX'
2026-09-28T08:28:20.350152Z 0 [Note] Shutting down plugin 'INNODB_CMPMEM_RESET'
2026-09-28T08:28:20.350154Z 0 [Note] Shutting down plugin 'INNODB_CMPMEM'
2026-09-28T08:28:20.350156Z 0 [Note] Shutting down plugin 'INNODB_CMP_RESET'
2026-09-28T08:28:20.350158Z 0 [Note] Shutting down plugin 'INNODB_CMP'
2026-09-28T08:28:20.350161Z 0 [Note] Shutting down plugin 'INNODB_LOCK_WAITS'
2026-09-28T08:28:20.350163Z 0 [Note] Shutting down plugin 'INNODB_LOCKS'
2026-09-28T08:28:20.350165Z 0 [Note] Shutting down plugin 'INNODB_TRX'
2026-09-28T08:28:20.350167Z 0 [Note] Shutting down plugin 'InnoDB'
2026-09-28T08:28:20.350371Z 0 [Note] InnoDB: FTS optimize thread exiting.
2026-09-28T08:28:20.350590Z 0 [Note] InnoDB: Starting shutdown...
2026-09-28T08:28:20.451073Z 0 [Note] InnoDB: Dumping buffer pool(s) to /var/lib/mysql/ib_buffer_pool
2026-09-28T08:28:20.451715Z 0 [Note] InnoDB: Buffer pool(s) dump completed at 260928 16:28:20
2026-09-28T08:28:22.160800Z 0 [Note] InnoDB: Shutdown completed; log sequence number 12243755
2026-09-28T08:28:22.162116Z 0 [Note] InnoDB: Removed temporary tablespace data file: "ibtmp1"
2026-09-28T08:28:22.162133Z 0 [Note] Shutting down plugin 'MEMORY'
2026-09-28T08:28:22.162138Z 0 [Note] Shutting down plugin 'CSV'
2026-09-28T08:28:22.162142Z 0 [Note] Shutting down plugin 'sha256_password'
2026-09-28T08:28:22.162144Z 0 [Note] Shutting down plugin 'mysql_native_password'
2026-09-28T08:28:22.162238Z 0 [Note] Shutting down plugin 'binlog'
2026-09-28T08:28:22.162862Z 0 [Note] mysqld: Shutdown complete

2026-09-28T08:28:22.999654Z 0 [Warning] TIMESTAMP with implicit DEFAULT value is deprecated. Please use --explicit_defaults_for_timestamp server option (see documentation for more details).
2026-09-28T08:28:23.000610Z 0 [Note] mysqld (mysqld 5.7.44) starting as process 1 ...
2026-09-28T08:28:23.003781Z 0 [Note] InnoDB: PUNCH HOLE support available
2026-09-28T08:28:23.003807Z 0 [Note] InnoDB: Mutexes and rw_locks use GCC atomic builtins
2026-09-28T08:28:23.003811Z 0 [Note] InnoDB: Uses event mutexes
2026-09-28T08:28:23.003814Z 0 [Note] InnoDB: GCC builtin __atomic_thread_fence() is used for memory barrier
2026-09-28T08:28:23.003817Z 0 [Note] InnoDB: Compressed tables use zlib 1.2.13
2026-09-28T08:28:23.003822Z 0 [Note] InnoDB: Using Linux native AIO
2026-09-28T08:28:23.004140Z 0 [Note] InnoDB: Number of pools: 1
2026-09-28T08:28:23.004271Z 0 [Note] InnoDB: Using CPU crc32 instructions
2026-09-28T08:28:23.005967Z 0 [Note] InnoDB: Initializing buffer pool, total size = 128M, instances = 1, chunk size = 128M
2026-09-28T08:28:23.012073Z 0 [Note] InnoDB: Completed initialization of buffer pool
2026-09-28T08:28:23.014452Z 0 [Note] InnoDB: If the mysqld execution user is authorized, page cleaner thread priority can be changed. See the man page of setpriority().
2026-09-28T08:28:23.027080Z 0 [Note] InnoDB: Highest supported file format is Barracuda.
2026-09-28T08:28:23.033471Z 0 [Note] InnoDB: Creating shared tablespace for temporary tables
2026-09-28T08:28:23.033536Z 0 [Note] InnoDB: Setting file './ibtmp1' size to 12 MB. Physically writing the file full; Please wait ...
2026-09-28T08:28:23.054282Z 0 [Note] InnoDB: File './ibtmp1' size is now 12 MB.
2026-09-28T08:28:23.054648Z 0 [Note] InnoDB: 96 redo rollback segment(s) found. 96 redo rollback segment(s) are active.
2026-09-28T08:28:23.054654Z 0 [Note] InnoDB: 32 non-redo rollback segment(s) are active.
2026-09-28T08:28:23.054988Z 0 [Note] InnoDB: Waiting for purge to start
2026-09-28T08:28:23.105508Z 0 [Note] InnoDB: 5.7.44 started; log sequence number 12243755
2026-09-28T08:28:23.105915Z 0 [Note] InnoDB: Loading buffer pool(s) from /var/lib/mysql/ib_buffer_pool
2026-09-28T08:28:23.105992Z 0 [Note] Plugin 'FEDERATED' is disabled.
2026-09-28T08:28:23.109561Z 0 [Note] InnoDB: Buffer pool(s) load completed at 260928 16:28:23
2026-09-28T08:28:23.112520Z 0 [Note] Found ca.pem, server-cert.pem and server-key.pem in data directory. Trying to enable SSL support using them.
2026-09-28T08:28:23.112530Z 0 [Note] Skipping generation of SSL certificates as certificate files are present in data directory.
2026-09-28T08:28:23.112534Z 0 [Warning] A deprecated TLS version TLSv1 is enabled. Please use TLSv1.2 or higher.
2026-09-28T08:28:23.112536Z 0 [Warning] A deprecated TLS version TLSv1.1 is enabled. Please use TLSv1.2 or higher.
2026-09-28T08:28:23.113290Z 0 [Warning] CA certificate ca.pem is self signed.
2026-09-28T08:28:23.113317Z 0 [Note] Skipping generation of RSA key pair as key files are present in data directory.
2026-09-28T08:28:23.113776Z 0 [Note] Server hostname (bind-address): '*'; port: 3306
2026-09-28T08:28:23.113983Z 0 [Note] IPv6 is available.
2026-09-28T08:28:23.114001Z 0 [Note]   - '::' resolves to '::';
2026-09-28T08:28:23.114015Z 0 [Note] Server socket created on IP: '::'.
2026-09-28T08:28:23.114494Z 0 [Warning] Insecure configuration for --pid-file: Location '/var/run/mysqld' in the path is accessible to all OS users. Consider choosing a different directory.
2026-09-28T08:28:23.124925Z 0 [Note] Event Scheduler: Loaded 0 events
2026-09-28T08:28:23.125248Z 0 [Note] mysqld: ready for connections.
Version: '5.7.44'  socket: '/var/run/mysqld/mysqld.sock'  port: 3306  MySQL Community Server (GPL)
2026-09-28T08:28:32.717553Z 2 [Note] Access denied for user 'root'@'localhost' (using password: NO)
2026-09-28T08:28:43.685066Z 3 [Note] Access denied for user 'root'@'localhost' (using password: NO)
2026-09-28T08:28:54.714297Z 4 [Note] Access denied for user 'root'@'localhost' (using password: NO)
2026-09-28T08:29:05.689453Z 5 [Note] Access denied for user 'root'@'localhost' (using password: NO)
2026-09-28T08:29:16.683623Z 6 [Note] Access denied for user 'root'@'localhost' (using password: NO)
2026-09-28T08:29:27.679199Z 7 [Note] Access denied for user 'root'@'localhost' (using password: NO)
2026-09-28T08:29:38.683457Z 8 [Note] Access denied for user 'root'@'localhost' (using password: NO)
2026-09-28T08:29:45.824202Z 0 [Note] Giving 0 client threads a chance to die gracefully
2026-09-28T08:29:45.824230Z 0 [Note] Shutting down slave threads
2026-09-28T08:29:45.824233Z 0 [Note] Forcefully disconnecting 0 remaining clients
2026-09-28T08:29:45.824238Z 0 [Note] Event Scheduler: Purging the queue. 0 events
2026-09-28T08:29:45.824262Z 0 [Note] Binlog end
2026-09-28T08:29:45.824567Z 0 [Note] Shutting down plugin 'ngram'
2026-09-28T08:29:45.824571Z 0 [Note] Shutting down plugin 'partition'
2026-09-28T08:29:45.824573Z 0 [Note] Shutting down plugin 'BLACKHOLE'
2026-09-28T08:29:45.824576Z 0 [Note] Shutting down plugin 'ARCHIVE'
2026-09-28T08:29:45.824578Z 0 [Note] Shutting down plugin 'PERFORMANCE_SCHEMA'
2026-09-28T08:29:45.824605Z 0 [Note] Shutting down plugin 'MRG_MYISAM'
2026-09-28T08:29:45.824608Z 0 [Note] Shutting down plugin 'MyISAM'
2026-09-28T08:29:45.824614Z 0 [Note] Shutting down plugin 'INNODB_SYS_VIRTUAL'
2026-09-28T08:29:45.824617Z 0 [Note] Shutting down plugin 'INNODB_SYS_DATAFILES'
2026-09-28T08:29:45.824619Z 0 [Note] Shutting down plugin 'INNODB_SYS_TABLESPACES'
2026-09-28T08:29:45.824621Z 0 [Note] Shutting down plugin 'INNODB_SYS_FOREIGN_COLS'
2026-09-28T08:29:45.824622Z 0 [Note] Shutting down plugin 'INNODB_SYS_FOREIGN'
2026-09-28T08:29:45.824624Z 0 [Note] Shutting down plugin 'INNODB_SYS_FIELDS'
2026-09-28T08:29:45.824626Z 0 [Note] Shutting down plugin 'INNODB_SYS_COLUMNS'
2026-09-28T08:29:45.824628Z 0 [Note] Shutting down plugin 'INNODB_SYS_INDEXES'
2026-09-28T08:29:45.824629Z 0 [Note] Shutting down plugin 'INNODB_SYS_TABLESTATS'
2026-09-28T08:29:45.824631Z 0 [Note] Shutting down plugin 'INNODB_SYS_TABLES'
2026-09-28T08:29:45.824633Z 0 [Note] Shutting down plugin 'INNODB_FT_INDEX_TABLE'
2026-09-28T08:29:45.824635Z 0 [Note] Shutting down plugin 'INNODB_FT_INDEX_CACHE'
2026-09-28T08:29:45.824636Z 0 [Note] Shutting down plugin 'INNODB_FT_CONFIG'
2026-09-28T08:29:45.824638Z 0 [Note] Shutting down plugin 'INNODB_FT_BEING_DELETED'
2026-09-28T08:29:45.824640Z 0 [Note] Shutting down plugin 'INNODB_FT_DELETED'
2026-09-28T08:29:45.824641Z 0 [Note] Shutting down plugin 'INNODB_FT_DEFAULT_STOPWORD'
2026-09-28T08:29:45.824643Z 0 [Note] Shutting down plugin 'INNODB_METRICS'
2026-09-28T08:29:45.824645Z 0 [Note] Shutting down plugin 'INNODB_TEMP_TABLE_INFO'
2026-09-28T08:29:45.824647Z 0 [Note] Shutting down plugin 'INNODB_BUFFER_POOL_STATS'
2026-09-28T08:29:45.824649Z 0 [Note] Shutting down plugin 'INNODB_BUFFER_PAGE_LRU'
2026-09-28T08:29:45.824650Z 0 [Note] Shutting down plugin 'INNODB_BUFFER_PAGE'
2026-09-28T08:29:45.824652Z 0 [Note] Shutting down plugin 'INNODB_CMP_PER_INDEX_RESET'
2026-09-28T08:29:45.824654Z 0 [Note] Shutting down plugin 'INNODB_CMP_PER_INDEX'
2026-09-28T08:29:45.824656Z 0 [Note] Shutting down plugin 'INNODB_CMPMEM_RESET'
2026-09-28T08:29:45.824657Z 0 [Note] Shutting down plugin 'INNODB_CMPMEM'
2026-09-28T08:29:45.824659Z 0 [Note] Shutting down plugin 'INNODB_CMP_RESET'
2026-09-28T08:29:45.824661Z 0 [Note] Shutting down plugin 'INNODB_CMP'
2026-09-28T08:29:45.824663Z 0 [Note] Shutting down plugin 'INNODB_LOCK_WAITS'
2026-09-28T08:29:45.824665Z 0 [Note] Shutting down plugin 'INNODB_LOCKS'
2026-09-28T08:29:45.824666Z 0 [Note] Shutting down plugin 'INNODB_TRX'
2026-09-28T08:29:45.824668Z 0 [Note] Shutting down plugin 'InnoDB'
2026-09-28T08:29:45.824706Z 0 [Note] InnoDB: FTS optimize thread exiting.
2026-09-28T08:29:45.824777Z 0 [Note] InnoDB: Starting shutdown...
2026-09-28T08:29:45.926112Z 0 [Note] InnoDB: Dumping buffer pool(s) to /var/lib/mysql/ib_buffer_pool
2026-09-28T08:29:45.926963Z 0 [Note] InnoDB: Buffer pool(s) dump completed at 260928 16:29:45
2026-09-28T08:29:46.933957Z 0 [Note] InnoDB: Shutdown completed; log sequence number 12243783
2026-09-28T08:29:46.935170Z 0 [Note] InnoDB: Removed temporary tablespace data file: "ibtmp1"
2026-09-28T08:29:46.935188Z 0 [Note] Shutting down plugin 'MEMORY'
2026-09-28T08:29:46.935193Z 0 [Note] Shutting down plugin 'CSV'
2026-09-28T08:29:46.935197Z 0 [Note] Shutting down plugin 'sha256_password'
2026-09-28T08:29:46.935199Z 0 [Note] Shutting down plugin 'mysql_native_password'
2026-09-28T08:29:46.935302Z 0 [Note] Shutting down plugin 'binlog'
2026-09-28T08:29:46.935885Z 0 [Note] mysqld: Shutdown complete

2026-09-28T08:29:59.880835Z 0 [Warning] TIMESTAMP with implicit DEFAULT value is deprecated. Please use --explicit_defaults_for_timestamp server option (see documentation for more details).
2026-09-28T08:29:59.881749Z 0 [Note] mysqld (mysqld 5.7.44) starting as process 1 ...
2026-09-28T08:29:59.884998Z 0 [Note] InnoDB: PUNCH HOLE support available
2026-09-28T08:29:59.885017Z 0 [Note] InnoDB: Mutexes and rw_locks use GCC atomic builtins
2026-09-28T08:29:59.885022Z 0 [Note] InnoDB: Uses event mutexes
2026-09-28T08:29:59.885025Z 0 [Note] InnoDB: GCC builtin __atomic_thread_fence() is used for memory barrier
2026-09-28T08:29:59.885028Z 0 [Note] InnoDB: Compressed tables use zlib 1.2.13
2026-09-28T08:29:59.885031Z 0 [Note] InnoDB: Using Linux native AIO
2026-09-28T08:29:59.885311Z 0 [Note] InnoDB: Number of pools: 1
2026-09-28T08:29:59.885456Z 0 [Note] InnoDB: Using CPU crc32 instructions
2026-09-28T08:29:59.887644Z 0 [Note] InnoDB: Initializing buffer pool, total size = 128M, instances = 1, chunk size = 128M
2026-09-28T08:29:59.893603Z 0 [Note] InnoDB: Completed initialization of buffer pool
2026-09-28T08:29:59.896374Z 0 [Note] InnoDB: If the mysqld execution user is authorized, page cleaner thread priority can be changed. See the man page of setpriority().
2026-09-28T08:29:59.911021Z 0 [Note] InnoDB: Highest supported file format is Barracuda.
2026-09-28T08:29:59.922340Z 0 [Note] InnoDB: Creating shared tablespace for temporary tables
2026-09-28T08:29:59.922420Z 0 [Note] InnoDB: Setting file './ibtmp1' size to 12 MB. Physically writing the file full; Please wait ...
2026-09-28T08:29:59.937195Z 0 [Note] InnoDB: File './ibtmp1' size is now 12 MB.
2026-09-28T08:29:59.937577Z 0 [Note] InnoDB: 96 redo rollback segment(s) found. 96 redo rollback segment(s) are active.
2026-09-28T08:29:59.937583Z 0 [Note] InnoDB: 32 non-redo rollback segment(s) are active.
2026-09-28T08:29:59.937933Z 0 [Note] InnoDB: Waiting for purge to start
2026-09-28T08:29:59.988583Z 0 [Note] InnoDB: 5.7.44 started; log sequence number 12243783
2026-09-28T08:29:59.988884Z 0 [Note] InnoDB: Loading buffer pool(s) from /var/lib/mysql/ib_buffer_pool
2026-09-28T08:29:59.988965Z 0 [Note] Plugin 'FEDERATED' is disabled.
2026-09-28T08:29:59.994332Z 0 [Note] Found ca.pem, server-cert.pem and server-key.pem in data directory. Trying to enable SSL support using them.
2026-09-28T08:29:59.994348Z 0 [Note] Skipping generation of SSL certificates as certificate files are present in data directory.
2026-09-28T08:29:59.994352Z 0 [Warning] A deprecated TLS version TLSv1 is enabled. Please use TLSv1.2 or higher.
2026-09-28T08:29:59.994354Z 0 [Warning] A deprecated TLS version TLSv1.1 is enabled. Please use TLSv1.2 or higher.
2026-09-28T08:29:59.994805Z 0 [Warning] CA certificate ca.pem is self signed.
2026-09-28T08:29:59.994834Z 0 [Note] Skipping generation of RSA key pair as key files are present in data directory.
2026-09-28T08:29:59.995168Z 0 [Note] Server hostname (bind-address): '*'; port: 3306
2026-09-28T08:29:59.995282Z 0 [Note] IPv6 is available.
2026-09-28T08:29:59.995295Z 0 [Note]   - '::' resolves to '::';
2026-09-28T08:29:59.995314Z 0 [Note] Server socket created on IP: '::'.
2026-09-28T08:29:59.995606Z 0 [Note] InnoDB: Buffer pool(s) load completed at 260928 16:29:59
2026-09-28T08:29:59.995927Z 0 [Warning] Insecure configuration for --pid-file: Location '/var/run/mysqld' in the path is accessible to all OS users. Consider choosing a different directory.
2026-09-28T08:30:00.002214Z 0 [Note] Event Scheduler: Loaded 0 events
2026-09-28T08:30:00.002534Z 0 [Note] mysqld: ready for connections.
Version: '5.7.44'  socket: '/var/run/mysqld/mysqld.sock'  port: 3306  MySQL Community Server (GPL)
2026-09-28T08:30:09.688892Z 2 [Note] Access denied for user 'root'@'localhost' (using password: NO)
2026-09-28T08:30:20.702466Z 3 [Note] Access denied for user 'root'@'localhost' (using password: NO)
2026-09-28T08:30:31.687846Z 4 [Note] Access denied for user 'root'@'localhost' (using password: NO)
2026-09-28T08:30:42.688714Z 5 [Note] Access denied for user 'root'@'localhost' (using password: NO)
2026-09-28T08:30:53.679210Z 6 [Note] Access denied for user 'root'@'localhost' (using password: NO)
2026-09-28T08:31:04.673894Z 7 [Note] Access denied for user 'root'@'localhost' (using password: NO)
2026-09-28T08:31:15.684638Z 8 [Note] Access denied for user 'root'@'localhost' (using password: NO)
2026-09-28T08:31:26.683387Z 9 [Note] Access denied for user 'root'@'localhost' (using password: NO)
2026-09-28T08:31:37.681413Z 10 [Note] Access denied for user 'root'@'localhost' (using password: NO)
2026-09-28T08:31:48.681040Z 11 [Note] Access denied for user 'root'@'localhost' (using password: NO)
2026-09-28T08:31:59.687641Z 12 [Note] Access denied for user 'root'@'localhost' (using password: NO)
2026-09-28T08:32:10.691800Z 13 [Note] Access denied for user 'root'@'localhost' (using password: NO)
2026-09-28T08:32:21.690034Z 14 [Note] Access denied for user 'root'@'localhost' (using password: NO)
2026-09-28T08:32:32.678968Z 15 [Note] Access denied for user 'root'@'localhost' (using password: NO)
2026-09-28T08:32:43.701470Z 16 [Note] Access denied for user 'root'@'localhost' (using password: NO)
2026-09-28T08:32:54.680736Z 17 [Note] Access denied for user 'root'@'localhost' (using password: NO)
2026-09-28T08:33:05.673563Z 18 [Note] Access denied for user 'root'@'localhost' (using password: NO)
2026-09-28T08:33:16.679139Z 19 [Note] Access denied for user 'root'@'localhost' (using password: NO)
2026-09-28T08:33:27.684848Z 20 [Note] Access denied for user 'root'@'localhost' (using password: NO)
2026-09-28T08:33:38.686043Z 21 [Note] Access denied for user 'root'@'localhost' (using password: NO)
2026-09-28T08:33:49.695592Z 22 [Note] Access denied for user 'root'@'localhost' (using password: NO)
2026-09-28T08:34:00.694448Z 23 [Note] Access denied for user 'root'@'localhost' (using password: NO)
2026-09-28T08:34:11.684301Z 24 [Note] Access denied for user 'root'@'localhost' (using password: NO)
2026-09-28T08:34:22.678674Z 25 [Note] Access denied for user 'root'@'localhost' (using password: NO)
2026-09-28T08:34:33.686113Z 26 [Note] Access denied for user 'root'@'localhost' (using password: NO)
2026-09-28T08:34:44.688023Z 27 [Note] Access denied for user 'root'@'localhost' (using password: NO)
2026-09-28T08:34:55.694159Z 28 [Note] Access denied for user 'root'@'localhost' (using password: NO)
2026-09-28T08:35:06.683834Z 29 [Note] Access denied for user 'root'@'localhost' (using password: NO)
2026-09-28T08:35:17.683903Z 30 [Note] Access denied for user 'root'@'localhost' (using password: NO)
2026-09-28T08:35:28.683584Z 31 [Note] Access denied for user 'root'@'localhost' (using password: NO)
2026-09-28T08:35:39.706661Z 32 [Note] Access denied for user 'root'@'localhost' (using password: NO)
2026-09-28T08:35:50.686084Z 33 [Note] Access denied for user 'root'@'localhost' (using password: NO)
2026-09-28T08:36:01.679661Z 34 [Note] Access denied for user 'root'@'localhost' (using password: NO)
2026-09-28T08:36:12.686915Z 35 [Note] Access denied for user 'root'@'localhost' (using password: NO)
2026-09-28T08:36:23.700956Z 36 [Note] Access denied for user 'root'@'localhost' (using password: NO)
2026-09-28T08:36:34.692241Z 37 [Note] Access denied for user 'root'@'localhost' (using password: NO)
2026-09-28T08:36:45.688217Z 38 [Note] Access denied for user 'root'@'localhost' (using password: NO)
2026-09-28T08:36:56.691263Z 39 [Note] Access denied for user 'root'@'localhost' (using password: NO)
2026-09-28T08:37:07.687329Z 40 [Note] Access denied for user 'root'@'localhost' (using password: NO)
2026-09-28T08:37:18.683290Z 41 [Note] Access denied for user 'root'@'localhost' (using password: NO)
2026-09-28T08:37:29.699184Z 42 [Note] Access denied for user 'root'@'localhost' (using password: NO)
2026-09-28T08:37:40.692617Z 43 [Note] Access denied for user 'root'@'localhost' (using password: NO)
2026-09-28T08:37:51.688660Z 44 [Note] Access denied for user 'root'@'localhost' (using password: NO)
2026-09-28T08:38:02.686723Z 45 [Note] Access denied for user 'root'@'localhost' (using password: NO)
2026-09-28T08:38:13.681351Z 46 [Note] Access denied for user 'root'@'localhost' (using password: NO)
2026-09-28T08:38:24.685953Z 47 [Note] Access denied for user 'root'@'localhost' (using password: NO)
2026-09-28T08:38:35.687858Z 48 [Note] Access denied for user 'root'@'localhost' (using password: NO)
2026-09-28T08:38:46.695354Z 49 [Note] Access denied for user 'root'@'localhost' (using password: NO)
2026-09-28T08:38:57.686274Z 50 [Note] Access denied for user 'root'@'localhost' (using password: NO)
2026-09-28T08:39:08.676503Z 51 [Note] Access denied for user 'root'@'localhost' (using password: NO)
2026-09-28T08:39:19.687672Z 52 [Note] Access denied for user 'root'@'localhost' (using password: NO)
2026-09-28T08:39:30.692088Z 53 [Note] Access denied for user 'root'@'localhost' (using password: NO)
2026-09-28T08:39:41.685524Z 56 [Note] Access denied for user 'root'@'localhost' (using password: NO)
2026-09-28T08:39:52.691614Z 57 [Note] Access denied for user 'root'@'localhost' (using password: NO)
2026-09-28T08:40:03.687563Z 58 [Note] Access denied for user 'root'@'localhost' (using password: NO)
2026-09-28T08:40:14.684031Z 59 [Note] Access denied for user 'root'@'localhost' (using password: NO)
2026-09-28T08:40:25.679929Z 60 [Note] Access denied for user 'root'@'localhost' (using password: NO)
2026-09-28T08:40:36.692402Z 61 [Note] Access denied for user 'root'@'localhost' (using password: NO)
2026-09-28T08:40:47.677092Z 62 [Note] Access denied for user 'root'@'localhost' (using password: NO)
2026-09-28T08:40:58.692428Z 63 [Note] Access denied for user 'root'@'localhost' (using password: NO)
2026-09-28T08:41:09.702285Z 64 [Note] Access denied for user 'root'@'localhost' (using password: NO)
2026-09-28T08:41:20.706094Z 65 [Note] Access denied for user 'root'@'localhost' (using password: NO)
2026-09-28T08:41:31.713428Z 66 [Note] Access denied for user 'root'@'localhost' (using password: NO)
2026-09-28T08:41:42.687681Z 67 [Note] Access denied for user 'root'@'localhost' (using password: NO)
2026-09-28T08:41:53.687270Z 68 [Note] Access denied for user 'root'@'localhost' (using password: NO)
2026-09-28T08:42:04.697795Z 69 [Note] Access denied for user 'root'@'localhost' (using password: NO)
2026-09-28T08:42:15.681867Z 70 [Note] Access denied for user 'root'@'localhost' (using password: NO)
2026-09-28T08:42:26.701137Z 71 [Note] Access denied for user 'root'@'localhost' (using password: NO)
2026-09-28T08:42:37.685701Z 72 [Note] Access denied for user 'root'@'localhost' (using password: NO)
2026-09-28T08:42:48.684587Z 73 [Note] Access denied for user 'root'@'localhost' (using password: NO)
2026-09-28T08:42:59.696622Z 74 [Note] Access denied for user 'root'@'localhost' (using password: NO)
2026-09-28T08:43:10.687079Z 75 [Note] Access denied for user 'root'@'localhost' (using password: NO)
2026-09-28T08:43:21.685395Z 76 [Note] Access denied for user 'root'@'localhost' (using password: NO)
2026-09-28T08:43:32.733699Z 77 [Note] Access denied for user 'root'@'localhost' (using password: NO)
2026-09-28T08:43:43.692343Z 78 [Note] Access denied for user 'root'@'localhost' (using password: NO)
2026-09-28T08:43:54.685010Z 79 [Note] Access denied for user 'root'@'localhost' (using password: NO)
2026-09-28T08:44:05.714500Z 80 [Note] Access denied for user 'root'@'localhost' (using password: NO)
2026-09-28T08:44:16.696130Z 81 [Note] Access denied for user 'root'@'localhost' (using password: NO)
2026-09-28T08:44:27.692566Z 82 [Note] Access denied for user 'root'@'localhost' (using password: NO)
2026-09-28T08:44:38.685516Z 83 [Note] Access denied for user 'root'@'localhost' (using password: NO)
2026-09-28T08:44:49.691594Z 84 [Note] Access denied for user 'root'@'localhost' (using password: NO)
2026-09-28T08:45:00.693148Z 85 [Note] Access denied for user 'root'@'localhost' (using password: NO)
2026-09-28T08:45:11.694129Z 86 [Note] Access denied for user 'root'@'localhost' (using password: NO)
2026-09-28T08:45:22.686800Z 87 [Note] Access denied for user 'root'@'localhost' (using password: NO)
2026-09-28T08:45:33.672991Z 88 [Note] Access denied for user 'root'@'localhost' (using password: NO)
2026-09-28T08:45:44.693544Z 89 [Note] Access denied for user 'root'@'localhost' (using password: NO)
2026-09-28T08:45:55.681088Z 90 [Note] Access denied for user 'root'@'localhost' (using password: NO)
2026-09-28T08:46:06.685094Z 91 [Note] Access denied for user 'root'@'localhost' (using password: NO)
2026-09-28T08:46:17.689941Z 92 [Note] Access denied for user 'root'@'localhost' (using password: NO)
2026-09-28T08:46:28.694247Z 93 [Note] Access denied for user 'root'@'localhost' (using password: NO)
2026-09-28T08:46:39.689455Z 94 [Note] Access denied for user 'root'@'localhost' (using password: NO)
2026-09-28T08:46:50.822313Z 95 [Note] Access denied for user 'root'@'localhost' (using password: NO)
2026-09-28T08:47:01.742615Z 96 [Note] Access denied for user 'root'@'localhost' (using password: NO)
2026-09-28T08:47:12.688563Z 97 [Note] Access denied for user 'root'@'localhost' (using password: NO)
2026-09-28T08:47:23.712368Z 98 [Note] Access denied for user 'root'@'localhost' (using password: NO)
2026-09-28T08:47:34.700101Z 99 [Note] Access denied for user 'root'@'localhost' (using password: NO)
2026-09-28T08:47:45.712683Z 100 [Note] Access denied for user 'root'@'localhost' (using password: NO)
2026-09-28T08:47:56.689129Z 101 [Note] Access denied for user 'root'@'localhost' (using password: NO)
2026-09-28T08:48:07.687170Z 102 [Note] Access denied for user 'root'@'localhost' (using password: NO)
2026-09-28T08:48:18.684257Z 103 [Note] Access denied for user 'root'@'localhost' (using password: NO)
2026-09-28T08:48:29.695000Z 104 [Note] Access denied for user 'root'@'localhost' (using password: NO)
2026-09-28T08:48:40.693388Z 105 [Note] Access denied for user 'root'@'localhost' (using password: NO)
2026-09-28T08:48:51.704993Z 106 [Note] Access denied for user 'root'@'localhost' (using password: NO)
2026-09-28T08:49:02.690348Z 107 [Note] Access denied for user 'root'@'localhost' (using password: NO)
2026-09-28T08:49:08.144959Z 0 [Note] Giving 2 client threads a chance to die gracefully
2026-09-28T08:49:08.144989Z 0 [Note] Shutting down slave threads
2026-09-28T08:49:10.145284Z 0 [Note] Forcefully disconnecting 2 remaining clients
2026-09-28T08:49:10.145352Z 0 [Warning] mysqld: Forcing close of thread 54  user: 'otel'

2026-09-28T08:49:10.145484Z 0 [Warning] mysqld: Forcing close of thread 55  user: 'otel'

2026-09-28T08:49:10.145545Z 0 [Note] Event Scheduler: Purging the queue. 0 events
2026-09-28T08:49:10.145814Z 0 [Note] Binlog end
2026-09-28T08:49:10.146319Z 0 [Note] Shutting down plugin 'ngram'
2026-09-28T08:49:10.146330Z 0 [Note] Shutting down plugin 'partition'
2026-09-28T08:49:10.146333Z 0 [Note] Shutting down plugin 'BLACKHOLE'
2026-09-28T08:49:10.146336Z 0 [Note] Shutting down plugin 'ARCHIVE'
2026-09-28T08:49:10.146338Z 0 [Note] Shutting down plugin 'PERFORMANCE_SCHEMA'
2026-09-28T08:49:10.146366Z 0 [Note] Shutting down plugin 'MRG_MYISAM'
2026-09-28T08:49:10.146369Z 0 [Note] Shutting down plugin 'MyISAM'
2026-09-28T08:49:10.146376Z 0 [Note] Shutting down plugin 'INNODB_SYS_VIRTUAL'
2026-09-28T08:49:10.146379Z 0 [Note] Shutting down plugin 'INNODB_SYS_DATAFILES'
2026-09-28T08:49:10.146381Z 0 [Note] Shutting down plugin 'INNODB_SYS_TABLESPACES'
2026-09-28T08:49:10.146383Z 0 [Note] Shutting down plugin 'INNODB_SYS_FOREIGN_COLS'
2026-09-28T08:49:10.146385Z 0 [Note] Shutting down plugin 'INNODB_SYS_FOREIGN'
2026-09-28T08:49:10.146387Z 0 [Note] Shutting down plugin 'INNODB_SYS_FIELDS'
2026-09-28T08:49:10.146389Z 0 [Note] Shutting down plugin 'INNODB_SYS_COLUMNS'
2026-09-28T08:49:10.146390Z 0 [Note] Shutting down plugin 'INNODB_SYS_INDEXES'
2026-09-28T08:49:10.146392Z 0 [Note] Shutting down plugin 'INNODB_SYS_TABLESTATS'
2026-09-28T08:49:10.146394Z 0 [Note] Shutting down plugin 'INNODB_SYS_TABLES'
2026-09-28T08:49:10.146396Z 0 [Note] Shutting down plugin 'INNODB_FT_INDEX_TABLE'
2026-09-28T08:49:10.146398Z 0 [Note] Shutting down plugin 'INNODB_FT_INDEX_CACHE'
2026-09-28T08:49:10.146399Z 0 [Note] Shutting down plugin 'INNODB_FT_CONFIG'
2026-09-28T08:49:10.146411Z 0 [Note] Shutting down plugin 'INNODB_FT_BEING_DELETED'
2026-09-28T08:49:10.146413Z 0 [Note] Shutting down plugin 'INNODB_FT_DELETED'
2026-09-28T08:49:10.146415Z 0 [Note] Shutting down plugin 'INNODB_FT_DEFAULT_STOPWORD'
2026-09-28T08:49:10.146417Z 0 [Note] Shutting down plugin 'INNODB_METRICS'
2026-09-28T08:49:10.146419Z 0 [Note] Shutting down plugin 'INNODB_TEMP_TABLE_INFO'
2026-09-28T08:49:10.146421Z 0 [Note] Shutting down plugin 'INNODB_BUFFER_POOL_STATS'
2026-09-28T08:49:10.146423Z 0 [Note] Shutting down plugin 'INNODB_BUFFER_PAGE_LRU'
2026-09-28T08:49:10.146425Z 0 [Note] Shutting down plugin 'INNODB_BUFFER_PAGE'
2026-09-28T08:49:10.146427Z 0 [Note] Shutting down plugin 'INNODB_CMP_PER_INDEX_RESET'
2026-09-28T08:49:10.146429Z 0 [Note] Shutting down plugin 'INNODB_CMP_PER_INDEX'
2026-09-28T08:49:10.146431Z 0 [Note] Shutting down plugin 'INNODB_CMPMEM_RESET'
2026-09-28T08:49:10.146433Z 0 [Note] Shutting down plugin 'INNODB_CMPMEM'
2026-09-28T08:49:10.146435Z 0 [Note] Shutting down plugin 'INNODB_CMP_RESET'
2026-09-28T08:49:10.146437Z 0 [Note] Shutting down plugin 'INNODB_CMP'
2026-09-28T08:49:10.146439Z 0 [Note] Shutting down plugin 'INNODB_LOCK_WAITS'
2026-09-28T08:49:10.146441Z 0 [Note] Shutting down plugin 'INNODB_LOCKS'
2026-09-28T08:49:10.146442Z 0 [Note] Shutting down plugin 'INNODB_TRX'
2026-09-28T08:49:10.146445Z 0 [Note] Shutting down plugin 'InnoDB'
2026-09-28T08:49:10.146552Z 0 [Note] InnoDB: FTS optimize thread exiting.
2026-09-28T08:49:10.146792Z 0 [Note] InnoDB: Starting shutdown...
2026-09-28T08:49:10.247587Z 0 [Note] InnoDB: Dumping buffer pool(s) to /var/lib/mysql/ib_buffer_pool
2026-09-28T08:49:10.248327Z 0 [Note] InnoDB: Buffer pool(s) dump completed at 260928 16:49:10
2026-09-28T08:49:11.357785Z 0 [Note] InnoDB: Shutdown completed; log sequence number 12243811
2026-09-28T08:49:11.359855Z 0 [Note] InnoDB: Removed temporary tablespace data file: "ibtmp1"
2026-09-28T08:49:11.359881Z 0 [Note] Shutting down plugin 'MEMORY'
2026-09-28T08:49:11.359886Z 0 [Note] Shutting down plugin 'CSV'
2026-09-28T08:49:11.359890Z 0 [Note] Shutting down plugin 'sha256_password'
2026-09-28T08:49:11.359892Z 0 [Note] Shutting down plugin 'mysql_native_password'
2026-09-28T08:49:11.360078Z 0 [Note] Shutting down plugin 'binlog'
2026-09-28T08:49:11.360631Z 0 [Note] mysqld: Shutdown complete

2026-09-28T08:49:21.427330Z 0 [Warning] TIMESTAMP with implicit DEFAULT value is deprecated. Please use --explicit_defaults_for_timestamp server option (see documentation for more details).
2026-09-28T08:49:21.428300Z 0 [Note] mysqld (mysqld 5.7.44) starting as process 1 ...
2026-09-28T08:49:21.431377Z 0 [Note] InnoDB: PUNCH HOLE support available
2026-09-28T08:49:21.431399Z 0 [Note] InnoDB: Mutexes and rw_locks use GCC atomic builtins
2026-09-28T08:49:21.431402Z 0 [Note] InnoDB: Uses event mutexes
2026-09-28T08:49:21.431405Z 0 [Note] InnoDB: GCC builtin __atomic_thread_fence() is used for memory barrier
2026-09-28T08:49:21.431408Z 0 [Note] InnoDB: Compressed tables use zlib 1.2.13
2026-09-28T08:49:21.431410Z 0 [Note] InnoDB: Using Linux native AIO
2026-09-28T08:49:21.431618Z 0 [Note] InnoDB: Number of pools: 1
2026-09-28T08:49:21.431781Z 0 [Note] InnoDB: Using CPU crc32 instructions
2026-09-28T08:49:21.433815Z 0 [Note] InnoDB: Initializing buffer pool, total size = 128M, instances = 1, chunk size = 128M
2026-09-28T08:49:21.439560Z 0 [Note] InnoDB: Completed initialization of buffer pool
2026-09-28T08:49:21.441895Z 0 [Note] InnoDB: If the mysqld execution user is authorized, page cleaner thread priority can be changed. See the man page of setpriority().
2026-09-28T08:49:21.455433Z 0 [Note] InnoDB: Highest supported file format is Barracuda.
2026-09-28T08:49:21.461555Z 0 [Note] InnoDB: Creating shared tablespace for temporary tables
2026-09-28T08:49:21.461614Z 0 [Note] InnoDB: Setting file './ibtmp1' size to 12 MB. Physically writing the file full; Please wait ...
2026-09-28T08:49:21.475697Z 0 [Note] InnoDB: File './ibtmp1' size is now 12 MB.
2026-09-28T08:49:21.476113Z 0 [Note] InnoDB: 96 redo rollback segment(s) found. 96 redo rollback segment(s) are active.
2026-09-28T08:49:21.476235Z 0 [Note] InnoDB: 32 non-redo rollback segment(s) are active.
2026-09-28T08:49:21.476658Z 0 [Note] InnoDB: Waiting for purge to start
2026-09-28T08:49:21.527005Z 0 [Note] InnoDB: 5.7.44 started; log sequence number 12243811
2026-09-28T08:49:21.527454Z 0 [Note] InnoDB: Loading buffer pool(s) from /var/lib/mysql/ib_buffer_pool
2026-09-28T08:49:21.527532Z 0 [Note] Plugin 'FEDERATED' is disabled.
2026-09-28T08:49:21.532869Z 0 [Note] InnoDB: Buffer pool(s) load completed at 260928 16:49:21
2026-09-28T08:49:21.532972Z 0 [Note] Found ca.pem, server-cert.pem and server-key.pem in data directory. Trying to enable SSL support using them.
2026-09-28T08:49:21.532979Z 0 [Note] Skipping generation of SSL certificates as certificate files are present in data directory.
2026-09-28T08:49:21.532983Z 0 [Warning] A deprecated TLS version TLSv1 is enabled. Please use TLSv1.2 or higher.
2026-09-28T08:49:21.532985Z 0 [Warning] A deprecated TLS version TLSv1.1 is enabled. Please use TLSv1.2 or higher.
2026-09-28T08:49:21.533787Z 0 [Warning] CA certificate ca.pem is self signed.
2026-09-28T08:49:21.533811Z 0 [Note] Skipping generation of RSA key pair as key files are present in data directory.
2026-09-28T08:49:21.534352Z 0 [Note] Server hostname (bind-address): '*'; port: 3306
2026-09-28T08:49:21.534385Z 0 [Note] IPv6 is available.
2026-09-28T08:49:21.534394Z 0 [Note]   - '::' resolves to '::';
2026-09-28T08:49:21.534404Z 0 [Note] Server socket created on IP: '::'.
2026-09-28T08:49:21.535129Z 0 [Warning] Insecure configuration for --pid-file: Location '/var/run/mysqld' in the path is accessible to all OS users. Consider choosing a different directory.
2026-09-28T08:49:21.563582Z 0 [Note] Event Scheduler: Loaded 0 events
2026-09-28T08:49:21.563957Z 0 [Note] mysqld: ready for connections.
Version: '5.7.44'  socket: '/var/run/mysqld/mysqld.sock'  port: 3306  MySQL Community Server (GPL)
2026-09-28T08:49:31.687072Z 4 [Note] Access denied for user 'root'@'localhost' (using password: NO)
2026-09-28T08:49:42.687737Z 5 [Note] Access denied for user 'root'@'localhost' (using password: NO)
2026-09-28T08:49:53.678174Z 6 [Note] Access denied for user 'root'@'localhost' (using password: NO)
2026-09-28T08:50:04.682827Z 7 [Note] Access denied for user 'root'@'localhost' (using password: NO)
2026-09-28T08:50:15.684854Z 8 [Note] Access denied for user 'root'@'localhost' (using password: NO)
2026-09-28T08:50:26.680190Z 9 [Note] Access denied for user 'root'@'localhost' (using password: NO)
2026-09-28T08:50:37.703907Z 10 [Note] Access denied for user 'root'@'localhost' (using password: NO)
2026-09-28T08:50:48.691595Z 11 [Note] Access denied for user 'root'@'localhost' (using password: NO)
2026-09-28T08:50:59.679266Z 12 [Note] Access denied for user 'root'@'localhost' (using password: NO)
2026-09-28T08:51:10.680251Z 13 [Note] Access denied for user 'root'@'localhost' (using password: NO)
2026-09-28T08:51:21.694758Z 14 [Note] Access denied for user 'root'@'localhost' (using password: NO)
2026-09-28T08:51:32.690586Z 15 [Note] Access denied for user 'root'@'localhost' (using password: NO)
2026-09-28T08:51:43.683276Z 16 [Note] Access denied for user 'root'@'localhost' (using password: NO)
2026-09-28T08:51:54.686038Z 17 [Note] Access denied for user 'root'@'localhost' (using password: NO)
2026-09-28T08:52:05.677836Z 18 [Note] Access denied for user 'root'@'localhost' (using password: NO)
2026-09-28T08:52:16.710589Z 19 [Note] Access denied for user 'root'@'localhost' (using password: NO)
2026-09-28T08:52:27.697456Z 20 [Note] Access denied for user 'root'@'localhost' (using password: NO)
2026-09-28T08:52:38.696403Z 21 [Note] Access denied for user 'root'@'localhost' (using password: NO)
2026-09-28T08:52:49.690547Z 22 [Note] Access denied for user 'root'@'localhost' (using password: NO)
2026-09-28T08:53:00.682184Z 23 [Note] Access denied for user 'root'@'localhost' (using password: NO)
2026-09-28T08:53:11.682956Z 24 [Note] Access denied for user 'root'@'localhost' (using password: NO)
2026-09-28T08:53:22.679211Z 25 [Note] Access denied for user 'root'@'localhost' (using password: NO)
2026-09-28T08:53:33.676453Z 26 [Note] Access denied for user 'root'@'localhost' (using password: NO)
2026-09-28T08:53:44.676935Z 27 [Note] Access denied for user 'root'@'localhost' (using password: NO)
2026-09-28T08:53:55.685195Z 28 [Note] Access denied for user 'root'@'localhost' (using password: NO)
2026-09-28T08:54:06.683698Z 29 [Note] Access denied for user 'root'@'localhost' (using password: NO)
2026-09-28T08:54:17.690508Z 30 [Note] Access denied for user 'root'@'localhost' (using password: NO)
2026-09-28T08:54:28.688753Z 31 [Note] Access denied for user 'root'@'localhost' (using password: NO)
2026-09-28T08:54:39.687896Z 32 [Note] Access denied for user 'root'@'localhost' (using password: NO)
2026-09-28T08:54:50.675354Z 33 [Note] Access denied for user 'root'@'localhost' (using password: NO)
2026-09-28T08:55:01.687892Z 34 [Note] Access denied for user 'root'@'localhost' (using password: NO)
2026-09-28T08:55:12.690751Z 35 [Note] Access denied for user 'root'@'localhost' (using password: NO)
2026-09-28T08:55:23.684990Z 36 [Note] Access denied for user 'root'@'localhost' (using password: NO)
2026-09-28T08:55:34.685916Z 37 [Note] Access denied for user 'root'@'localhost' (using password: NO)
2026-09-28T08:55:45.691225Z 38 [Note] Access denied for user 'root'@'localhost' (using password: NO)
2026-09-28T08:55:56.699345Z 39 [Note] Access denied for user 'root'@'localhost' (using password: NO)
2026-09-28T08:56:07.689683Z 40 [Note] Access denied for user 'root'@'localhost' (using password: NO)
2026-09-28T08:56:18.683823Z 41 [Note] Access denied for user 'root'@'localhost' (using password: NO)
2026-09-28T08:56:29.690346Z 42 [Note] Access denied for user 'root'@'localhost' (using password: NO)
2026-09-28T08:56:40.692487Z 43 [Note] Access denied for user 'root'@'localhost' (using password: NO)
2026-09-28T08:56:51.683495Z 44 [Note] Access denied for user 'root'@'localhost' (using password: NO)
2026-09-28T08:57:02.682246Z 45 [Note] Access denied for user 'root'@'localhost' (using password: NO)
2026-09-28T08:57:13.690431Z 46 [Note] Access denied for user 'root'@'localhost' (using password: NO)
2026-09-28T08:57:24.704583Z 47 [Note] Access denied for user 'root'@'localhost' (using password: NO)
2026-09-28T08:57:35.681765Z 48 [Note] Access denied for user 'root'@'localhost' (using password: NO)
2026-09-28T08:57:46.681161Z 49 [Note] Access denied for user 'root'@'localhost' (using password: NO)
2026-09-28T08:57:57.685953Z 50 [Note] Access denied for user 'root'@'localhost' (using password: NO)
2026-09-28T08:58:08.693771Z 51 [Note] Access denied for user 'root'@'localhost' (using password: NO)
2026-09-28T08:58:19.683381Z 52 [Note] Access denied for user 'root'@'localhost' (using password: NO)
2026-09-28T08:58:30.707663Z 53 [Note] Access denied for user 'root'@'localhost' (using password: NO)
2026-09-28T08:58:41.688690Z 54 [Note] Access denied for user 'root'@'localhost' (using password: NO)
2026-09-28T08:58:52.689326Z 55 [Note] Access denied for user 'root'@'localhost' (using password: NO)
2026-09-28T08:59:03.693665Z 56 [Note] Access denied for user 'root'@'localhost' (using password: NO)
2026-09-28T08:59:14.685578Z 57 [Note] Access denied for user 'root'@'localhost' (using password: NO)
2026-09-28T08:59:25.715289Z 58 [Note] Access denied for user 'root'@'localhost' (using password: NO)
2026-09-28T08:59:36.682919Z 59 [Note] Access denied for user 'root'@'localhost' (using password: NO)
2026-09-28T08:59:47.702841Z 60 [Note] Access denied for user 'root'@'localhost' (using password: NO)
2026-09-28T08:59:58.694616Z 61 [Note] Access denied for user 'root'@'localhost' (using password: NO)
2026-09-28T09:00:09.684832Z 62 [Note] Access denied for user 'root'@'localhost' (using password: NO)
2026-09-28T09:00:20.692737Z 63 [Note] Access denied for user 'root'@'localhost' (using password: NO)
2026-09-28T09:00:31.679021Z 64 [Note] Access denied for user 'root'@'localhost' (using password: NO)
2026-09-28T09:00:42.680400Z 65 [Note] Access denied for user 'root'@'localhost' (using password: NO)
2026-09-28T09:00:53.680008Z 66 [Note] Access denied for user 'root'@'localhost' (using password: NO)
2026-09-28T09:01:04.702145Z 67 [Note] Access denied for user 'root'@'localhost' (using password: NO)
2026-09-28T09:01:15.681374Z 68 [Note] Access denied for user 'root'@'localhost' (using password: NO)
2026-09-28T09:01:26.759219Z 69 [Note] Access denied for user 'root'@'localhost' (using password: NO)
2026-09-28T09:01:37.688433Z 70 [Note] Access denied for user 'root'@'localhost' (using password: NO)
2026-09-28T09:01:48.686139Z 71 [Note] Access denied for user 'root'@'localhost' (using password: NO)
2026-09-28T09:01:59.689262Z 72 [Note] Access denied for user 'root'@'localhost' (using password: NO)
2026-09-28T09:02:10.706152Z 73 [Note] Access denied for user 'root'@'localhost' (using password: NO)
2026-09-28T09:02:21.693860Z 74 [Note] Access denied for user 'root'@'localhost' (using password: NO)
2026-09-28T09:02:32.694287Z 75 [Note] Access denied for user 'root'@'localhost' (using password: NO)
2026-09-28T09:02:43.679358Z 76 [Note] Access denied for user 'root'@'localhost' (using password: NO)
2026-09-28T09:02:54.685073Z 77 [Note] Access denied for user 'root'@'localhost' (using password: NO)
2026-09-28T09:03:05.693692Z 78 [Note] Access denied for user 'root'@'localhost' (using password: NO)
2026-09-28T09:03:16.690162Z 79 [Note] Access denied for user 'root'@'localhost' (using password: NO)
2026-09-28T09:03:27.704222Z 80 [Note] Access denied for user 'root'@'localhost' (using password: NO)
2026-09-28T09:03:38.749842Z 81 [Note] Access denied for user 'root'@'localhost' (using password: NO)
2026-09-28T09:03:49.698526Z 82 [Note] Access denied for user 'root'@'localhost' (using password: NO)
2026-09-28T09:04:00.697332Z 83 [Note] Access denied for user 'root'@'localhost' (using password: NO)
2026-09-28T09:04:11.675479Z 84 [Note] Access denied for user 'root'@'localhost' (using password: NO)
2026-09-28T09:04:22.687190Z 85 [Note] Access denied for user 'root'@'localhost' (using password: NO)
2026-09-28T09:04:33.696927Z 86 [Note] Access denied for user 'root'@'localhost' (using password: NO)
2026-09-28T09:04:44.678343Z 87 [Note] Access denied for user 'root'@'localhost' (using password: NO)
2026-09-28T09:04:55.682119Z 88 [Note] Access denied for user 'root'@'localhost' (using password: NO)
2026-09-28T09:05:06.690616Z 89 [Note] Access denied for user 'root'@'localhost' (using password: NO)
2026-09-28T09:05:17.701841Z 90 [Note] Access denied for user 'root'@'localhost' (using password: NO)
2026-09-28T09:05:28.688612Z 91 [Note] Access denied for user 'root'@'localhost' (using password: NO)
2026-09-28T09:05:39.688319Z 92 [Note] Access denied for user 'root'@'localhost' (using password: NO)
2026-09-28T09:05:50.679296Z 93 [Note] Access denied for user 'root'@'localhost' (using password: NO)
2026-09-28T09:06:01.712402Z 94 [Note] Access denied for user 'root'@'localhost' (using password: NO)
2026-09-28T09:06:12.693750Z 95 [Note] Access denied for user 'root'@'localhost' (using password: NO)
2026-09-28T09:06:23.694491Z 96 [Note] Access denied for user 'root'@'localhost' (using password: NO)
2026-09-28T09:06:34.703817Z 97 [Note] Access denied for user 'root'@'localhost' (using password: NO)
2026-09-28T09:06:45.687904Z 98 [Note] Access denied for user 'root'@'localhost' (using password: NO)
2026-09-28T09:06:56.706062Z 99 [Note] Access denied for user 'root'@'localhost' (using password: NO)
2026-09-28T09:07:07.700198Z 100 [Note] Access denied for user 'root'@'localhost' (using password: NO)
2026-09-28T09:07:18.677432Z 101 [Note] Access denied for user 'root'@'localhost' (using password: NO)
2026-09-28T09:07:29.678695Z 102 [Note] Access denied for user 'root'@'localhost' (using password: NO)
2026-09-28T09:07:40.678800Z 103 [Note] Access denied for user 'root'@'localhost' (using password: NO)
2026-09-28T09:07:51.691391Z 104 [Note] Access denied for user 'root'@'localhost' (using password: NO)
2026-09-28T09:08:02.688413Z 105 [Note] Access denied for user 'root'@'localhost' (using password: NO)
2026-09-28T09:08:13.687237Z 106 [Note] Access denied for user 'root'@'localhost' (using password: NO)
2026-09-28T09:08:24.685468Z 107 [Note] Access denied for user 'root'@'localhost' (using password: NO)
2026-09-28T09:08:35.676600Z 108 [Note] Access denied for user 'root'@'localhost' (using password: NO)
2026-09-28T09:08:46.691755Z 109 [Note] Access denied for user 'root'@'localhost' (using password: NO)
2026-09-28T09:08:57.693582Z 110 [Note] Access denied for user 'root'@'localhost' (using password: NO)
2026-09-28T09:09:08.683244Z 111 [Note] Access denied for user 'root'@'localhost' (using password: NO)
2026-09-28T09:09:19.689944Z 112 [Note] Access denied for user 'root'@'localhost' (using password: NO)
2026-09-28T09:09:30.687993Z 113 [Note] Access denied for user 'root'@'localhost' (using password: NO)
2026-09-28T09:09:41.709890Z 114 [Note] Access denied for user 'root'@'localhost' (using password: NO)
2026-09-28T09:09:52.693270Z 115 [Note] Access denied for user 'root'@'localhost' (using password: NO)
2026-09-28T09:10:03.700194Z 116 [Note] Access denied for user 'root'@'localhost' (using password: NO)
2026-09-28T09:10:14.685392Z 117 [Note] Access denied for user 'root'@'localhost' (using password: NO)
2026-09-28T09:10:25.707768Z 118 [Note] Access denied for user 'root'@'localhost' (using password: NO)
2026-09-28T09:10:36.690775Z 119 [Note] Access denied for user 'root'@'localhost' (using password: NO)
2026-09-28T09:10:47.683821Z 120 [Note] Access denied for user 'root'@'localhost' (using password: NO)
2026-09-28T09:10:58.688675Z 121 [Note] Access denied for user 'root'@'localhost' (using password: NO)
2026-09-28T09:11:09.676045Z 122 [Note] Access denied for user 'root'@'localhost' (using password: NO)
2026-09-28T09:11:20.687683Z 123 [Note] Access denied for user 'root'@'localhost' (using password: NO)
2026-09-28T09:11:31.688558Z 124 [Note] Access denied for user 'root'@'localhost' (using password: NO)
2026-09-28T09:11:42.696743Z 125 [Note] Access denied for user 'root'@'localhost' (using password: NO)
2026-09-28T09:11:53.678646Z 126 [Note] Access denied for user 'root'@'localhost' (using password: NO)
2026-09-28T09:12:04.689275Z 127 [Note] Access denied for user 'root'@'localhost' (using password: NO)
2026-09-28T09:12:15.686840Z 128 [Note] Access denied for user 'root'@'localhost' (using password: NO)
2026-09-28T09:12:26.711351Z 129 [Note] Access denied for user 'root'@'localhost' (using password: NO)
2026-09-28T09:12:37.703646Z 130 [Note] Access denied for user 'root'@'localhost' (using password: NO)
2026-09-28T09:12:48.683208Z 131 [Note] Access denied for user 'root'@'localhost' (using password: NO)
2026-09-28T09:12:59.691189Z 132 [Note] Access denied for user 'root'@'localhost' (using password: NO)
2026-09-28T09:13:10.690138Z 133 [Note] Access denied for user 'root'@'localhost' (using password: NO)
2026-09-28T09:13:21.692735Z 134 [Note] Access denied for user 'root'@'localhost' (using password: NO)
2026-09-28T09:13:32.679193Z 135 [Note] Access denied for user 'root'@'localhost' (using password: NO)
2026-09-28T09:13:43.697431Z 136 [Note] Access denied for user 'root'@'localhost' (using password: NO)
2026-09-28T09:13:54.685471Z 137 [Note] Access denied for user 'root'@'localhost' (using password: NO)
2026-09-28T09:14:05.681787Z 138 [Note] Access denied for user 'root'@'localhost' (using password: NO)
2026-09-28T09:14:16.683634Z 139 [Note] Access denied for user 'root'@'localhost' (using password: NO)
2026-09-28T09:14:27.688925Z 140 [Note] Access denied for user 'root'@'localhost' (using password: NO)
2026-09-28T09:14:38.682307Z 141 [Note] Access denied for user 'root'@'localhost' (using password: NO)
2026-09-28T09:14:49.693479Z 142 [Note] Access denied for user 'root'@'localhost' (using password: NO)
2026-09-28T09:15:00.681035Z 143 [Note] Access denied for user 'root'@'localhost' (using password: NO)
2026-09-28T09:15:11.680242Z 144 [Note] Access denied for user 'root'@'localhost' (using password: NO)
2026-09-28T09:15:22.682540Z 145 [Note] Access denied for user 'root'@'localhost' (using password: NO)
2026-09-28T09:15:33.691146Z 146 [Note] Access denied for user 'root'@'localhost' (using password: NO)
2026-09-28T09:15:44.692730Z 147 [Note] Access denied for user 'root'@'localhost' (using password: NO)
2026-09-28T09:15:55.685840Z 148 [Note] Access denied for user 'root'@'localhost' (using password: NO)
2026-09-28T09:16:06.684936Z 149 [Note] Access denied for user 'root'@'localhost' (using password: NO)
2026-09-28T09:16:17.692650Z 150 [Note] Access denied for user 'root'@'localhost' (using password: NO)
2026-09-28T09:16:28.690755Z 151 [Note] Access denied for user 'root'@'localhost' (using password: NO)
2026-09-28T09:16:39.681079Z 152 [Note] Access denied for user 'root'@'localhost' (using password: NO)
2026-09-28T09:16:50.695688Z 153 [Note] Access denied for user 'root'@'localhost' (using password: NO)
2026-09-28T09:17:01.711743Z 154 [Note] Access denied for user 'root'@'localhost' (using password: NO)
2026-09-28T09:17:12.693605Z 155 [Note] Access denied for user 'root'@'localhost' (using password: NO)
2026-09-28T09:17:23.681242Z 156 [Note] Access denied for user 'root'@'localhost' (using password: NO)
2026-09-28T09:17:34.696601Z 157 [Note] Access denied for user 'root'@'localhost' (using password: NO)
2026-09-28T09:17:45.679110Z 158 [Note] Access denied for user 'root'@'localhost' (using password: NO)
2026-09-28T09:17:56.682987Z 159 [Note] Access denied for user 'root'@'localhost' (using password: NO)
2026-09-28T09:18:07.689926Z 160 [Note] Access denied for user 'root'@'localhost' (using password: NO)
2026-09-28T09:18:18.693849Z 161 [Note] Access denied for user 'root'@'localhost' (using password: NO)
2026-09-28T09:18:29.686857Z 162 [Note] Access denied for user 'root'@'localhost' (using password: NO)
2026-09-28T09:18:40.685290Z 163 [Note] Access denied for user 'root'@'localhost' (using password: NO)
2026-09-28T09:18:51.713881Z 164 [Note] Access denied for user 'root'@'localhost' (using password: NO)
2026-09-28T09:19:02.684654Z 165 [Note] Access denied for user 'root'@'localhost' (using password: NO)
2026-09-28T09:19:13.681403Z 166 [Note] Access denied for user 'root'@'localhost' (using password: NO)
2026-09-28T09:19:24.698503Z 167 [Note] Access denied for user 'root'@'localhost' (using password: NO)
2026-09-28T09:19:35.778642Z 168 [Note] Access denied for user 'root'@'localhost' (using password: NO)
2026-09-28T09:19:46.706360Z 169 [Note] Access denied for user 'root'@'localhost' (using password: NO)
2026-09-28T09:19:57.692735Z 170 [Note] Access denied for user 'root'@'localhost' (using password: NO)
2026-09-28T09:20:08.689464Z 171 [Note] Access denied for user 'root'@'localhost' (using password: NO)
2026-09-28T09:20:19.683787Z 172 [Note] Access denied for user 'root'@'localhost' (using password: NO)
2026-09-28T09:20:30.687478Z 173 [Note] Access denied for user 'root'@'localhost' (using password: NO)
2026-09-28T09:20:41.699491Z 174 [Note] Access denied for user 'root'@'localhost' (using password: NO)
2026-09-28T09:20:52.692323Z 175 [Note] Access denied for user 'root'@'localhost' (using password: NO)
2026-09-28T09:21:03.687944Z 176 [Note] Access denied for user 'root'@'localhost' (using password: NO)
2026-09-28T09:21:14.698804Z 177 [Note] Access denied for user 'root'@'localhost' (using password: NO)
2026-09-28T09:21:25.682893Z 178 [Note] Access denied for user 'root'@'localhost' (using password: NO)
2026-09-28T09:21:36.693329Z 179 [Note] Access denied for user 'root'@'localhost' (using password: NO)
2026-09-28T09:21:47.686533Z 180 [Note] Access denied for user 'root'@'localhost' (using password: NO)
2026-09-28T09:21:58.689150Z 181 [Note] Access denied for user 'root'@'localhost' (using password: NO)
2026-09-28T09:22:09.686471Z 182 [Note] Access denied for user 'root'@'localhost' (using password: NO)
2026-09-28T09:22:20.685411Z 183 [Note] Access denied for user 'root'@'localhost' (using password: NO)
2026-09-28T09:22:31.678830Z 184 [Note] Access denied for user 'root'@'localhost' (using password: NO)
2026-09-28T09:22:42.693461Z 185 [Note] Access denied for user 'root'@'localhost' (using password: NO)
2026-09-28T09:22:53.680339Z 186 [Note] Access denied for user 'root'@'localhost' (using password: NO)
2026-09-28T09:23:04.691862Z 187 [Note] Access denied for user 'root'@'localhost' (using password: NO)
2026-09-28T09:23:15.680277Z 188 [Note] Access denied for user 'root'@'localhost' (using password: NO)
2026-09-28T09:23:26.703884Z 189 [Note] Access denied for user 'root'@'localhost' (using password: NO)
2026-09-28T09:23:37.731010Z 190 [Note] Access denied for user 'root'@'localhost' (using password: NO)
2026-09-28T09:23:48.681744Z 191 [Note] Access denied for user 'root'@'localhost' (using password: NO)
2026-09-28T09:23:59.686162Z 192 [Note] Access denied for user 'root'@'localhost' (using password: NO)
2026-09-28T09:24:10.693722Z 193 [Note] Access denied for user 'root'@'localhost' (using password: NO)
2026-09-28T09:24:21.685318Z 194 [Note] Access denied for user 'root'@'localhost' (using password: NO)
2026-09-28T09:24:32.683550Z 195 [Note] Access denied for user 'root'@'localhost' (using password: NO)
2026-09-28T09:24:43.681779Z 196 [Note] Access denied for user 'root'@'localhost' (using password: NO)
2026-09-28T09:24:54.692026Z 197 [Note] Access denied for user 'root'@'localhost' (using password: NO)
2026-09-28T09:25:05.690905Z 198 [Note] Access denied for user 'root'@'localhost' (using password: NO)
2026-09-28T09:25:16.680920Z 199 [Note] Access denied for user 'root'@'localhost' (using password: NO)
2026-09-28T09:25:27.690447Z 200 [Note] Access denied for user 'root'@'localhost' (using password: NO)
2026-09-28T09:25:38.708332Z 201 [Note] Access denied for user 'root'@'localhost' (using password: NO)
2026-09-28T09:25:49.696471Z 202 [Note] Access denied for user 'root'@'localhost' (using password: NO)
2026-09-28T09:26:00.679403Z 203 [Note] Access denied for user 'root'@'localhost' (using password: NO)
2026-09-28T09:26:11.685663Z 204 [Note] Access denied for user 'root'@'localhost' (using password: NO)
2026-09-28T09:26:22.697096Z 205 [Note] Access denied for user 'root'@'localhost' (using password: NO)
2026-09-28T09:26:33.721363Z 206 [Note] Access denied for user 'root'@'localhost' (using password: NO)
2026-09-28T09:26:44.677133Z 207 [Note] Access denied for user 'root'@'localhost' (using password: NO)
2026-09-28T09:26:55.683760Z 208 [Note] Access denied for user 'root'@'localhost' (using password: NO)
2026-09-28T09:27:06.692387Z 209 [Note] Access denied for user 'root'@'localhost' (using password: NO)
2026-09-28T09:27:17.679832Z 210 [Note] Access denied for user 'root'@'localhost' (using password: NO)
2026-09-28T09:27:28.688787Z 211 [Note] Access denied for user 'root'@'localhost' (using password: NO)
2026-09-28T09:27:39.692340Z 212 [Note] Access denied for user 'root'@'localhost' (using password: NO)
2026-09-28T09:27:50.689906Z 213 [Note] Access denied for user 'root'@'localhost' (using password: NO)
2026-09-28T09:28:01.695129Z 214 [Note] Access denied for user 'root'@'localhost' (using password: NO)
2026-09-28T09:28:12.680155Z 215 [Note] Access denied for user 'root'@'localhost' (using password: NO)
2026-09-28T09:28:23.685213Z 216 [Note] Access denied for user 'root'@'localhost' (using password: NO)
2026-09-28T09:28:34.680587Z 217 [Note] Access denied for user 'root'@'localhost' (using password: NO)
2026-09-28T09:28:45.690121Z 218 [Note] Access denied for user 'root'@'localhost' (using password: NO)
2026-09-28T09:28:56.706191Z 219 [Note] Access denied for user 'root'@'localhost' (using password: NO)
2026-09-28T09:29:07.684065Z 220 [Note] Access denied for user 'root'@'localhost' (using password: NO)
2026-09-28T09:29:18.681629Z 221 [Note] Access denied for user 'root'@'localhost' (using password: NO)
2026-09-28T09:29:29.703052Z 222 [Note] Access denied for user 'root'@'localhost' (using password: NO)
2026-09-28T09:29:40.702516Z 223 [Note] Access denied for user 'root'@'localhost' (using password: NO)
2026-09-28T09:29:51.691870Z 224 [Note] Access denied for user 'root'@'localhost' (using password: NO)
2026-09-28T09:30:02.686649Z 225 [Note] Access denied for user 'root'@'localhost' (using password: NO)
2026-09-28T09:30:13.702866Z 226 [Note] Access denied for user 'root'@'localhost' (using password: NO)
2026-09-28T09:30:24.690354Z 227 [Note] Access denied for user 'root'@'localhost' (using password: NO)
2026-09-28T09:30:35.694317Z 228 [Note] Access denied for user 'root'@'localhost' (using password: NO)
2026-09-28T09:30:46.684379Z 229 [Note] Access denied for user 'root'@'localhost' (using password: NO)
2026-09-28T09:30:57.681676Z 230 [Note] Access denied for user 'root'@'localhost' (using password: NO)
2026-09-28T09:31:08.684499Z 231 [Note] Access denied for user 'root'@'localhost' (using password: NO)
2026-09-28T09:31:19.675820Z 232 [Note] Access denied for user 'root'@'localhost' (using password: NO)
2026-09-28T09:31:30.683047Z 233 [Note] Access denied for user 'root'@'localhost' (using password: NO)
2026-09-28T09:31:41.683604Z 234 [Note] Access denied for user 'root'@'localhost' (using password: NO)
2026-09-28T09:31:52.688858Z 235 [Note] Access denied for user 'root'@'localhost' (using password: NO)
2026-09-28T09:32:03.687145Z 236 [Note] Access denied for user 'root'@'localhost' (using password: NO)
2026-09-28T09:32:14.683963Z 237 [Note] Access denied for user 'root'@'localhost' (using password: NO)
2026-09-28T09:32:25.699528Z 238 [Note] Access denied for user 'root'@'localhost' (using password: NO)
2026-09-28T09:32:36.684401Z 239 [Note] Access denied for user 'root'@'localhost' (using password: NO)
2026-09-28T09:32:47.679571Z 240 [Note] Access denied for user 'root'@'localhost' (using password: NO)
2026-09-28T09:32:58.688263Z 241 [Note] Access denied for user 'root'@'localhost' (using password: NO)
2026-09-28T09:33:09.688642Z 242 [Note] Access denied for user 'root'@'localhost' (using password: NO)
2026-09-28T09:33:20.683440Z 243 [Note] Access denied for user 'root'@'localhost' (using password: NO)
2026-09-28T09:33:31.709445Z 244 [Note] Access denied for user 'root'@'localhost' (using password: NO)
2026-09-28T09:33:42.708805Z 245 [Note] Access denied for user 'root'@'localhost' (using password: NO)
2026-09-28T09:33:53.694976Z 246 [Note] Access denied for user 'root'@'localhost' (using password: NO)
2026-09-28T09:34:04.692251Z 247 [Note] Access denied for user 'root'@'localhost' (using password: NO)
2026-09-28T09:34:15.681967Z 248 [Note] Access denied for user 'root'@'localhost' (using password: NO)
2026-09-28T09:34:26.681756Z 249 [Note] Access denied for user 'root'@'localhost' (using password: NO)
2026-09-28T09:34:37.692303Z 250 [Note] Access denied for user 'root'@'localhost' (using password: NO)
2026-09-28T09:34:47.941916Z 251 [Note] Access denied for user 'root'@'localhost' (using password: NO)
2026-09-28T09:34:58.385409Z 252 [Note] Access denied for user 'root'@'localhost' (using password: NO)
2026-09-28T09:35:08.693837Z 253 [Note] Access denied for user 'root'@'localhost' (using password: NO)
2026-09-28T09:35:18.946015Z 254 [Note] Access denied for user 'root'@'localhost' (using password: NO)
2026-09-28T09:35:29.206079Z 255 [Note] Access denied for user 'root'@'localhost' (using password: NO)
2026-09-28T09:35:39.692746Z 256 [Note] Access denied for user 'root'@'localhost' (using password: NO)
2026-09-28T09:35:50.694498Z 257 [Note] Access denied for user 'root'@'localhost' (using password: NO)
2026-09-28T09:36:01.685342Z 258 [Note] Access denied for user 'root'@'localhost' (using password: NO)
2026-09-28T09:36:12.684299Z 259 [Note] Access denied for user 'root'@'localhost' (using password: NO)
2026-09-28T09:36:23.699112Z 260 [Note] Access denied for user 'root'@'localhost' (using password: NO)
2026-09-28T09:36:34.700730Z 261 [Note] Access denied for user 'root'@'localhost' (using password: NO)
2026-09-28T09:36:45.683728Z 262 [Note] Access denied for user 'root'@'localhost' (using password: NO)
2026-09-28T09:36:56.690811Z 263 [Note] Access denied for user 'root'@'localhost' (using password: NO)
2026-09-28T09:37:07.691050Z 264 [Note] Access denied for user 'root'@'localhost' (using password: NO)
2026-09-28T09:37:18.684451Z 265 [Note] Access denied for user 'root'@'localhost' (using password: NO)
2026-09-28T09:37:29.692114Z 266 [Note] Access denied for user 'root'@'localhost' (using password: NO)
2026-09-28T09:37:40.688707Z 267 [Note] Access denied for user 'root'@'localhost' (using password: NO)
2026-09-28T09:37:51.683922Z 268 [Note] Access denied for user 'root'@'localhost' (using password: NO)
2026-09-28T09:38:02.685484Z 269 [Note] Access denied for user 'root'@'localhost' (using password: NO)
2026-09-28T09:38:13.684344Z 270 [Note] Access denied for user 'root'@'localhost' (using password: NO)
2026-09-28T09:38:24.680732Z 271 [Note] Access denied for user 'root'@'localhost' (using password: NO)
2026-09-28T09:38:35.702373Z 272 [Note] Access denied for user 'root'@'localhost' (using password: NO)
2026-09-28T09:38:46.680209Z 273 [Note] Access denied for user 'root'@'localhost' (using password: NO)
2026-09-28T09:38:57.682141Z 274 [Note] Access denied for user 'root'@'localhost' (using password: NO)
2026-09-28T09:39:08.681051Z 275 [Note] Access denied for user 'root'@'localhost' (using password: NO)
2026-09-28T09:39:19.706106Z 276 [Note] Access denied for user 'root'@'localhost' (using password: NO)
2026-09-28T09:39:30.677974Z 277 [Note] Access denied for user 'root'@'localhost' (using password: NO)
2026-09-28T09:39:41.712645Z 278 [Note] Access denied for user 'root'@'localhost' (using password: NO)
2026-09-28T09:39:52.684296Z 279 [Note] Access denied for user 'root'@'localhost' (using password: NO)
2026-09-28T09:40:03.686344Z 280 [Note] Access denied for user 'root'@'localhost' (using password: NO)
2026-09-28T09:40:14.687811Z 281 [Note] Access denied for user 'root'@'localhost' (using password: NO)
2026-09-28T09:40:25.698897Z 282 [Note] Access denied for user 'root'@'localhost' (using password: NO)
2026-09-28T09:40:36.710691Z 283 [Note] Access denied for user 'root'@'localhost' (using password: NO)
2026-09-28T09:40:47.681339Z 284 [Note] Access denied for user 'root'@'localhost' (using password: NO)
2026-09-28T09:40:58.693944Z 285 [Note] Access denied for user 'root'@'localhost' (using password: NO)
2026-09-28T09:41:09.690774Z 286 [Note] Access denied for user 'root'@'localhost' (using password: NO)
2026-09-28T09:41:20.708317Z 287 [Note] Access denied for user 'root'@'localhost' (using password: NO)
2026-09-28T09:41:31.734688Z 288 [Note] Access denied for user 'root'@'localhost' (using password: NO)
2026-09-28T09:41:42.691237Z 289 [Note] Access denied for user 'root'@'localhost' (using password: NO)
2026-09-28T09:41:53.699263Z 290 [Note] Access denied for user 'root'@'localhost' (using password: NO)
2026-09-28T09:42:04.694790Z 291 [Note] Access denied for user 'root'@'localhost' (using password: NO)
2026-09-28T09:42:15.687879Z 292 [Note] Access denied for user 'root'@'localhost' (using password: NO)
2026-09-28T09:42:26.682005Z 293 [Note] Access denied for user 'root'@'localhost' (using password: NO)
2026-09-28T09:42:37.694891Z 294 [Note] Access denied for user 'root'@'localhost' (using password: NO)
2026-09-28T09:42:48.689933Z 295 [Note] Access denied for user 'root'@'localhost' (using password: NO)
2026-09-28T09:42:59.769166Z 296 [Note] Access denied for user 'root'@'localhost' (using password: NO)
2026-09-28T09:43:10.688790Z 297 [Note] Access denied for user 'root'@'localhost' (using password: NO)
2026-09-28T09:43:21.684826Z 298 [Note] Access denied for user 'root'@'localhost' (using password: NO)
2026-09-28T09:43:32.720934Z 299 [Note] Access denied for user 'root'@'localhost' (using password: NO)
2026-09-28T09:43:43.691918Z 300 [Note] Access denied for user 'root'@'localhost' (using password: NO)
2026-09-28T09:43:54.682203Z 301 [Note] Access denied for user 'root'@'localhost' (using password: NO)
2026-09-28T09:44:05.682621Z 302 [Note] Access denied for user 'root'@'localhost' (using password: NO)
2026-09-28T09:44:16.683464Z 303 [Note] Access denied for user 'root'@'localhost' (using password: NO)
2026-09-28T09:44:27.689352Z 304 [Note] Access denied for user 'root'@'localhost' (using password: NO)
2026-09-28T09:44:38.696580Z 305 [Note] Access denied for user 'root'@'localhost' (using password: NO)
2026-09-28T09:44:49.678416Z 306 [Note] Access denied for user 'root'@'localhost' (using password: NO)
2026-09-28T09:45:00.688936Z 307 [Note] Access denied for user 'root'@'localhost' (using password: NO)
2026-09-28T09:45:11.687938Z 308 [Note] Access denied for user 'root'@'localhost' (using password: NO)
2026-09-28T09:45:22.715380Z 309 [Note] Access denied for user 'root'@'localhost' (using password: NO)
2026-09-28T09:45:33.700228Z 310 [Note] Access denied for user 'root'@'localhost' (using password: NO)
2026-09-28T09:45:44.681729Z 311 [Note] Access denied for user 'root'@'localhost' (using password: NO)
2026-09-28T09:45:55.690492Z 312 [Note] Access denied for user 'root'@'localhost' (using password: NO)
2026-09-28T09:46:06.728331Z 313 [Note] Access denied for user 'root'@'localhost' (using password: NO)
2026-09-28T09:46:17.703235Z 314 [Note] Access denied for user 'root'@'localhost' (using password: NO)
2026-09-28T09:46:28.740096Z 315 [Note] Access denied for user 'root'@'localhost' (using password: NO)
2026-09-28T09:46:39.693291Z 316 [Note] Access denied for user 'root'@'localhost' (using password: NO)
2026-09-28T09:46:50.714049Z 317 [Note] Access denied for user 'root'@'localhost' (using password: NO)
2026-09-28T09:47:01.714199Z 318 [Note] Access denied for user 'root'@'localhost' (using password: NO)
2026-09-28T09:47:12.700049Z 319 [Note] Access denied for user 'root'@'localhost' (using password: NO)
2026-09-28T09:47:23.708844Z 320 [Note] Access denied for user 'root'@'localhost' (using password: NO)
2026-09-28T09:47:34.710992Z 321 [Note] Access denied for user 'root'@'localhost' (using password: NO)
2026-09-28T09:47:45.701648Z 322 [Note] Access denied for user 'root'@'localhost' (using password: NO)
2026-09-28T09:47:56.717702Z 323 [Note] Access denied for user 'root'@'localhost' (using password: NO)
2026-09-28T09:48:07.705340Z 324 [Note] Access denied for user 'root'@'localhost' (using password: NO)
2026-09-28T09:48:18.704006Z 325 [Note] Access denied for user 'root'@'localhost' (using password: NO)
2026-09-28T09:48:29.709366Z 326 [Note] Access denied for user 'root'@'localhost' (using password: NO)
2026-09-28T09:48:40.698607Z 327 [Note] Access denied for user 'root'@'localhost' (using password: NO)
2026-09-28T09:48:51.696450Z 328 [Note] Access denied for user 'root'@'localhost' (using password: NO)
2026-09-28T09:49:02.706061Z 329 [Note] Access denied for user 'root'@'localhost' (using password: NO)
2026-09-28T09:49:13.713718Z 330 [Note] Access denied for user 'root'@'localhost' (using password: NO)
2026-09-28T09:49:24.704697Z 331 [Note] Access denied for user 'root'@'localhost' (using password: NO)
2026-09-28T09:49:35.694772Z 332 [Note] Access denied for user 'root'@'localhost' (using password: NO)
2026-09-28T09:49:46.701418Z 333 [Note] Access denied for user 'root'@'localhost' (using password: NO)
2026-09-28T09:49:57.696565Z 334 [Note] Access denied for user 'root'@'localhost' (using password: NO)
2026-09-28T09:50:08.702019Z 335 [Note] Access denied for user 'root'@'localhost' (using password: NO)
2026-09-28T09:50:19.705995Z 336 [Note] Access denied for user 'root'@'localhost' (using password: NO)
2026-09-28T09:50:30.694424Z 337 [Note] Access denied for user 'root'@'localhost' (using password: NO)
2026-09-28T09:50:41.707011Z 338 [Note] Access denied for user 'root'@'localhost' (using password: NO)
2026-09-28T09:50:52.716039Z 339 [Note] Access denied for user 'root'@'localhost' (using password: NO)
2026-09-28T09:51:03.721490Z 340 [Note] Access denied for user 'root'@'localhost' (using password: NO)
2026-09-28T09:51:14.695619Z 341 [Note] Access denied for user 'root'@'localhost' (using password: NO)
2026-09-28T09:51:25.722258Z 342 [Note] Access denied for user 'root'@'localhost' (using password: NO)
2026-09-28T09:51:36.705765Z 343 [Note] Access denied for user 'root'@'localhost' (using password: NO)
2026-09-28T09:51:47.711193Z 344 [Note] Access denied for user 'root'@'localhost' (using password: NO)
2026-09-28T09:51:58.708711Z 345 [Note] Access denied for user 'root'@'localhost' (using password: NO)
2026-09-28T09:52:09.704924Z 346 [Note] Access denied for user 'root'@'localhost' (using password: NO)
2026-09-28T09:52:20.696658Z 347 [Note] Access denied for user 'root'@'localhost' (using password: NO)
2026-09-28T09:52:31.705965Z 348 [Note] Access denied for user 'root'@'localhost' (using password: NO)
2026-09-28T09:52:42.705302Z 349 [Note] Access denied for user 'root'@'localhost' (using password: NO)
2026-09-28T09:52:53.711440Z 350 [Note] Access denied for user 'root'@'localhost' (using password: NO)
2026-09-28T09:53:04.713183Z 351 [Note] Access denied for user 'root'@'localhost' (using password: NO)
2026-09-28T09:53:15.711371Z 352 [Note] Access denied for user 'root'@'localhost' (using password: NO)
2026-09-28T09:53:26.706588Z 353 [Note] Access denied for user 'root'@'localhost' (using password: NO)
2026-09-28T09:53:37.708258Z 354 [Note] Access denied for user 'root'@'localhost' (using password: NO)
2026-09-28T09:53:48.705802Z 355 [Note] Access denied for user 'root'@'localhost' (using password: NO)
2026-09-28T09:53:59.712731Z 356 [Note] Access denied for user 'root'@'localhost' (using password: NO)
2026-09-28T09:54:10.707625Z 357 [Note] Access denied for user 'root'@'localhost' (using password: NO)
2026-09-28T09:54:21.699394Z 358 [Note] Access denied for user 'root'@'localhost' (using password: NO)
2026-09-28T09:54:32.705145Z 359 [Note] Access denied for user 'root'@'localhost' (using password: NO)
2026-09-28T09:54:43.716696Z 360 [Note] Access denied for user 'root'@'localhost' (using password: NO)
2026-09-28T09:54:54.706588Z 361 [Note] Access denied for user 'root'@'localhost' (using password: NO)
2026-09-28T09:55:05.698145Z 362 [Note] Access denied for user 'root'@'localhost' (using password: NO)
2026-09-28T09:55:16.694667Z 363 [Note] Access denied for user 'root'@'localhost' (using password: NO)
2026-09-28T09:55:27.715163Z 364 [Note] Access denied for user 'root'@'localhost' (using password: NO)
2026-09-28T09:55:38.719035Z 365 [Note] Access denied for user 'root'@'localhost' (using password: NO)
2026-09-28T09:55:49.708257Z 366 [Note] Access denied for user 'root'@'localhost' (using password: NO)
2026-09-28T09:56:00.690885Z 367 [Note] Access denied for user 'root'@'localhost' (using password: NO)
2026-09-28T09:56:11.701545Z 368 [Note] Access denied for user 'root'@'localhost' (using password: NO)
2026-09-28T09:56:22.708159Z 369 [Note] Access denied for user 'root'@'localhost' (using password: NO)
2026-09-28T09:56:33.713218Z 370 [Note] Access denied for user 'root'@'localhost' (using password: NO)
2026-09-28T09:56:44.710102Z 371 [Note] Access denied for user 'root'@'localhost' (using password: NO)
2026-09-28T09:56:55.708072Z 372 [Note] Access denied for user 'root'@'localhost' (using password: NO)
2026-09-28T09:57:06.710252Z 373 [Note] Access denied for user 'root'@'localhost' (using password: NO)
2026-09-28T09:57:17.711601Z 374 [Note] Access denied for user 'root'@'localhost' (using password: NO)
2026-09-28T09:57:28.719185Z 375 [Note] Access denied for user 'root'@'localhost' (using password: NO)
2026-09-28T09:57:39.707357Z 376 [Note] Access denied for user 'root'@'localhost' (using password: NO)
2026-09-28T09:57:50.716525Z 377 [Note] Access denied for user 'root'@'localhost' (using password: NO)
2026-09-28T09:58:01.708046Z 378 [Note] Access denied for user 'root'@'localhost' (using password: NO)
2026-09-28T09:58:12.696738Z 379 [Note] Access denied for user 'root'@'localhost' (using password: NO)
2026-09-28T09:58:23.692770Z 380 [Note] Access denied for user 'root'@'localhost' (using password: NO)
2026-09-28T09:58:34.716622Z 381 [Note] Access denied for user 'root'@'localhost' (using password: NO)
2026-09-28T09:58:45.693539Z 382 [Note] Access denied for user 'root'@'localhost' (using password: NO)
2026-09-28T09:58:56.708342Z 383 [Note] Access denied for user 'root'@'localhost' (using password: NO)
2026-09-28T09:59:07.702668Z 384 [Note] Access denied for user 'root'@'localhost' (using password: NO)
2026-09-28T09:59:18.700134Z 385 [Note] Access denied for user 'root'@'localhost' (using password: NO)
2026-09-28T09:59:29.703326Z 386 [Note] Access denied for user 'root'@'localhost' (using password: NO)
2026-09-28T09:59:40.711100Z 387 [Note] Access denied for user 'root'@'localhost' (using password: NO)
2026-09-28T09:59:51.710439Z 388 [Note] Access denied for user 'root'@'localhost' (using password: NO)
2026-09-28T10:00:02.708086Z 389 [Note] Access denied for user 'root'@'localhost' (using password: NO)
2026-09-28T10:00:13.708712Z 390 [Note] Access denied for user 'root'@'localhost' (using password: NO)
2026-09-28T10:00:24.698837Z 391 [Note] Access denied for user 'root'@'localhost' (using password: NO)
2026-09-28T10:00:35.713844Z 392 [Note] Access denied for user 'root'@'localhost' (using password: NO)
2026-09-28T10:00:46.715931Z 393 [Note] Access denied for user 'root'@'localhost' (using password: NO)
2026-09-28T10:00:57.708261Z 394 [Note] Access denied for user 'root'@'localhost' (using password: NO)
2026-09-28T10:01:08.708867Z 395 [Note] Access denied for user 'root'@'localhost' (using password: NO)
2026-09-28T10:01:19.710252Z 396 [Note] Access denied for user 'root'@'localhost' (using password: NO)
2026-09-28T10:01:30.723310Z 397 [Note] Access denied for user 'root'@'localhost' (using password: NO)
2026-09-28T10:01:41.692273Z 398 [Note] Access denied for user 'root'@'localhost' (using password: NO)
2026-09-28T10:01:52.697267Z 399 [Note] Access denied for user 'root'@'localhost' (using password: NO)
2026-09-28T10:02:03.709087Z 400 [Note] Access denied for user 'root'@'localhost' (using password: NO)
2026-09-28T10:02:14.716391Z 401 [Note] Access denied for user 'root'@'localhost' (using password: NO)
2026-09-28T10:02:25.734478Z 402 [Note] Access denied for user 'root'@'localhost' (using password: NO)
2026-09-28T10:02:36.709019Z 403 [Note] Access denied for user 'root'@'localhost' (using password: NO)
2026-09-28T10:02:47.697726Z 404 [Note] Access denied for user 'root'@'localhost' (using password: NO)
2026-09-28T10:02:58.704735Z 405 [Note] Access denied for user 'root'@'localhost' (using password: NO)
2026-09-28T10:03:09.727380Z 406 [Note] Access denied for user 'root'@'localhost' (using password: NO)
2026-09-28T10:03:20.688442Z 407 [Note] Access denied for user 'root'@'localhost' (using password: NO)
2026-09-28T10:03:31.689673Z 408 [Note] Access denied for user 'root'@'localhost' (using password: NO)
2026-09-28T10:03:42.696440Z 409 [Note] Access denied for user 'root'@'localhost' (using password: NO)
2026-09-28T10:03:53.689928Z 410 [Note] Access denied for user 'root'@'localhost' (using password: NO)
2026-09-28T10:04:04.701248Z 411 [Note] Access denied for user 'root'@'localhost' (using password: NO)
2026-09-28T10:04:15.685291Z 412 [Note] Access denied for user 'root'@'localhost' (using password: NO)
2026-09-28T10:04:26.688616Z 413 [Note] Access denied for user 'root'@'localhost' (using password: NO)
2026-09-28T10:04:37.690935Z 414 [Note] Access denied for user 'root'@'localhost' (using password: NO)
2026-09-28T10:04:48.685837Z 415 [Note] Access denied for user 'root'@'localhost' (using password: NO)
2026-09-28T10:04:59.690432Z 416 [Note] Access denied for user 'root'@'localhost' (using password: NO)
2026-09-28T10:05:10.697102Z 417 [Note] Access denied for user 'root'@'localhost' (using password: NO)
2026-09-28T10:05:21.695130Z 418 [Note] Access denied for user 'root'@'localhost' (using password: NO)
2026-09-28T10:05:32.696738Z 419 [Note] Access denied for user 'root'@'localhost' (using password: NO)
2026-09-28T10:05:43.687521Z 420 [Note] Access denied for user 'root'@'localhost' (using password: NO)
2026-09-28T10:05:54.686138Z 421 [Note] Access denied for user 'root'@'localhost' (using password: NO)
2026-09-28T10:06:05.693945Z 422 [Note] Access denied for user 'root'@'localhost' (using password: NO)
2026-09-28T10:06:16.690037Z 423 [Note] Access denied for user 'root'@'localhost' (using password: NO)
2026-09-28T10:06:27.682072Z 424 [Note] Access denied for user 'root'@'localhost' (using password: NO)
2026-09-28T10:06:38.697064Z 425 [Note] Access denied for user 'root'@'localhost' (using password: NO)
2026-09-28T10:06:49.689839Z 426 [Note] Access denied for user 'root'@'localhost' (using password: NO)
2026-09-28T10:07:00.695189Z 427 [Note] Access denied for user 'root'@'localhost' (using password: NO)
2026-09-28T10:07:11.695049Z 428 [Note] Access denied for user 'root'@'localhost' (using password: NO)
2026-09-28T10:07:22.683109Z 429 [Note] Access denied for user 'root'@'localhost' (using password: NO)
2026-09-28T10:07:33.685555Z 430 [Note] Access denied for user 'root'@'localhost' (using password: NO)
2026-09-28T10:07:44.696079Z 431 [Note] Access denied for user 'root'@'localhost' (using password: NO)
2026-09-28T10:07:55.686803Z 432 [Note] Access denied for user 'root'@'localhost' (using password: NO)
2026-09-28T10:08:06.700370Z 433 [Note] Access denied for user 'root'@'localhost' (using password: NO)
2026-09-28T10:08:17.702618Z 434 [Note] Access denied for user 'root'@'localhost' (using password: NO)
2026-09-28T10:08:28.703846Z 435 [Note] Access denied for user 'root'@'localhost' (using password: NO)
2026-09-28T10:08:39.687311Z 436 [Note] Access denied for user 'root'@'localhost' (using password: NO)
2026-09-28T10:08:50.680500Z 437 [Note] Access denied for user 'root'@'localhost' (using password: NO)
2026-09-28T10:09:01.693824Z 438 [Note] Access denied for user 'root'@'localhost' (using password: NO)
2026-09-28T10:09:12.697094Z 439 [Note] Access denied for user 'root'@'localhost' (using password: NO)
2026-09-28T10:09:23.692897Z 440 [Note] Access denied for user 'root'@'localhost' (using password: NO)
2026-09-28T10:09:34.697542Z 441 [Note] Access denied for user 'root'@'localhost' (using password: NO)
2026-09-28T10:09:45.691698Z 442 [Note] Access denied for user 'root'@'localhost' (using password: NO)
2026-09-28T10:09:56.692917Z 443 [Note] Access denied for user 'root'@'localhost' (using password: NO)
2026-09-28T10:10:07.683429Z 444 [Note] Access denied for user 'root'@'localhost' (using password: NO)
2026-09-28T10:10:18.702760Z 445 [Note] Access denied for user 'root'@'localhost' (using password: NO)
2026-09-28T10:10:29.687850Z 446 [Note] Access denied for user 'root'@'localhost' (using password: NO)
2026-09-28T10:10:40.694796Z 447 [Note] Access denied for user 'root'@'localhost' (using password: NO)
2026-09-28T10:10:51.695512Z 448 [Note] Access denied for user 'root'@'localhost' (using password: NO)
2026-09-28T10:11:02.688227Z 449 [Note] Access denied for user 'root'@'localhost' (using password: NO)
2026-09-28T10:11:13.685004Z 450 [Note] Access denied for user 'root'@'localhost' (using password: NO)
2026-09-28T10:11:24.692549Z 451 [Note] Access denied for user 'root'@'localhost' (using password: NO)
2026-09-28T10:11:35.699129Z 452 [Note] Access denied for user 'root'@'localhost' (using password: NO)
2026-09-28T10:11:46.695909Z 453 [Note] Access denied for user 'root'@'localhost' (using password: NO)
2026-09-28T10:11:57.681447Z 454 [Note] Access denied for user 'root'@'localhost' (using password: NO)
2026-09-28T10:12:08.685634Z 455 [Note] Access denied for user 'root'@'localhost' (using password: NO)
2026-09-28T10:12:19.694894Z 456 [Note] Access denied for user 'root'@'localhost' (using password: NO)
2026-09-28T10:12:30.693402Z 457 [Note] Access denied for user 'root'@'localhost' (using password: NO)
2026-09-28T10:12:41.697789Z 458 [Note] Access denied for user 'root'@'localhost' (using password: NO)
2026-09-28T10:12:52.691957Z 459 [Note] Access denied for user 'root'@'localhost' (using password: NO)
2026-09-28T10:13:03.690730Z 460 [Note] Access denied for user 'root'@'localhost' (using password: NO)
2026-09-28T10:13:14.698612Z 461 [Note] Access denied for user 'root'@'localhost' (using password: NO)
2026-09-28T10:13:25.688168Z 462 [Note] Access denied for user 'root'@'localhost' (using password: NO)
2026-09-28T10:13:36.691475Z 463 [Note] Access denied for user 'root'@'localhost' (using password: NO)
2026-09-28T10:13:47.687635Z 464 [Note] Access denied for user 'root'@'localhost' (using password: NO)
2026-09-28T10:13:58.695207Z 465 [Note] Access denied for user 'root'@'localhost' (using password: NO)
2026-09-28T10:14:09.703395Z 466 [Note] Access denied for user 'root'@'localhost' (using password: NO)
2026-09-28T10:14:20.702723Z 467 [Note] Access denied for user 'root'@'localhost' (using password: NO)
2026-09-28T10:14:31.710161Z 468 [Note] Access denied for user 'root'@'localhost' (using password: NO)
2026-09-28T10:14:42.695170Z 469 [Note] Access denied for user 'root'@'localhost' (using password: NO)
2026-09-28T10:14:53.711060Z 470 [Note] Access denied for user 'root'@'localhost' (using password: NO)
2026-09-28T10:15:04.682885Z 471 [Note] Access denied for user 'root'@'localhost' (using password: NO)
2026-09-28T10:15:15.690570Z 472 [Note] Access denied for user 'root'@'localhost' (using password: NO)
2026-09-28T10:15:26.693657Z 473 [Note] Access denied for user 'root'@'localhost' (using password: NO)
2026-09-28T10:15:37.684665Z 474 [Note] Access denied for user 'root'@'localhost' (using password: NO)
2026-09-28T10:15:48.701266Z 475 [Note] Access denied for user 'root'@'localhost' (using password: NO)
2026-09-28T10:15:59.694412Z 476 [Note] Access denied for user 'root'@'localhost' (using password: NO)
2026-09-28T10:16:10.685320Z 477 [Note] Access denied for user 'root'@'localhost' (using password: NO)
2026-09-28T10:16:21.685942Z 478 [Note] Access denied for user 'root'@'localhost' (using password: NO)
2026-09-28T10:16:32.709900Z 479 [Note] Access denied for user 'root'@'localhost' (using password: NO)
2026-09-28T10:16:43.681470Z 480 [Note] Access denied for user 'root'@'localhost' (using password: NO)
2026-09-28T10:16:54.684983Z 481 [Note] Access denied for user 'root'@'localhost' (using password: NO)
2026-09-28T10:17:05.688241Z 482 [Note] Access denied for user 'root'@'localhost' (using password: NO)
2026-09-28T10:17:16.684297Z 483 [Note] Access denied for user 'root'@'localhost' (using password: NO)
2026-09-28T10:17:27.691738Z 484 [Note] Access denied for user 'root'@'localhost' (using password: NO)
2026-09-28T10:17:38.700529Z 485 [Note] Access denied for user 'root'@'localhost' (using password: NO)
2026-09-28T10:17:49.694586Z 486 [Note] Access denied for user 'root'@'localhost' (using password: NO)
2026-09-28T10:18:00.707800Z 487 [Note] Access denied for user 'root'@'localhost' (using password: NO)
2026-09-28T10:18:11.701493Z 488 [Note] Access denied for user 'root'@'localhost' (using password: NO)
2026-09-28T10:18:22.696267Z 489 [Note] Access denied for user 'root'@'localhost' (using password: NO)
2026-09-28T10:18:33.693027Z 490 [Note] Access denied for user 'root'@'localhost' (using password: NO)
2026-09-28T10:18:44.700921Z 491 [Note] Access denied for user 'root'@'localhost' (using password: NO)
2026-09-28T10:18:55.688630Z 492 [Note] Access denied for user 'root'@'localhost' (using password: NO)
2026-09-28T10:19:06.680599Z 493 [Note] Access denied for user 'root'@'localhost' (using password: NO)
2026-09-28T10:19:17.686589Z 494 [Note] Access denied for user 'root'@'localhost' (using password: NO)
2026-09-28T10:19:28.680739Z 495 [Note] Access denied for user 'root'@'localhost' (using password: NO)
2026-09-28T10:19:39.694161Z 496 [Note] Access denied for user 'root'@'localhost' (using password: NO)
2026-09-28T10:19:50.682283Z 497 [Note] Access denied for user 'root'@'localhost' (using password: NO)
2026-09-28T10:20:01.690887Z 498 [Note] Access denied for user 'root'@'localhost' (using password: NO)
2026-09-28T10:20:12.695444Z 499 [Note] Access denied for user 'root'@'localhost' (using password: NO)
2026-09-28T10:20:23.684234Z 500 [Note] Access denied for user 'root'@'localhost' (using password: NO)
2026-09-28T10:20:34.691178Z 501 [Note] Access denied for user 'root'@'localhost' (using password: NO)
2026-09-28T10:20:45.692224Z 502 [Note] Access denied for user 'root'@'localhost' (using password: NO)
2026-09-28T10:20:56.693709Z 503 [Note] Access denied for user 'root'@'localhost' (using password: NO)
2026-09-28T10:21:07.696601Z 504 [Note] Access denied for user 'root'@'localhost' (using password: NO)
2026-09-28T10:21:18.691703Z 505 [Note] Access denied for user 'root'@'localhost' (using password: NO)
2026-09-28T10:21:29.681968Z 506 [Note] Access denied for user 'root'@'localhost' (using password: NO)
2026-09-28T10:21:40.693132Z 507 [Note] Access denied for user 'root'@'localhost' (using password: NO)
2026-09-28T10:21:51.697982Z 508 [Note] Access denied for user 'root'@'localhost' (using password: NO)
2026-09-28T10:22:02.702386Z 509 [Note] Access denied for user 'root'@'localhost' (using password: NO)
2026-09-28T10:22:13.696828Z 510 [Note] Access denied for user 'root'@'localhost' (using password: NO)
2026-09-28T10:22:24.695234Z 511 [Note] Access denied for user 'root'@'localhost' (using password: NO)
2026-09-28T10:22:35.697280Z 512 [Note] Access denied for user 'root'@'localhost' (using password: NO)
2026-09-28T10:22:46.701463Z 513 [Note] Access denied for user 'root'@'localhost' (using password: NO)
2026-09-28T10:22:57.683649Z 514 [Note] Access denied for user 'root'@'localhost' (using password: NO)
2026-09-28T10:23:08.691912Z 515 [Note] Access denied for user 'root'@'localhost' (using password: NO)
2026-09-28T10:23:19.690932Z 516 [Note] Access denied for user 'root'@'localhost' (using password: NO)
2026-09-28T10:23:30.695940Z 517 [Note] Access denied for user 'root'@'localhost' (using password: NO)
2026-09-28T10:23:41.700630Z 518 [Note] Access denied for user 'root'@'localhost' (using password: NO)
2026-09-28T10:23:52.690402Z 519 [Note] Access denied for user 'root'@'localhost' (using password: NO)
2026-09-28T10:24:03.688257Z 520 [Note] Access denied for user 'root'@'localhost' (using password: NO)
2026-09-28T10:24:14.692488Z 521 [Note] Access denied for user 'root'@'localhost' (using password: NO)
2026-09-28T10:24:25.701484Z 522 [Note] Access denied for user 'root'@'localhost' (using password: NO)
2026-09-28T10:24:36.696230Z 523 [Note] Access denied for user 'root'@'localhost' (using password: NO)
2026-09-28T10:24:47.695239Z 524 [Note] Access denied for user 'root'@'localhost' (using password: NO)
2026-09-28T10:24:58.696052Z 525 [Note] Access denied for user 'root'@'localhost' (using password: NO)
2026-09-28T10:25:09.697048Z 526 [Note] Access denied for user 'root'@'localhost' (using password: NO)
2026-09-28T10:25:20.681105Z 527 [Note] Access denied for user 'root'@'localhost' (using password: NO)
2026-09-28T10:25:31.685951Z 528 [Note] Access denied for user 'root'@'localhost' (using password: NO)
2026-09-28T10:25:42.696255Z 529 [Note] Access denied for user 'root'@'localhost' (using password: NO)
2026-09-28T10:25:53.684267Z 530 [Note] Access denied for user 'root'@'localhost' (using password: NO)
2026-09-28T10:26:04.692635Z 531 [Note] Access denied for user 'root'@'localhost' (using password: NO)
2026-09-28T10:26:15.693553Z 532 [Note] Access denied for user 'root'@'localhost' (using password: NO)
2026-09-28T10:26:26.691154Z 533 [Note] Access denied for user 'root'@'localhost' (using password: NO)
2026-09-28T10:26:37.697065Z 534 [Note] Access denied for user 'root'@'localhost' (using password: NO)
2026-09-28T10:26:48.695435Z 535 [Note] Access denied for user 'root'@'localhost' (using password: NO)
2026-09-28T10:26:59.697605Z 536 [Note] Access denied for user 'root'@'localhost' (using password: NO)
2026-09-28T10:27:10.689134Z 537 [Note] Access denied for user 'root'@'localhost' (using password: NO)
2026-09-28T10:27:21.698068Z 538 [Note] Access denied for user 'root'@'localhost' (using password: NO)
2026-09-28T10:27:32.696366Z 539 [Note] Access denied for user 'root'@'localhost' (using password: NO)
2026-09-28T10:27:43.692154Z 540 [Note] Access denied for user 'root'@'localhost' (using password: NO)
2026-09-28T10:27:54.698405Z 541 [Note] Access denied for user 'root'@'localhost' (using password: NO)
2026-09-28T10:28:05.708438Z 542 [Note] Access denied for user 'root'@'localhost' (using password: NO)
2026-09-28T10:28:16.700630Z 543 [Note] Access denied for user 'root'@'localhost' (using password: NO)
2026-09-28T10:28:27.686412Z 544 [Note] Access denied for user 'root'@'localhost' (using password: NO)
2026-09-28T10:28:38.692546Z 545 [Note] Access denied for user 'root'@'localhost' (using password: NO)
2026-09-28T10:28:49.702260Z 546 [Note] Access denied for user 'root'@'localhost' (using password: NO)
2026-09-28T10:29:00.682606Z 547 [Note] Access denied for user 'root'@'localhost' (using password: NO)
2026-09-28T10:29:11.692723Z 548 [Note] Access denied for user 'root'@'localhost' (using password: NO)
2026-09-28T10:29:22.695861Z 549 [Note] Access denied for user 'root'@'localhost' (using password: NO)
2026-09-28T10:29:33.679956Z 550 [Note] Access denied for user 'root'@'localhost' (using password: NO)
2026-09-28T10:29:44.684692Z 551 [Note] Access denied for user 'root'@'localhost' (using password: NO)
2026-09-28T10:29:55.687738Z 552 [Note] Access denied for user 'root'@'localhost' (using password: NO)
2026-09-28T10:30:06.692341Z 553 [Note] Access denied for user 'root'@'localhost' (using password: NO)
2026-09-28T10:30:17.695494Z 554 [Note] Access denied for user 'root'@'localhost' (using password: NO)
2026-09-28T10:30:28.703722Z 555 [Note] Access denied for user 'root'@'localhost' (using password: NO)
2026-09-28T10:30:39.293400Z 556 [Note] Access denied for user 'root'@'localhost' (using password: NO)
2026-09-28T10:30:49.690279Z 557 [Note] Access denied for user 'root'@'localhost' (using password: NO)
2026-09-28T10:31:00.678221Z 558 [Note] Access denied for user 'root'@'localhost' (using password: NO)
2026-09-28T10:31:11.693676Z 559 [Note] Access denied for user 'root'@'localhost' (using password: NO)
2026-09-28T10:31:22.679883Z 560 [Note] Access denied for user 'root'@'localhost' (using password: NO)
2026-09-28T10:31:33.702728Z 561 [Note] Access denied for user 'root'@'localhost' (using password: NO)
2026-09-28T10:31:44.689771Z 562 [Note] Access denied for user 'root'@'localhost' (using password: NO)
2026-09-28T10:31:55.691086Z 563 [Note] Access denied for user 'root'@'localhost' (using password: NO)
2026-09-28T10:32:06.692967Z 564 [Note] Access denied for user 'root'@'localhost' (using password: NO)
2026-09-28T10:32:17.703312Z 565 [Note] Access denied for user 'root'@'localhost' (using password: NO)
2026-09-28T10:32:28.703098Z 566 [Note] Access denied for user 'root'@'localhost' (using password: NO)
2026-09-28T10:32:39.697091Z 567 [Note] Access denied for user 'root'@'localhost' (using password: NO)
2026-09-28T10:32:50.679859Z 568 [Note] Access denied for user 'root'@'localhost' (using password: NO)
2026-09-28T10:32:53.295278Z 0 [Note] Giving 2 client threads a chance to die gracefully
2026-09-28T10:32:53.295422Z 0 [Note] Shutting down slave threads
2026-09-28T10:32:55.298752Z 0 [Note] Forcefully disconnecting 2 remaining clients
2026-09-28T10:32:55.298946Z 0 [Warning] mysqld: Forcing close of thread 3  user: 'otel'

2026-09-28T10:32:55.299136Z 0 [Warning] mysqld: Forcing close of thread 2  user: 'otel'

2026-09-28T10:32:55.299496Z 0 [Note] Event Scheduler: Purging the queue. 0 events
2026-09-28T10:32:55.299597Z 0 [Note] Binlog end
2026-09-28T10:32:55.303013Z 0 [Note] Shutting down plugin 'ngram'
2026-09-28T10:32:55.303030Z 0 [Note] Shutting down plugin 'partition'
2026-09-28T10:32:55.303034Z 0 [Note] Shutting down plugin 'BLACKHOLE'
2026-09-28T10:32:55.303038Z 0 [Note] Shutting down plugin 'ARCHIVE'
2026-09-28T10:32:55.303041Z 0 [Note] Shutting down plugin 'PERFORMANCE_SCHEMA'
2026-09-28T10:32:55.303079Z 0 [Note] Shutting down plugin 'MRG_MYISAM'
2026-09-28T10:32:55.303086Z 0 [Note] Shutting down plugin 'MyISAM'
2026-09-28T10:32:55.303504Z 0 [Note] Shutting down plugin 'INNODB_SYS_VIRTUAL'
2026-09-28T10:32:55.303970Z 0 [Note] Shutting down plugin 'INNODB_SYS_DATAFILES'
2026-09-28T10:32:55.303985Z 0 [Note] Shutting down plugin 'INNODB_SYS_TABLESPACES'
2026-09-28T10:32:55.303989Z 0 [Note] Shutting down plugin 'INNODB_SYS_FOREIGN_COLS'
2026-09-28T10:32:55.303992Z 0 [Note] Shutting down plugin 'INNODB_SYS_FOREIGN'
2026-09-28T10:32:55.303994Z 0 [Note] Shutting down plugin 'INNODB_SYS_FIELDS'
2026-09-28T10:32:55.303997Z 0 [Note] Shutting down plugin 'INNODB_SYS_COLUMNS'
2026-09-28T10:32:55.304000Z 0 [Note] Shutting down plugin 'INNODB_SYS_INDEXES'
2026-09-28T10:32:55.304002Z 0 [Note] Shutting down plugin 'INNODB_SYS_TABLESTATS'
2026-09-28T10:32:55.304005Z 0 [Note] Shutting down plugin 'INNODB_SYS_TABLES'
2026-09-28T10:32:55.304008Z 0 [Note] Shutting down plugin 'INNODB_FT_INDEX_TABLE'
2026-09-28T10:32:55.304015Z 0 [Note] Shutting down plugin 'INNODB_FT_INDEX_CACHE'
2026-09-28T10:32:55.304017Z 0 [Note] Shutting down plugin 'INNODB_FT_CONFIG'
2026-09-28T10:32:55.304019Z 0 [Note] Shutting down plugin 'INNODB_FT_BEING_DELETED'
2026-09-28T10:32:55.304021Z 0 [Note] Shutting down plugin 'INNODB_FT_DELETED'
2026-09-28T10:32:55.304023Z 0 [Note] Shutting down plugin 'INNODB_FT_DEFAULT_STOPWORD'
2026-09-28T10:32:55.304025Z 0 [Note] Shutting down plugin 'INNODB_METRICS'
2026-09-28T10:32:55.304027Z 0 [Note] Shutting down plugin 'INNODB_TEMP_TABLE_INFO'
2026-09-28T10:32:55.304029Z 0 [Note] Shutting down plugin 'INNODB_BUFFER_POOL_STATS'
2026-09-28T10:32:55.304031Z 0 [Note] Shutting down plugin 'INNODB_BUFFER_PAGE_LRU'
2026-09-28T10:32:55.304033Z 0 [Note] Shutting down plugin 'INNODB_BUFFER_PAGE'
2026-09-28T10:32:55.304035Z 0 [Note] Shutting down plugin 'INNODB_CMP_PER_INDEX_RESET'
2026-09-28T10:32:55.304037Z 0 [Note] Shutting down plugin 'INNODB_CMP_PER_INDEX'
2026-09-28T10:32:55.304039Z 0 [Note] Shutting down plugin 'INNODB_CMPMEM_RESET'
2026-09-28T10:32:55.304070Z 0 [Note] Shutting down plugin 'INNODB_CMPMEM'
2026-09-28T10:32:55.304074Z 0 [Note] Shutting down plugin 'INNODB_CMP_RESET'
2026-09-28T10:32:55.304076Z 0 [Note] Shutting down plugin 'INNODB_CMP'
2026-09-28T10:32:55.304078Z 0 [Note] Shutting down plugin 'INNODB_LOCK_WAITS'
2026-09-28T10:32:55.304080Z 0 [Note] Shutting down plugin 'INNODB_LOCKS'
2026-09-28T10:32:55.304083Z 0 [Note] Shutting down plugin 'INNODB_TRX'
2026-09-28T10:32:55.304084Z 0 [Note] Shutting down plugin 'InnoDB'
2026-09-28T10:32:55.305495Z 0 [Note] InnoDB: FTS optimize thread exiting.
2026-09-28T10:32:55.306002Z 0 [Note] InnoDB: Starting shutdown...
2026-09-28T10:32:55.406540Z 0 [Note] InnoDB: Dumping buffer pool(s) to /var/lib/mysql/ib_buffer_pool
2026-09-28T10:32:55.408037Z 0 [Note] InnoDB: Buffer pool(s) dump completed at 260928 18:32:55
2026-09-28T10:32:56.919543Z 0 [Note] InnoDB: Shutdown completed; log sequence number 12243839
2026-09-28T10:32:56.920473Z 0 [Note] InnoDB: Removed temporary tablespace data file: "ibtmp1"
2026-09-28T10:32:56.920490Z 0 [Note] Shutting down plugin 'MEMORY'
2026-09-28T10:32:56.920495Z 0 [Note] Shutting down plugin 'CSV'
2026-09-28T10:32:56.920500Z 0 [Note] Shutting down plugin 'sha256_password'
2026-09-28T10:32:56.920502Z 0 [Note] Shutting down plugin 'mysql_native_password'
2026-09-28T10:32:56.922187Z 0 [Note] Shutting down plugin 'binlog'
2026-09-28T10:32:56.924704Z 0 [Note] mysqld: Shutdown complete

2026-09-28T10:33:28.074706Z 0 [Warning] TIMESTAMP with implicit DEFAULT value is deprecated. Please use --explicit_defaults_for_timestamp server option (see documentation for more details).
2026-09-28T10:33:28.077683Z 0 [Note] mysqld (mysqld 5.7.44) starting as process 1 ...
2026-09-28T10:33:28.081171Z 0 [Note] InnoDB: PUNCH HOLE support available
2026-09-28T10:33:28.081211Z 0 [Note] InnoDB: Mutexes and rw_locks use GCC atomic builtins
2026-09-28T10:33:28.081215Z 0 [Note] InnoDB: Uses event mutexes
2026-09-28T10:33:28.081218Z 0 [Note] InnoDB: GCC builtin __atomic_thread_fence() is used for memory barrier
2026-09-28T10:33:28.081221Z 0 [Note] InnoDB: Compressed tables use zlib 1.2.13
2026-09-28T10:33:28.081225Z 0 [Note] InnoDB: Using Linux native AIO
2026-09-28T10:33:28.081476Z 0 [Note] InnoDB: Number of pools: 1
2026-09-28T10:33:28.081615Z 0 [Note] InnoDB: Using CPU crc32 instructions
2026-09-28T10:33:28.083679Z 0 [Note] InnoDB: Initializing buffer pool, total size = 128M, instances = 1, chunk size = 128M
2026-09-28T10:33:28.090068Z 0 [Note] InnoDB: Completed initialization of buffer pool
2026-09-28T10:33:28.091671Z 0 [Note] InnoDB: If the mysqld execution user is authorized, page cleaner thread priority can be changed. See the man page of setpriority().
2026-09-28T10:33:28.106762Z 0 [Note] InnoDB: Highest supported file format is Barracuda.
2026-09-28T10:33:28.117753Z 0 [Note] InnoDB: Creating shared tablespace for temporary tables
2026-09-28T10:33:28.117865Z 0 [Note] InnoDB: Setting file './ibtmp1' size to 12 MB. Physically writing the file full; Please wait ...
2026-09-28T10:33:28.130002Z 0 [Note] InnoDB: File './ibtmp1' size is now 12 MB.
2026-09-28T10:33:28.130839Z 0 [Note] InnoDB: 96 redo rollback segment(s) found. 96 redo rollback segment(s) are active.
2026-09-28T10:33:28.130846Z 0 [Note] InnoDB: 32 non-redo rollback segment(s) are active.
2026-09-28T10:33:28.131326Z 0 [Note] InnoDB: Waiting for purge to start
2026-09-28T10:33:28.181971Z 0 [Note] InnoDB: 5.7.44 started; log sequence number 12243839
2026-09-28T10:33:28.182586Z 0 [Note] Plugin 'FEDERATED' is disabled.
2026-09-28T10:33:28.182633Z 0 [Note] InnoDB: Loading buffer pool(s) from /var/lib/mysql/ib_buffer_pool
2026-09-28T10:33:28.189676Z 0 [Note] Found ca.pem, server-cert.pem and server-key.pem in data directory. Trying to enable SSL support using them.
2026-09-28T10:33:28.189694Z 0 [Note] Skipping generation of SSL certificates as certificate files are present in data directory.
2026-09-28T10:33:28.189698Z 0 [Warning] A deprecated TLS version TLSv1 is enabled. Please use TLSv1.2 or higher.
2026-09-28T10:33:28.189700Z 0 [Warning] A deprecated TLS version TLSv1.1 is enabled. Please use TLSv1.2 or higher.
2026-09-28T10:33:28.191012Z 0 [Warning] CA certificate ca.pem is self signed.
2026-09-28T10:33:28.191048Z 0 [Note] Skipping generation of RSA key pair as key files are present in data directory.
2026-09-28T10:33:28.191642Z 0 [Note] Server hostname (bind-address): '*'; port: 3306
2026-09-28T10:33:28.191669Z 0 [Note] IPv6 is available.
2026-09-28T10:33:28.191679Z 0 [Note]   - '::' resolves to '::';
2026-09-28T10:33:28.191689Z 0 [Note] Server socket created on IP: '::'.
2026-09-28T10:33:28.192299Z 0 [Note] InnoDB: Buffer pool(s) load completed at 260928 18:33:28
2026-09-28T10:33:28.192351Z 0 [Warning] Insecure configuration for --pid-file: Location '/var/run/mysqld' in the path is accessible to all OS users. Consider choosing a different directory.
2026-09-28T10:33:28.221349Z 0 [Note] Event Scheduler: Loaded 0 events
2026-09-28T10:33:28.221714Z 0 [Note] mysqld: ready for connections.
Version: '5.7.44'  socket: '/var/run/mysqld/mysqld.sock'  port: 3306  MySQL Community Server (GPL)
2026-09-28T10:33:38.700924Z 4 [Note] Access denied for user 'root'@'localhost' (using password: NO)
2026-09-28T10:33:49.690077Z 5 [Note] Access denied for user 'root'@'localhost' (using password: NO)
2026-09-28T10:34:00.697616Z 6 [Note] Access denied for user 'root'@'localhost' (using password: NO)
2026-09-28T10:34:11.697033Z 7 [Note] Access denied for user 'root'@'localhost' (using password: NO)
2026-09-28T10:34:22.688582Z 8 [Note] Access denied for user 'root'@'localhost' (using password: NO)
2026-09-28T10:34:33.688057Z 9 [Note] Access denied for user 'root'@'localhost' (using password: NO)
2026-09-28T10:34:44.700707Z 10 [Note] Access denied for user 'root'@'localhost' (using password: NO)
2026-09-28T10:34:55.688290Z 11 [Note] Access denied for user 'root'@'localhost' (using password: NO)
2026-09-28T10:35:06.685398Z 12 [Note] Access denied for user 'root'@'localhost' (using password: NO)
2026-09-28T10:35:17.693364Z 13 [Note] Access denied for user 'root'@'localhost' (using password: NO)
2026-09-28T10:35:28.699364Z 14 [Note] Access denied for user 'root'@'localhost' (using password: NO)
2026-09-28T10:35:39.696909Z 15 [Note] Access denied for user 'root'@'localhost' (using password: NO)
2026-09-28T10:35:50.690796Z 16 [Note] Access denied for user 'root'@'localhost' (using password: NO)
2026-09-28T10:36:01.686904Z 17 [Note] Access denied for user 'root'@'localhost' (using password: NO)
2026-09-28T10:36:12.688074Z 18 [Note] Access denied for user 'root'@'localhost' (using password: NO)
2026-09-28T10:36:23.703856Z 19 [Note] Access denied for user 'root'@'localhost' (using password: NO)
2026-09-28T10:36:34.686109Z 20 [Note] Access denied for user 'root'@'localhost' (using password: NO)
2026-09-28T10:36:45.696742Z 21 [Note] Access denied for user 'root'@'localhost' (using password: NO)
2026-09-28T10:36:56.698696Z 22 [Note] Access denied for user 'root'@'localhost' (using password: NO)
2026-09-28T10:37:07.707436Z 23 [Note] Access denied for user 'root'@'localhost' (using password: NO)
2026-09-28T10:37:18.697753Z 24 [Note] Access denied for user 'root'@'localhost' (using password: NO)
2026-09-28T10:37:29.691030Z 25 [Note] Access denied for user 'root'@'localhost' (using password: NO)
2026-09-28T10:37:40.688262Z 26 [Note] Access denied for user 'root'@'localhost' (using password: NO)
2026-09-28T10:37:51.696370Z 27 [Note] Access denied for user 'root'@'localhost' (using password: NO)
2026-09-28T10:38:02.694851Z 28 [Note] Access denied for user 'root'@'localhost' (using password: NO)
2026-09-28T10:38:13.714019Z 29 [Note] Access denied for user 'root'@'localhost' (using password: NO)
2026-09-28T10:38:24.700168Z 30 [Note] Access denied for user 'root'@'localhost' (using password: NO)
2026-09-28T10:38:35.709969Z 31 [Note] Access denied for user 'root'@'localhost' (using password: NO)
2026-09-28T10:38:46.698024Z 32 [Note] Access denied for user 'root'@'localhost' (using password: NO)
2026-09-28T10:38:57.688416Z 33 [Note] Access denied for user 'root'@'localhost' (using password: NO)
2026-09-28T10:39:08.699185Z 34 [Note] Access denied for user 'root'@'localhost' (using password: NO)
2026-09-28T10:39:19.690069Z 35 [Note] Access denied for user 'root'@'localhost' (using password: NO)
2026-09-28T10:39:30.694728Z 36 [Note] Access denied for user 'root'@'localhost' (using password: NO)
2026-09-28T10:39:41.703773Z 37 [Note] Access denied for user 'root'@'localhost' (using password: NO)
2026-09-28T10:39:52.691610Z 38 [Note] Access denied for user 'root'@'localhost' (using password: NO)
2026-09-28T10:40:03.695221Z 39 [Note] Access denied for user 'root'@'localhost' (using password: NO)
2026-09-28T10:40:14.701906Z 40 [Note] Access denied for user 'root'@'localhost' (using password: NO)
2026-09-28T10:40:25.710932Z 41 [Note] Access denied for user 'root'@'localhost' (using password: NO)
2026-09-28T10:40:36.695997Z 42 [Note] Access denied for user 'root'@'localhost' (using password: NO)
2026-09-28T10:40:47.700800Z 43 [Note] Access denied for user 'root'@'localhost' (using password: NO)
2026-09-28T10:40:58.695535Z 44 [Note] Access denied for user 'root'@'localhost' (using password: NO)
2026-09-28T10:41:09.707752Z 45 [Note] Access denied for user 'root'@'localhost' (using password: NO)
2026-09-28T10:41:20.684045Z 46 [Note] Access denied for user 'root'@'localhost' (using password: NO)
2026-09-28T10:41:31.702203Z 47 [Note] Access denied for user 'root'@'localhost' (using password: NO)
2026-09-28T10:41:42.690457Z 48 [Note] Access denied for user 'root'@'localhost' (using password: NO)
2026-09-28T10:41:53.689708Z 49 [Note] Access denied for user 'root'@'localhost' (using password: NO)
2026-09-28T10:42:04.684505Z 50 [Note] Access denied for user 'root'@'localhost' (using password: NO)
2026-09-28T10:42:15.702631Z 51 [Note] Access denied for user 'root'@'localhost' (using password: NO)
2026-09-28T10:42:21.099964Z 0 [Note] Giving 2 client threads a chance to die gracefully
2026-09-28T10:42:21.100033Z 0 [Note] Shutting down slave threads
2026-09-28T10:42:23.100423Z 0 [Note] Forcefully disconnecting 2 remaining clients
2026-09-28T10:42:23.100490Z 0 [Warning] mysqld: Forcing close of thread 2  user: 'otel'

2026-09-28T10:42:23.100647Z 0 [Warning] mysqld: Forcing close of thread 3  user: 'otel'

2026-09-28T10:42:23.100772Z 0 [Note] Event Scheduler: Purging the queue. 0 events
2026-09-28T10:42:23.101109Z 0 [Note] Binlog end
2026-09-28T10:42:23.101479Z 0 [Note] Shutting down plugin 'ngram'
2026-09-28T10:42:23.101484Z 0 [Note] Shutting down plugin 'partition'
2026-09-28T10:42:23.101488Z 0 [Note] Shutting down plugin 'BLACKHOLE'
2026-09-28T10:42:23.101491Z 0 [Note] Shutting down plugin 'ARCHIVE'
2026-09-28T10:42:23.101493Z 0 [Note] Shutting down plugin 'PERFORMANCE_SCHEMA'
2026-09-28T10:42:23.101519Z 0 [Note] Shutting down plugin 'MRG_MYISAM'
2026-09-28T10:42:23.101523Z 0 [Note] Shutting down plugin 'MyISAM'
2026-09-28T10:42:23.101529Z 0 [Note] Shutting down plugin 'INNODB_SYS_VIRTUAL'
2026-09-28T10:42:23.101533Z 0 [Note] Shutting down plugin 'INNODB_SYS_DATAFILES'
2026-09-28T10:42:23.101543Z 0 [Note] Shutting down plugin 'INNODB_SYS_TABLESPACES'
2026-09-28T10:42:23.101545Z 0 [Note] Shutting down plugin 'INNODB_SYS_FOREIGN_COLS'
2026-09-28T10:42:23.101547Z 0 [Note] Shutting down plugin 'INNODB_SYS_FOREIGN'
2026-09-28T10:42:23.101549Z 0 [Note] Shutting down plugin 'INNODB_SYS_FIELDS'
2026-09-28T10:42:23.101551Z 0 [Note] Shutting down plugin 'INNODB_SYS_COLUMNS'
2026-09-28T10:42:23.101553Z 0 [Note] Shutting down plugin 'INNODB_SYS_INDEXES'
2026-09-28T10:42:23.101555Z 0 [Note] Shutting down plugin 'INNODB_SYS_TABLESTATS'
2026-09-28T10:42:23.101556Z 0 [Note] Shutting down plugin 'INNODB_SYS_TABLES'
2026-09-28T10:42:23.101558Z 0 [Note] Shutting down plugin 'INNODB_FT_INDEX_TABLE'
2026-09-28T10:42:23.101560Z 0 [Note] Shutting down plugin 'INNODB_FT_INDEX_CACHE'
2026-09-28T10:42:23.101562Z 0 [Note] Shutting down plugin 'INNODB_FT_CONFIG'
2026-09-28T10:42:23.101563Z 0 [Note] Shutting down plugin 'INNODB_FT_BEING_DELETED'
2026-09-28T10:42:23.101565Z 0 [Note] Shutting down plugin 'INNODB_FT_DELETED'
2026-09-28T10:42:23.101567Z 0 [Note] Shutting down plugin 'INNODB_FT_DEFAULT_STOPWORD'
2026-09-28T10:42:23.101569Z 0 [Note] Shutting down plugin 'INNODB_METRICS'
2026-09-28T10:42:23.101570Z 0 [Note] Shutting down plugin 'INNODB_TEMP_TABLE_INFO'
2026-09-28T10:42:23.101572Z 0 [Note] Shutting down plugin 'INNODB_BUFFER_POOL_STATS'
2026-09-28T10:42:23.101574Z 0 [Note] Shutting down plugin 'INNODB_BUFFER_PAGE_LRU'
2026-09-28T10:42:23.101576Z 0 [Note] Shutting down plugin 'INNODB_BUFFER_PAGE'
2026-09-28T10:42:23.101578Z 0 [Note] Shutting down plugin 'INNODB_CMP_PER_INDEX_RESET'
2026-09-28T10:42:23.101580Z 0 [Note] Shutting down plugin 'INNODB_CMP_PER_INDEX'
2026-09-28T10:42:23.101582Z 0 [Note] Shutting down plugin 'INNODB_CMPMEM_RESET'
2026-09-28T10:42:23.101584Z 0 [Note] Shutting down plugin 'INNODB_CMPMEM'
2026-09-28T10:42:23.101585Z 0 [Note] Shutting down plugin 'INNODB_CMP_RESET'
2026-09-28T10:42:23.101587Z 0 [Note] Shutting down plugin 'INNODB_CMP'
2026-09-28T10:42:23.101590Z 0 [Note] Shutting down plugin 'INNODB_LOCK_WAITS'
2026-09-28T10:42:23.101591Z 0 [Note] Shutting down plugin 'INNODB_LOCKS'
2026-09-28T10:42:23.101593Z 0 [Note] Shutting down plugin 'INNODB_TRX'
2026-09-28T10:42:23.101595Z 0 [Note] Shutting down plugin 'InnoDB'
2026-09-28T10:42:23.101696Z 0 [Note] InnoDB: FTS optimize thread exiting.
2026-09-28T10:42:23.101936Z 0 [Note] InnoDB: Starting shutdown...
2026-09-28T10:42:23.202110Z 0 [Note] InnoDB: Dumping buffer pool(s) to /var/lib/mysql/ib_buffer_pool
2026-09-28T10:42:23.202728Z 0 [Note] InnoDB: Buffer pool(s) dump completed at 260928 18:42:23
2026-09-28T10:42:24.311002Z 0 [Note] InnoDB: Shutdown completed; log sequence number 12243867
2026-09-28T10:42:24.311995Z 0 [Note] InnoDB: Removed temporary tablespace data file: "ibtmp1"
2026-09-28T10:42:24.312012Z 0 [Note] Shutting down plugin 'MEMORY'
2026-09-28T10:42:24.312017Z 0 [Note] Shutting down plugin 'CSV'
2026-09-28T10:42:24.312021Z 0 [Note] Shutting down plugin 'sha256_password'
2026-09-28T10:42:24.312023Z 0 [Note] Shutting down plugin 'mysql_native_password'
2026-09-28T10:42:24.312128Z 0 [Note] Shutting down plugin 'binlog'
2026-09-28T10:42:24.312682Z 0 [Note] mysqld: Shutdown complete

2026-09-28T10:43:12.055363Z 0 [Warning] TIMESTAMP with implicit DEFAULT value is deprecated. Please use --explicit_defaults_for_timestamp server option (see documentation for more details).
2026-09-28T10:43:12.056800Z 0 [Note] mysqld (mysqld 5.7.44) starting as process 1 ...
2026-09-28T10:43:12.059984Z 0 [Note] InnoDB: PUNCH HOLE support available
2026-09-28T10:43:12.060003Z 0 [Note] InnoDB: Mutexes and rw_locks use GCC atomic builtins
2026-09-28T10:43:12.060006Z 0 [Note] InnoDB: Uses event mutexes
2026-09-28T10:43:12.060009Z 0 [Note] InnoDB: GCC builtin __atomic_thread_fence() is used for memory barrier
2026-09-28T10:43:12.060012Z 0 [Note] InnoDB: Compressed tables use zlib 1.2.13
2026-09-28T10:43:12.060016Z 0 [Note] InnoDB: Using Linux native AIO
2026-09-28T10:43:12.060241Z 0 [Note] InnoDB: Number of pools: 1
2026-09-28T10:43:12.060365Z 0 [Note] InnoDB: Using CPU crc32 instructions
2026-09-28T10:43:12.062204Z 0 [Note] InnoDB: Initializing buffer pool, total size = 128M, instances = 1, chunk size = 128M
2026-09-28T10:43:12.067740Z 0 [Note] InnoDB: Completed initialization of buffer pool
2026-09-28T10:43:12.069617Z 0 [Note] InnoDB: If the mysqld execution user is authorized, page cleaner thread priority can be changed. See the man page of setpriority().
2026-09-28T10:43:12.081691Z 0 [Note] InnoDB: Highest supported file format is Barracuda.
2026-09-28T10:43:12.086175Z 0 [Note] InnoDB: Creating shared tablespace for temporary tables
2026-09-28T10:43:12.086226Z 0 [Note] InnoDB: Setting file './ibtmp1' size to 12 MB. Physically writing the file full; Please wait ...
2026-09-28T10:43:12.099900Z 0 [Note] InnoDB: File './ibtmp1' size is now 12 MB.
2026-09-28T10:43:12.100318Z 0 [Note] InnoDB: 96 redo rollback segment(s) found. 96 redo rollback segment(s) are active.
2026-09-28T10:43:12.100327Z 0 [Note] InnoDB: 32 non-redo rollback segment(s) are active.
2026-09-28T10:43:12.100789Z 0 [Note] InnoDB: Waiting for purge to start
2026-09-28T10:43:12.151093Z 0 [Note] InnoDB: 5.7.44 started; log sequence number 12243867
2026-09-28T10:43:12.151627Z 0 [Note] InnoDB: Loading buffer pool(s) from /var/lib/mysql/ib_buffer_pool
2026-09-28T10:43:12.151715Z 0 [Note] Plugin 'FEDERATED' is disabled.
2026-09-28T10:43:12.152782Z 0 [Note] InnoDB: Buffer pool(s) load completed at 260928 18:43:12
2026-09-28T10:43:12.155554Z 0 [Note] Found ca.pem, server-cert.pem and server-key.pem in data directory. Trying to enable SSL support using them.
2026-09-28T10:43:12.155565Z 0 [Note] Skipping generation of SSL certificates as certificate files are present in data directory.
2026-09-28T10:43:12.155569Z 0 [Warning] A deprecated TLS version TLSv1 is enabled. Please use TLSv1.2 or higher.
2026-09-28T10:43:12.155571Z 0 [Warning] A deprecated TLS version TLSv1.1 is enabled. Please use TLSv1.2 or higher.
2026-09-28T10:43:12.155885Z 0 [Warning] CA certificate ca.pem is self signed.
2026-09-28T10:43:12.155904Z 0 [Note] Skipping generation of RSA key pair as key files are present in data directory.
2026-09-28T10:43:12.156164Z 0 [Note] Server hostname (bind-address): '*'; port: 3306
2026-09-28T10:43:12.156245Z 0 [Note] IPv6 is available.
2026-09-28T10:43:12.156258Z 0 [Note]   - '::' resolves to '::';
2026-09-28T10:43:12.156269Z 0 [Note] Server socket created on IP: '::'.
2026-09-28T10:43:12.156936Z 0 [Warning] Insecure configuration for --pid-file: Location '/var/run/mysqld' in the path is accessible to all OS users. Consider choosing a different directory.
2026-09-28T10:43:12.163568Z 0 [Note] Event Scheduler: Loaded 0 events
2026-09-28T10:43:12.163856Z 0 [Note] mysqld: ready for connections.
Version: '5.7.44'  socket: '/var/run/mysqld/mysqld.sock'  port: 3306  MySQL Community Server (GPL)
2026-09-28T10:43:21.708997Z 4 [Note] Access denied for user 'root'@'localhost' (using password: NO)
2026-09-28T10:43:32.691463Z 5 [Note] Access denied for user 'root'@'localhost' (using password: NO)
2026-09-28T10:43:43.693268Z 6 [Note] Access denied for user 'root'@'localhost' (using password: NO)
2026-09-28T10:43:54.695877Z 7 [Note] Access denied for user 'root'@'localhost' (using password: NO)
2026-09-28T10:44:05.698511Z 8 [Note] Access denied for user 'root'@'localhost' (using password: NO)
2026-09-28T10:44:16.685585Z 9 [Note] Access denied for user 'root'@'localhost' (using password: NO)
2026-09-28T10:44:27.684952Z 10 [Note] Access denied for user 'root'@'localhost' (using password: NO)
2026-09-28T10:44:38.718173Z 11 [Note] Access denied for user 'root'@'localhost' (using password: NO)
2026-09-28T10:44:49.700733Z 12 [Note] Access denied for user 'root'@'localhost' (using password: NO)
2026-09-28T10:45:00.687983Z 13 [Note] Access denied for user 'root'@'localhost' (using password: NO)
2026-09-28T10:45:11.696451Z 14 [Note] Access denied for user 'root'@'localhost' (using password: NO)
2026-09-28T10:45:22.695584Z 15 [Note] Access denied for user 'root'@'localhost' (using password: NO)
2026-09-28T10:45:33.699022Z 16 [Note] Access denied for user 'root'@'localhost' (using password: NO)
2026-09-28T10:45:44.705135Z 17 [Note] Access denied for user 'root'@'localhost' (using password: NO)
2026-09-28T10:45:55.701205Z 18 [Note] Access denied for user 'root'@'localhost' (using password: NO)
2026-09-28T10:46:06.698399Z 19 [Note] Access denied for user 'root'@'localhost' (using password: NO)
2026-09-28T10:46:17.684150Z 20 [Note] Access denied for user 'root'@'localhost' (using password: NO)
2026-09-28T10:46:28.689341Z 21 [Note] Access denied for user 'root'@'localhost' (using password: NO)
2026-09-28T10:46:39.707468Z 22 [Note] Access denied for user 'root'@'localhost' (using password: NO)
2026-09-28T10:46:50.712927Z 23 [Note] Access denied for user 'root'@'localhost' (using password: NO)
2026-09-28T10:47:01.695245Z 24 [Note] Access denied for user 'root'@'localhost' (using password: NO)
2026-09-28T10:47:12.707985Z 25 [Note] Access denied for user 'root'@'localhost' (using password: NO)
2026-09-28T10:47:23.692533Z 26 [Note] Access denied for user 'root'@'localhost' (using password: NO)
2026-09-28T10:47:34.700244Z 27 [Note] Access denied for user 'root'@'localhost' (using password: NO)
2026-09-28T10:47:45.695517Z 28 [Note] Access denied for user 'root'@'localhost' (using password: NO)
2026-09-28T10:47:56.694257Z 29 [Note] Access denied for user 'root'@'localhost' (using password: NO)
2026-09-28T10:48:07.691360Z 30 [Note] Access denied for user 'root'@'localhost' (using password: NO)
2026-09-28T10:48:18.698114Z 31 [Note] Access denied for user 'root'@'localhost' (using password: NO)
2026-09-28T10:48:29.715386Z 32 [Note] Access denied for user 'root'@'localhost' (using password: NO)
2026-09-28T10:48:40.695445Z 33 [Note] Access denied for user 'root'@'localhost' (using password: NO)
2026-09-28T10:48:51.693482Z 34 [Note] Access denied for user 'root'@'localhost' (using password: NO)
2026-09-28T10:49:02.701015Z 35 [Note] Access denied for user 'root'@'localhost' (using password: NO)
2026-09-28T10:49:13.698357Z 36 [Note] Access denied for user 'root'@'localhost' (using password: NO)
2026-09-28T10:49:24.677673Z 37 [Note] Access denied for user 'root'@'localhost' (using password: NO)
2026-09-28T10:49:35.691425Z 38 [Note] Access denied for user 'root'@'localhost' (using password: NO)
2026-09-28T10:49:46.698336Z 39 [Note] Access denied for user 'root'@'localhost' (using password: NO)
2026-09-28T10:49:57.687421Z 40 [Note] Access denied for user 'root'@'localhost' (using password: NO)
2026-09-28T10:50:08.693989Z 41 [Note] Access denied for user 'root'@'localhost' (using password: NO)
2026-09-28T10:50:19.695059Z 42 [Note] Access denied for user 'root'@'localhost' (using password: NO)
2026-09-28T10:50:30.713693Z 43 [Note] Access denied for user 'root'@'localhost' (using password: NO)
2026-09-28T10:50:41.712760Z 44 [Note] Access denied for user 'root'@'localhost' (using password: NO)
2026-09-28T10:50:52.693836Z 45 [Note] Access denied for user 'root'@'localhost' (using password: NO)
2026-09-28T10:51:03.684038Z 46 [Note] Access denied for user 'root'@'localhost' (using password: NO)
2026-09-28T10:51:14.800927Z 47 [Note] Access denied for user 'root'@'localhost' (using password: NO)
2026-09-28T10:51:25.701954Z 48 [Note] Access denied for user 'root'@'localhost' (using password: NO)
2026-09-28T10:51:36.700135Z 49 [Note] Access denied for user 'root'@'localhost' (using password: NO)
2026-09-28T10:51:47.691391Z 50 [Note] Access denied for user 'root'@'localhost' (using password: NO)
2026-09-28T10:51:58.687295Z 51 [Note] Access denied for user 'root'@'localhost' (using password: NO)
2026-09-28T10:52:09.698168Z 52 [Note] Access denied for user 'root'@'localhost' (using password: NO)
2026-09-28T10:52:19.906887Z 53 [Note] Access denied for user 'root'@'localhost' (using password: NO)
2026-09-28T10:52:30.698385Z 54 [Note] Access denied for user 'root'@'localhost' (using password: NO)
2026-09-28T10:52:41.704447Z 55 [Note] Access denied for user 'root'@'localhost' (using password: NO)
2026-09-28T10:52:52.696823Z 56 [Note] Access denied for user 'root'@'localhost' (using password: NO)
2026-09-28T10:53:03.696118Z 57 [Note] Access denied for user 'root'@'localhost' (using password: NO)
2026-09-28T10:53:14.700760Z 58 [Note] Access denied for user 'root'@'localhost' (using password: NO)
2026-09-28T10:53:25.698132Z 59 [Note] Access denied for user 'root'@'localhost' (using password: NO)
2026-09-28T10:53:36.705438Z 60 [Note] Access denied for user 'root'@'localhost' (using password: NO)
2026-09-28T10:53:47.695012Z 61 [Note] Access denied for user 'root'@'localhost' (using password: NO)
2026-09-28T10:53:58.704272Z 62 [Note] Access denied for user 'root'@'localhost' (using password: NO)
2026-09-28T10:54:09.699635Z 63 [Note] Access denied for user 'root'@'localhost' (using password: NO)
2026-09-28T10:54:20.692181Z 64 [Note] Access denied for user 'root'@'localhost' (using password: NO)
2026-09-28T10:54:31.712596Z 65 [Note] Access denied for user 'root'@'localhost' (using password: NO)
2026-09-28T10:54:42.747858Z 66 [Note] Access denied for user 'root'@'localhost' (using password: NO)
2026-09-28T10:54:53.628457Z 67 [Note] Access denied for user 'root'@'localhost' (using password: NO)
2026-09-28T10:55:04.699768Z 68 [Note] Access denied for user 'root'@'localhost' (using password: NO)
2026-09-28T10:55:15.699957Z 69 [Note] Access denied for user 'root'@'localhost' (using password: NO)
2026-09-28T10:55:26.691445Z 70 [Note] Access denied for user 'root'@'localhost' (using password: NO)
2026-09-28T10:55:37.707647Z 71 [Note] Access denied for user 'root'@'localhost' (using password: NO)
2026-09-28T10:55:48.682454Z 72 [Note] Access denied for user 'root'@'localhost' (using password: NO)
2026-09-28T10:55:59.680079Z 73 [Note] Access denied for user 'root'@'localhost' (using password: NO)
2026-09-28T10:56:10.698172Z 74 [Note] Access denied for user 'root'@'localhost' (using password: NO)
2026-09-28T10:56:21.694736Z 75 [Note] Access denied for user 'root'@'localhost' (using password: NO)
2026-09-28T10:56:32.697706Z 76 [Note] Access denied for user 'root'@'localhost' (using password: NO)
2026-09-28T10:56:43.684651Z 77 [Note] Access denied for user 'root'@'localhost' (using password: NO)
2026-09-28T10:56:54.689551Z 78 [Note] Access denied for user 'root'@'localhost' (using password: NO)
2026-09-28T10:57:05.694550Z 79 [Note] Access denied for user 'root'@'localhost' (using password: NO)
2026-09-28T10:57:16.686974Z 80 [Note] Access denied for user 'root'@'localhost' (using password: NO)
2026-09-28T10:57:27.696488Z 81 [Note] Access denied for user 'root'@'localhost' (using password: NO)
2026-09-28T10:57:38.701760Z 82 [Note] Access denied for user 'root'@'localhost' (using password: NO)
2026-09-28T10:57:49.692365Z 83 [Note] Access denied for user 'root'@'localhost' (using password: NO)
2026-09-28T10:58:00.694784Z 84 [Note] Access denied for user 'root'@'localhost' (using password: NO)
2026-09-28T10:58:11.711362Z 85 [Note] Access denied for user 'root'@'localhost' (using password: NO)
2026-09-28T10:58:22.709768Z 86 [Note] Access denied for user 'root'@'localhost' (using password: NO)
2026-09-28T10:58:33.702075Z 87 [Note] Access denied for user 'root'@'localhost' (using password: NO)
2026-09-28T10:58:44.694530Z 88 [Note] Access denied for user 'root'@'localhost' (using password: NO)
2026-09-28T10:58:55.682551Z 89 [Note] Access denied for user 'root'@'localhost' (using password: NO)
2026-09-28T10:59:06.689224Z 90 [Note] Access denied for user 'root'@'localhost' (using password: NO)
2026-09-28T10:59:17.697606Z 91 [Note] Access denied for user 'root'@'localhost' (using password: NO)
2026-09-28T10:59:28.691735Z 92 [Note] Access denied for user 'root'@'localhost' (using password: NO)
2026-09-28T10:59:39.695218Z 93 [Note] Access denied for user 'root'@'localhost' (using password: NO)
2026-09-28T10:59:50.688254Z 94 [Note] Access denied for user 'root'@'localhost' (using password: NO)
2026-09-28T11:00:01.696056Z 95 [Note] Access denied for user 'root'@'localhost' (using password: NO)
2026-09-28T11:00:12.695528Z 96 [Note] Access denied for user 'root'@'localhost' (using password: NO)
2026-09-28T11:00:23.700220Z 97 [Note] Access denied for user 'root'@'localhost' (using password: NO)
2026-09-28T11:00:34.705232Z 98 [Note] Access denied for user 'root'@'localhost' (using password: NO)
2026-09-28T11:00:45.701086Z 99 [Note] Access denied for user 'root'@'localhost' (using password: NO)
2026-09-28T11:00:56.699529Z 100 [Note] Access denied for user 'root'@'localhost' (using password: NO)
2026-09-28T11:01:07.690347Z 101 [Note] Access denied for user 'root'@'localhost' (using password: NO)
2026-09-28T11:01:18.703224Z 102 [Note] Access denied for user 'root'@'localhost' (using password: NO)
2026-09-28T11:01:29.708749Z 103 [Note] Access denied for user 'root'@'localhost' (using password: NO)
2026-09-28T11:01:40.693357Z 104 [Note] Access denied for user 'root'@'localhost' (using password: NO)
2026-09-28T11:01:51.694677Z 105 [Note] Access denied for user 'root'@'localhost' (using password: NO)
2026-09-28T11:02:02.699007Z 106 [Note] Access denied for user 'root'@'localhost' (using password: NO)
2026-09-28T11:02:13.697234Z 107 [Note] Access denied for user 'root'@'localhost' (using password: NO)
2026-09-28T11:02:24.681409Z 108 [Note] Access denied for user 'root'@'localhost' (using password: NO)
2026-09-28T11:02:35.692442Z 109 [Note] Access denied for user 'root'@'localhost' (using password: NO)
2026-09-28T11:02:46.696034Z 110 [Note] Access denied for user 'root'@'localhost' (using password: NO)
2026-09-28T11:02:57.707215Z 111 [Note] Access denied for user 'root'@'localhost' (using password: NO)
2026-09-28T11:03:08.696427Z 112 [Note] Access denied for user 'root'@'localhost' (using password: NO)
2026-09-28T11:03:19.728579Z 113 [Note] Access denied for user 'root'@'localhost' (using password: NO)
2026-09-28T11:03:30.711070Z 114 [Note] Access denied for user 'root'@'localhost' (using password: NO)
2026-09-28T11:03:41.706239Z 115 [Note] Access denied for user 'root'@'localhost' (using password: NO)
2026-09-28T11:03:52.693420Z 116 [Note] Access denied for user 'root'@'localhost' (using password: NO)
2026-09-28T11:04:03.689211Z 117 [Note] Access denied for user 'root'@'localhost' (using password: NO)
2026-09-28T11:04:14.703715Z 118 [Note] Access denied for user 'root'@'localhost' (using password: NO)
2026-09-28T11:04:25.710570Z 119 [Note] Access denied for user 'root'@'localhost' (using password: NO)
2026-09-28T11:04:36.698671Z 120 [Note] Access denied for user 'root'@'localhost' (using password: NO)
2026-09-28T11:04:47.685422Z 121 [Note] Access denied for user 'root'@'localhost' (using password: NO)
2026-09-28T11:04:58.697428Z 122 [Note] Access denied for user 'root'@'localhost' (using password: NO)
2026-09-28T11:05:09.698046Z 123 [Note] Access denied for user 'root'@'localhost' (using password: NO)
2026-09-28T11:05:20.699798Z 124 [Note] Access denied for user 'root'@'localhost' (using password: NO)
2026-09-28T11:05:31.700054Z 125 [Note] Access denied for user 'root'@'localhost' (using password: NO)
2026-09-28T11:05:42.699516Z 126 [Note] Access denied for user 'root'@'localhost' (using password: NO)
2026-09-28T11:05:53.697447Z 127 [Note] Access denied for user 'root'@'localhost' (using password: NO)
2026-09-28T11:06:04.708936Z 128 [Note] Access denied for user 'root'@'localhost' (using password: NO)
2026-09-28T11:06:15.696749Z 129 [Note] Access denied for user 'root'@'localhost' (using password: NO)
2026-09-28T11:06:26.699690Z 130 [Note] Access denied for user 'root'@'localhost' (using password: NO)
2026-09-28T11:06:37.697037Z 131 [Note] Access denied for user 'root'@'localhost' (using password: NO)
2026-09-28T11:06:48.699630Z 132 [Note] Access denied for user 'root'@'localhost' (using password: NO)
2026-09-28T11:06:59.788487Z 133 [Note] Access denied for user 'root'@'localhost' (using password: NO)
2026-09-28T11:07:11.544111Z 134 [Note] Access denied for user 'root'@'localhost' (using password: NO)
2026-09-28T11:07:21.839478Z 135 [Note] Access denied for user 'root'@'localhost' (using password: NO)
2026-09-28T11:07:33.477576Z 136 [Note] Access denied for user 'root'@'localhost' (using password: NO)
2026-09-28T11:07:43.765887Z 137 [Note] Access denied for user 'root'@'localhost' (using password: NO)
2026-09-28T11:07:54.769919Z 138 [Note] Access denied for user 'root'@'localhost' (using password: NO)
2026-09-28T11:08:05.744543Z 139 [Note] Access denied for user 'root'@'localhost' (using password: NO)
2026-09-28T11:08:16.713950Z 140 [Note] Access denied for user 'root'@'localhost' (using password: NO)
2026-09-28T11:08:27.716669Z 141 [Note] Access denied for user 'root'@'localhost' (using password: NO)
2026-09-28T11:08:38.805241Z 142 [Note] Access denied for user 'root'@'localhost' (using password: NO)
2026-09-28T11:08:49.724707Z 143 [Note] Access denied for user 'root'@'localhost' (using password: NO)
2026-09-28T11:09:00.742916Z 144 [Note] Access denied for user 'root'@'localhost' (using password: NO)
2026-09-28T11:09:11.765410Z 145 [Note] Access denied for user 'root'@'localhost' (using password: NO)
2026-09-28T11:09:22.742397Z 146 [Note] Access denied for user 'root'@'localhost' (using password: NO)
2026-09-28T11:09:33.743132Z 147 [Note] Access denied for user 'root'@'localhost' (using password: NO)
2026-09-28T11:09:44.728603Z 148 [Note] Access denied for user 'root'@'localhost' (using password: NO)
2026-09-28T11:09:55.717639Z 149 [Note] Access denied for user 'root'@'localhost' (using password: NO)
2026-09-28T11:10:06.743792Z 150 [Note] Access denied for user 'root'@'localhost' (using password: NO)
2026-09-28T11:10:17.701541Z 151 [Note] Access denied for user 'root'@'localhost' (using password: NO)
2026-09-28T11:10:28.729716Z 152 [Note] Access denied for user 'root'@'localhost' (using password: NO)
2026-09-28T11:10:39.698417Z 153 [Note] Access denied for user 'root'@'localhost' (using password: NO)
2026-09-28T11:10:50.695453Z 154 [Note] Access denied for user 'root'@'localhost' (using password: NO)
2026-09-28T11:11:01.715566Z 155 [Note] Access denied for user 'root'@'localhost' (using password: NO)
2026-09-28T11:11:12.715818Z 156 [Note] Access denied for user 'root'@'localhost' (using password: NO)
2026-09-28T11:11:23.697173Z 157 [Note] Access denied for user 'root'@'localhost' (using password: NO)
2026-09-28T11:11:34.707647Z 158 [Note] Access denied for user 'root'@'localhost' (using password: NO)
2026-09-28T11:11:45.703793Z 159 [Note] Access denied for user 'root'@'localhost' (using password: NO)
2026-09-28T11:11:56.695997Z 160 [Note] Access denied for user 'root'@'localhost' (using password: NO)
2026-09-28T11:12:07.706805Z 161 [Note] Access denied for user 'root'@'localhost' (using password: NO)
2026-09-28T11:12:18.698694Z 162 [Note] Access denied for user 'root'@'localhost' (using password: NO)
2026-09-28T11:12:29.692292Z 163 [Note] Access denied for user 'root'@'localhost' (using password: NO)
2026-09-28T11:12:40.706224Z 164 [Note] Access denied for user 'root'@'localhost' (using password: NO)
2026-09-28T11:12:51.697753Z 165 [Note] Access denied for user 'root'@'localhost' (using password: NO)
2026-09-28T11:13:02.699707Z 166 [Note] Access denied for user 'root'@'localhost' (using password: NO)
2026-09-28T11:13:13.722320Z 167 [Note] Access denied for user 'root'@'localhost' (using password: NO)
2026-09-28T11:13:24.696403Z 168 [Note] Access denied for user 'root'@'localhost' (using password: NO)
2026-09-28T11:13:35.832446Z 169 [Note] Access denied for user 'root'@'localhost' (using password: NO)
2026-09-28T11:13:46.708129Z 170 [Note] Access denied for user 'root'@'localhost' (using password: NO)
2026-09-28T11:13:57.702071Z 171 [Note] Access denied for user 'root'@'localhost' (using password: NO)
2026-09-28T11:14:08.719617Z 172 [Note] Access denied for user 'root'@'localhost' (using password: NO)
2026-09-28T11:14:19.689951Z 173 [Note] Access denied for user 'root'@'localhost' (using password: NO)
2026-09-28T11:14:30.696610Z 174 [Note] Access denied for user 'root'@'localhost' (using password: NO)
2026-09-28T11:14:41.695987Z 175 [Note] Access denied for user 'root'@'localhost' (using password: NO)
2026-09-28T11:14:52.699545Z 176 [Note] Access denied for user 'root'@'localhost' (using password: NO)
2026-09-28T11:15:03.698890Z 177 [Note] Access denied for user 'root'@'localhost' (using password: NO)
2026-09-28T11:15:14.697249Z 178 [Note] Access denied for user 'root'@'localhost' (using password: NO)
2026-09-28T11:15:25.706951Z 179 [Note] Access denied for user 'root'@'localhost' (using password: NO)
2026-09-28T11:15:36.720117Z 180 [Note] Access denied for user 'root'@'localhost' (using password: NO)
2026-09-28T11:15:47.700459Z 181 [Note] Access denied for user 'root'@'localhost' (using password: NO)
2026-09-28T11:15:58.718166Z 182 [Note] Access denied for user 'root'@'localhost' (using password: NO)
2026-09-28T11:16:09.692244Z 183 [Note] Access denied for user 'root'@'localhost' (using password: NO)
2026-09-28T11:16:20.710217Z 184 [Note] Access denied for user 'root'@'localhost' (using password: NO)
2026-09-28T11:16:31.692348Z 185 [Note] Access denied for user 'root'@'localhost' (using password: NO)
2026-09-28T11:16:42.716536Z 186 [Note] Access denied for user 'root'@'localhost' (using password: NO)
2026-09-28T11:16:53.696581Z 187 [Note] Access denied for user 'root'@'localhost' (using password: NO)
2026-09-28T11:17:04.705976Z 188 [Note] Access denied for user 'root'@'localhost' (using password: NO)
2026-09-28T11:17:15.703283Z 189 [Note] Access denied for user 'root'@'localhost' (using password: NO)
2026-09-28T11:17:26.696138Z 190 [Note] Access denied for user 'root'@'localhost' (using password: NO)
2026-09-28T11:17:37.701730Z 191 [Note] Access denied for user 'root'@'localhost' (using password: NO)
2026-09-28T11:17:48.695122Z 192 [Note] Access denied for user 'root'@'localhost' (using password: NO)
2026-09-28T11:17:59.713138Z 193 [Note] Access denied for user 'root'@'localhost' (using password: NO)
2026-09-28T11:18:10.697628Z 194 [Note] Access denied for user 'root'@'localhost' (using password: NO)
2026-09-28T11:18:21.711505Z 195 [Note] Access denied for user 'root'@'localhost' (using password: NO)
2026-09-28T11:18:32.695883Z 196 [Note] Access denied for user 'root'@'localhost' (using password: NO)
2026-09-28T11:18:43.708217Z 197 [Note] Access denied for user 'root'@'localhost' (using password: NO)
2026-09-28T11:18:53.871098Z 198 [Note] Access denied for user 'root'@'localhost' (using password: NO)
2026-09-28T11:19:04.702130Z 199 [Note] Access denied for user 'root'@'localhost' (using password: NO)
2026-09-28T11:19:15.709758Z 200 [Note] Access denied for user 'root'@'localhost' (using password: NO)
2026-09-28T11:19:26.703675Z 201 [Note] Access denied for user 'root'@'localhost' (using password: NO)
2026-09-28T11:19:37.706695Z 202 [Note] Access denied for user 'root'@'localhost' (using password: NO)
2026-09-28T11:19:48.705972Z 203 [Note] Access denied for user 'root'@'localhost' (using password: NO)
2026-09-28T11:19:59.704102Z 204 [Note] Access denied for user 'root'@'localhost' (using password: NO)
2026-09-28T11:20:10.701651Z 205 [Note] Access denied for user 'root'@'localhost' (using password: NO)
2026-09-28T11:20:21.707645Z 206 [Note] Access denied for user 'root'@'localhost' (using password: NO)
2026-09-28T11:20:32.696052Z 207 [Note] Access denied for user 'root'@'localhost' (using password: NO)
2026-09-28T11:20:43.728641Z 208 [Note] Access denied for user 'root'@'localhost' (using password: NO)
2026-09-28T11:20:54.705180Z 209 [Note] Access denied for user 'root'@'localhost' (using password: NO)
2026-09-28T11:21:05.716159Z 210 [Note] Access denied for user 'root'@'localhost' (using password: NO)
2026-09-28T11:21:16.702509Z 211 [Note] Access denied for user 'root'@'localhost' (using password: NO)
2026-09-28T11:21:27.697718Z 212 [Note] Access denied for user 'root'@'localhost' (using password: NO)
2026-09-28T11:21:38.734989Z 213 [Note] Access denied for user 'root'@'localhost' (using password: NO)
2026-09-28T11:21:49.693742Z 214 [Note] Access denied for user 'root'@'localhost' (using password: NO)
2026-09-28T11:22:00.688625Z 215 [Note] Access denied for user 'root'@'localhost' (using password: NO)
2026-09-28T11:22:11.697488Z 216 [Note] Access denied for user 'root'@'localhost' (using password: NO)
2026-09-28T11:22:22.696799Z 217 [Note] Access denied for user 'root'@'localhost' (using password: NO)
2026-09-28T11:22:33.696567Z 218 [Note] Access denied for user 'root'@'localhost' (using password: NO)
2026-09-28T11:22:44.701635Z 219 [Note] Access denied for user 'root'@'localhost' (using password: NO)
2026-09-28T11:22:55.706858Z 220 [Note] Access denied for user 'root'@'localhost' (using password: NO)
2026-09-28T11:23:06.748738Z 221 [Note] Access denied for user 'root'@'localhost' (using password: NO)
2026-09-28T11:23:17.728477Z 222 [Note] Access denied for user 'root'@'localhost' (using password: NO)
2026-09-28T11:23:28.731218Z 223 [Note] Access denied for user 'root'@'localhost' (using password: NO)
2026-09-28T11:23:39.732819Z 224 [Note] Access denied for user 'root'@'localhost' (using password: NO)
2026-09-28T11:23:50.721719Z 225 [Note] Access denied for user 'root'@'localhost' (using password: NO)
2026-09-28T11:24:01.748649Z 226 [Note] Access denied for user 'root'@'localhost' (using password: NO)
2026-09-28T11:24:12.728995Z 227 [Note] Access denied for user 'root'@'localhost' (using password: NO)
2026-09-28T11:24:23.724802Z 228 [Note] Access denied for user 'root'@'localhost' (using password: NO)
2026-09-28T11:24:34.724800Z 229 [Note] Access denied for user 'root'@'localhost' (using password: NO)
2026-09-28T11:24:45.728360Z 230 [Note] Access denied for user 'root'@'localhost' (using password: NO)
2026-09-28T11:24:56.711580Z 231 [Note] Access denied for user 'root'@'localhost' (using password: NO)
2026-09-28T11:25:07.723119Z 232 [Note] Access denied for user 'root'@'localhost' (using password: NO)
2026-09-28T11:25:18.725812Z 233 [Note] Access denied for user 'root'@'localhost' (using password: NO)
2026-09-28T11:25:29.720790Z 234 [Note] Access denied for user 'root'@'localhost' (using password: NO)
2026-09-28T11:25:40.729500Z 235 [Note] Access denied for user 'root'@'localhost' (using password: NO)
2026-09-28T11:25:51.716782Z 236 [Note] Access denied for user 'root'@'localhost' (using password: NO)
2026-09-28T11:26:02.729917Z 237 [Note] Access denied for user 'root'@'localhost' (using password: NO)
2026-09-28T11:26:13.719223Z 238 [Note] Access denied for user 'root'@'localhost' (using password: NO)
2026-09-28T11:26:24.721269Z 239 [Note] Access denied for user 'root'@'localhost' (using password: NO)
2026-09-28T11:26:35.731660Z 240 [Note] Access denied for user 'root'@'localhost' (using password: NO)
2026-09-28T11:26:46.718901Z 241 [Note] Access denied for user 'root'@'localhost' (using password: NO)
2026-09-28T11:26:57.734767Z 242 [Note] Access denied for user 'root'@'localhost' (using password: NO)
2026-09-28T11:27:08.711910Z 243 [Note] Access denied for user 'root'@'localhost' (using password: NO)
2026-09-28T11:27:19.726777Z 244 [Note] Access denied for user 'root'@'localhost' (using password: NO)
2026-09-28T11:27:30.723656Z 245 [Note] Access denied for user 'root'@'localhost' (using password: NO)
2026-09-28T11:27:41.736452Z 246 [Note] Access denied for user 'root'@'localhost' (using password: NO)
2026-09-28T11:27:52.737458Z 247 [Note] Access denied for user 'root'@'localhost' (using password: NO)
2026-09-28T11:28:03.742632Z 248 [Note] Access denied for user 'root'@'localhost' (using password: NO)
2026-09-28T11:28:14.731678Z 249 [Note] Access denied for user 'root'@'localhost' (using password: NO)
2026-09-28T11:28:25.736801Z 250 [Note] Access denied for user 'root'@'localhost' (using password: NO)
2026-09-28T11:28:36.752391Z 251 [Note] Access denied for user 'root'@'localhost' (using password: NO)
2026-09-28T11:28:47.734872Z 252 [Note] Access denied for user 'root'@'localhost' (using password: NO)
2026-09-28T11:28:58.725115Z 253 [Note] Access denied for user 'root'@'localhost' (using password: NO)
2026-09-28T11:29:09.723612Z 254 [Note] Access denied for user 'root'@'localhost' (using password: NO)
2026-09-28T11:29:20.725193Z 255 [Note] Access denied for user 'root'@'localhost' (using password: NO)
2026-09-28T11:29:31.726515Z 256 [Note] Access denied for user 'root'@'localhost' (using password: NO)
2026-09-28T11:29:42.723059Z 257 [Note] Access denied for user 'root'@'localhost' (using password: NO)
2026-09-28T11:29:53.741867Z 258 [Note] Access denied for user 'root'@'localhost' (using password: NO)
2026-09-28T11:30:04.734725Z 259 [Note] Access denied for user 'root'@'localhost' (using password: NO)
2026-09-28T11:30:15.839696Z 260 [Note] Access denied for user 'root'@'localhost' (using password: NO)
2026-09-28T11:30:26.747442Z 261 [Note] Access denied for user 'root'@'localhost' (using password: NO)
2026-09-28T11:30:37.731424Z 262 [Note] Access denied for user 'root'@'localhost' (using password: NO)
2026-09-28T11:30:48.721713Z 263 [Note] Access denied for user 'root'@'localhost' (using password: NO)
2026-09-28T11:30:59.730760Z 264 [Note] Access denied for user 'root'@'localhost' (using password: NO)
2026-09-28T11:31:10.714317Z 265 [Note] Access denied for user 'root'@'localhost' (using password: NO)
2026-09-28T11:31:21.723140Z 266 [Note] Access denied for user 'root'@'localhost' (using password: NO)
2026-09-28T11:31:32.722892Z 267 [Note] Access denied for user 'root'@'localhost' (using password: NO)
2026-09-28T11:31:43.716762Z 268 [Note] Access denied for user 'root'@'localhost' (using password: NO)
2026-09-28T11:31:54.719797Z 269 [Note] Access denied for user 'root'@'localhost' (using password: NO)
2026-09-28T11:32:05.719558Z 270 [Note] Access denied for user 'root'@'localhost' (using password: NO)
2026-09-28T11:32:16.717757Z 271 [Note] Access denied for user 'root'@'localhost' (using password: NO)
2026-09-28T11:32:27.710070Z 272 [Note] Access denied for user 'root'@'localhost' (using password: NO)
2026-09-28T11:32:38.759078Z 273 [Note] Access denied for user 'root'@'localhost' (using password: NO)
2026-09-28T11:32:49.774304Z 274 [Note] Access denied for user 'root'@'localhost' (using password: NO)
2026-09-28T11:33:00.727538Z 275 [Note] Access denied for user 'root'@'localhost' (using password: NO)
2026-09-28T11:33:11.709284Z 276 [Note] Access denied for user 'root'@'localhost' (using password: NO)
2026-09-28T11:33:22.726929Z 277 [Note] Access denied for user 'root'@'localhost' (using password: NO)
2026-09-28T11:33:33.721913Z 278 [Note] Access denied for user 'root'@'localhost' (using password: NO)
2026-09-28T11:33:44.714394Z 279 [Note] Access denied for user 'root'@'localhost' (using password: NO)
2026-09-28T11:33:55.730453Z 280 [Note] Access denied for user 'root'@'localhost' (using password: NO)
2026-09-28T11:34:06.734310Z 281 [Note] Access denied for user 'root'@'localhost' (using password: NO)
2026-09-28T11:34:17.732119Z 282 [Note] Access denied for user 'root'@'localhost' (using password: NO)
2026-09-28T11:34:28.723187Z 283 [Note] Access denied for user 'root'@'localhost' (using password: NO)
2026-09-28T11:34:39.713029Z 284 [Note] Access denied for user 'root'@'localhost' (using password: NO)
2026-09-28T11:34:50.722019Z 285 [Note] Access denied for user 'root'@'localhost' (using password: NO)
2026-09-28T11:35:01.746583Z 286 [Note] Access denied for user 'root'@'localhost' (using password: NO)
2026-09-28T11:35:12.727041Z 287 [Note] Access denied for user 'root'@'localhost' (using password: NO)
2026-09-28T11:35:23.731970Z 288 [Note] Access denied for user 'root'@'localhost' (using password: NO)
2026-09-28T11:35:34.734699Z 289 [Note] Access denied for user 'root'@'localhost' (using password: NO)
2026-09-28T11:35:45.730085Z 290 [Note] Access denied for user 'root'@'localhost' (using password: NO)
2026-09-28T11:35:56.723931Z 291 [Note] Access denied for user 'root'@'localhost' (using password: NO)
2026-09-28T11:36:07.722493Z 292 [Note] Access denied for user 'root'@'localhost' (using password: NO)
2026-09-28T11:36:18.734617Z 293 [Note] Access denied for user 'root'@'localhost' (using password: NO)
2026-09-28T11:36:29.722477Z 294 [Note] Access denied for user 'root'@'localhost' (using password: NO)
2026-09-28T11:36:40.714673Z 295 [Note] Access denied for user 'root'@'localhost' (using password: NO)
2026-09-28T11:36:51.713747Z 296 [Note] Access denied for user 'root'@'localhost' (using password: NO)
2026-09-28T11:37:02.739238Z 297 [Note] Access denied for user 'root'@'localhost' (using password: NO)
2026-09-28T11:37:13.723456Z 298 [Note] Access denied for user 'root'@'localhost' (using password: NO)
2026-09-28T11:37:24.721631Z 299 [Note] Access denied for user 'root'@'localhost' (using password: NO)
2026-09-28T11:37:35.729059Z 300 [Note] Access denied for user 'root'@'localhost' (using password: NO)
2026-09-28T11:37:46.750783Z 301 [Note] Access denied for user 'root'@'localhost' (using password: NO)
2026-09-28T11:37:57.718968Z 302 [Note] Access denied for user 'root'@'localhost' (using password: NO)
2026-09-28T11:38:08.730063Z 303 [Note] Access denied for user 'root'@'localhost' (using password: NO)
2026-09-28T11:38:19.727761Z 304 [Note] Access denied for user 'root'@'localhost' (using password: NO)
2026-09-28T11:38:30.719479Z 305 [Note] Access denied for user 'root'@'localhost' (using password: NO)
2026-09-28T11:38:41.727767Z 306 [Note] Access denied for user 'root'@'localhost' (using password: NO)
2026-09-28T11:38:52.721400Z 307 [Note] Access denied for user 'root'@'localhost' (using password: NO)
2026-09-28T11:39:03.747828Z 308 [Note] Access denied for user 'root'@'localhost' (using password: NO)
2026-09-28T11:39:14.706685Z 309 [Note] Access denied for user 'root'@'localhost' (using password: NO)
2026-09-28T11:39:25.720247Z 310 [Note] Access denied for user 'root'@'localhost' (using password: NO)
2026-09-28T11:39:36.716650Z 311 [Note] Access denied for user 'root'@'localhost' (using password: NO)
2026-09-28T11:39:47.729129Z 312 [Note] Access denied for user 'root'@'localhost' (using password: NO)
2026-09-28T11:39:58.718387Z 313 [Note] Access denied for user 'root'@'localhost' (using password: NO)
2026-09-28T11:40:09.723423Z 314 [Note] Access denied for user 'root'@'localhost' (using password: NO)
2026-09-28T11:40:20.725956Z 315 [Note] Access denied for user 'root'@'localhost' (using password: NO)
2026-09-28T11:40:31.718137Z 316 [Note] Access denied for user 'root'@'localhost' (using password: NO)
2026-09-28T11:40:42.722187Z 317 [Note] Access denied for user 'root'@'localhost' (using password: NO)
2026-09-28T11:40:53.745076Z 318 [Note] Access denied for user 'root'@'localhost' (using password: NO)
2026-09-28T11:41:04.713797Z 319 [Note] Access denied for user 'root'@'localhost' (using password: NO)
2026-09-28T11:41:15.741170Z 320 [Note] Access denied for user 'root'@'localhost' (using password: NO)
2026-09-28T11:41:26.712764Z 321 [Note] Access denied for user 'root'@'localhost' (using password: NO)
2026-09-28T11:41:37.725874Z 322 [Note] Access denied for user 'root'@'localhost' (using password: NO)
2026-09-28T11:41:48.729175Z 323 [Note] Access denied for user 'root'@'localhost' (using password: NO)
2026-09-28T11:41:59.740208Z 324 [Note] Access denied for user 'root'@'localhost' (using password: NO)
2026-09-28T11:42:10.726867Z 325 [Note] Access denied for user 'root'@'localhost' (using password: NO)
2026-09-28T11:42:21.725686Z 326 [Note] Access denied for user 'root'@'localhost' (using password: NO)
2026-09-28T11:42:32.732655Z 327 [Note] Access denied for user 'root'@'localhost' (using password: NO)
2026-09-28T11:42:43.719219Z 328 [Note] Access denied for user 'root'@'localhost' (using password: NO)
2026-09-28T11:42:54.127926Z 329 [Note] Access denied for user 'root'@'localhost' (using password: NO)
2026-09-28T11:43:04.717736Z 330 [Note] Access denied for user 'root'@'localhost' (using password: NO)
2026-09-28T11:43:15.734237Z 331 [Note] Access denied for user 'root'@'localhost' (using password: NO)
2026-09-28T11:43:26.738738Z 332 [Note] Access denied for user 'root'@'localhost' (using password: NO)
2026-09-28T11:43:37.726689Z 333 [Note] Access denied for user 'root'@'localhost' (using password: NO)
2026-09-28T11:43:48.747708Z 334 [Note] Access denied for user 'root'@'localhost' (using password: NO)
2026-09-28T11:43:59.720625Z 335 [Note] Access denied for user 'root'@'localhost' (using password: NO)
2026-09-28T11:44:10.737464Z 336 [Note] Access denied for user 'root'@'localhost' (using password: NO)
2026-09-28T11:44:21.710358Z 337 [Note] Access denied for user 'root'@'localhost' (using password: NO)
2026-09-28T11:44:32.737508Z 338 [Note] Access denied for user 'root'@'localhost' (using password: NO)
2026-09-28T11:44:43.720672Z 339 [Note] Access denied for user 'root'@'localhost' (using password: NO)
2026-09-28T11:44:54.729379Z 340 [Note] Access denied for user 'root'@'localhost' (using password: NO)
2026-09-28T11:45:05.729972Z 341 [Note] Access denied for user 'root'@'localhost' (using password: NO)
2026-09-28T11:45:16.718512Z 342 [Note] Access denied for user 'root'@'localhost' (using password: NO)
2026-09-28T11:45:27.716998Z 343 [Note] Access denied for user 'root'@'localhost' (using password: NO)
2026-09-28T11:45:38.748329Z 344 [Note] Access denied for user 'root'@'localhost' (using password: NO)
2026-09-28T11:45:49.721025Z 345 [Note] Access denied for user 'root'@'localhost' (using password: NO)
2026-09-28T11:46:00.725318Z 346 [Note] Access denied for user 'root'@'localhost' (using password: NO)
2026-09-28T11:46:11.732361Z 347 [Note] Access denied for user 'root'@'localhost' (using password: NO)
2026-09-28T11:46:22.722430Z 348 [Note] Access denied for user 'root'@'localhost' (using password: NO)
2026-09-28T11:46:33.723616Z 349 [Note] Access denied for user 'root'@'localhost' (using password: NO)
2026-09-28T11:46:44.727773Z 350 [Note] Access denied for user 'root'@'localhost' (using password: NO)
2026-09-28T11:46:55.717026Z 351 [Note] Access denied for user 'root'@'localhost' (using password: NO)
2026-09-28T11:47:06.746233Z 352 [Note] Access denied for user 'root'@'localhost' (using password: NO)
2026-09-28T11:47:17.717509Z 353 [Note] Access denied for user 'root'@'localhost' (using password: NO)
2026-09-28T11:47:28.725968Z 354 [Note] Access denied for user 'root'@'localhost' (using password: NO)
2026-09-28T11:47:39.723989Z 355 [Note] Access denied for user 'root'@'localhost' (using password: NO)
2026-09-28T11:47:50.724280Z 356 [Note] Access denied for user 'root'@'localhost' (using password: NO)
2026-09-28T11:48:01.755800Z 357 [Note] Access denied for user 'root'@'localhost' (using password: NO)
2026-09-28T11:48:12.725381Z 358 [Note] Access denied for user 'root'@'localhost' (using password: NO)
2026-09-28T11:48:23.718429Z 359 [Note] Access denied for user 'root'@'localhost' (using password: NO)
2026-09-28T11:48:34.715362Z 360 [Note] Access denied for user 'root'@'localhost' (using password: NO)
2026-09-28T11:48:45.727528Z 361 [Note] Access denied for user 'root'@'localhost' (using password: NO)
2026-09-28T11:48:56.725039Z 362 [Note] Access denied for user 'root'@'localhost' (using password: NO)
2026-09-28T11:49:07.758035Z 363 [Note] Access denied for user 'root'@'localhost' (using password: NO)
2026-09-28T11:49:18.730362Z 364 [Note] Access denied for user 'root'@'localhost' (using password: NO)
2026-09-28T11:49:29.723972Z 365 [Note] Access denied for user 'root'@'localhost' (using password: NO)
2026-09-28T11:49:40.720861Z 366 [Note] Access denied for user 'root'@'localhost' (using password: NO)
2026-09-28T11:49:51.715007Z 367 [Note] Access denied for user 'root'@'localhost' (using password: NO)
2026-09-28T11:50:02.753623Z 368 [Note] Access denied for user 'root'@'localhost' (using password: NO)
2026-09-28T11:50:13.717731Z 369 [Note] Access denied for user 'root'@'localhost' (using password: NO)
2026-09-28T11:50:24.719507Z 370 [Note] Access denied for user 'root'@'localhost' (using password: NO)
2026-09-28T11:50:35.728369Z 371 [Note] Access denied for user 'root'@'localhost' (using password: NO)
2026-09-28T11:50:46.717025Z 372 [Note] Access denied for user 'root'@'localhost' (using password: NO)
2026-09-28T11:50:57.726117Z 373 [Note] Access denied for user 'root'@'localhost' (using password: NO)
2026-09-28T11:51:08.727000Z 374 [Note] Access denied for user 'root'@'localhost' (using password: NO)
2026-09-28T11:51:19.715069Z 375 [Note] Access denied for user 'root'@'localhost' (using password: NO)
2026-09-28T11:51:30.720233Z 376 [Note] Access denied for user 'root'@'localhost' (using password: NO)
2026-09-28T11:51:41.714844Z 377 [Note] Access denied for user 'root'@'localhost' (using password: NO)
2026-09-28T11:51:52.714420Z 378 [Note] Access denied for user 'root'@'localhost' (using password: NO)
2026-09-28T11:52:03.728842Z 379 [Note] Access denied for user 'root'@'localhost' (using password: NO)
2026-09-28T11:52:14.718933Z 380 [Note] Access denied for user 'root'@'localhost' (using password: NO)
2026-09-28T11:52:25.736004Z 381 [Note] Access denied for user 'root'@'localhost' (using password: NO)
2026-09-28T11:52:36.711252Z 382 [Note] Access denied for user 'root'@'localhost' (using password: NO)
2026-09-28T11:52:47.717218Z 383 [Note] Access denied for user 'root'@'localhost' (using password: NO)
2026-09-28T11:52:58.721347Z 384 [Note] Access denied for user 'root'@'localhost' (using password: NO)
2026-09-28T11:53:09.722510Z 385 [Note] Access denied for user 'root'@'localhost' (using password: NO)
2026-09-28T11:53:20.722929Z 386 [Note] Access denied for user 'root'@'localhost' (using password: NO)
2026-09-28T11:53:31.724248Z 387 [Note] Access denied for user 'root'@'localhost' (using password: NO)
2026-09-28T11:53:42.722788Z 388 [Note] Access denied for user 'root'@'localhost' (using password: NO)
2026-09-28T11:53:53.724720Z 389 [Note] Access denied for user 'root'@'localhost' (using password: NO)
2026-09-28T11:54:04.730429Z 390 [Note] Access denied for user 'root'@'localhost' (using password: NO)
2026-09-28T11:54:15.728191Z 391 [Note] Access denied for user 'root'@'localhost' (using password: NO)
2026-09-28T11:54:26.724176Z 392 [Note] Access denied for user 'root'@'localhost' (using password: NO)
2026-09-28T11:54:37.727327Z 393 [Note] Access denied for user 'root'@'localhost' (using password: NO)
2026-09-28T11:54:48.719440Z 394 [Note] Access denied for user 'root'@'localhost' (using password: NO)
2026-09-28T11:54:59.721403Z 395 [Note] Access denied for user 'root'@'localhost' (using password: NO)
2026-09-28T11:55:10.728449Z 396 [Note] Access denied for user 'root'@'localhost' (using password: NO)
2026-09-28T11:55:21.722452Z 397 [Note] Access denied for user 'root'@'localhost' (using password: NO)
2026-09-28T11:55:32.732328Z 398 [Note] Access denied for user 'root'@'localhost' (using password: NO)
2026-09-28T11:55:43.732816Z 399 [Note] Access denied for user 'root'@'localhost' (using password: NO)
2026-09-28T11:55:54.720477Z 400 [Note] Access denied for user 'root'@'localhost' (using password: NO)
2026-09-28T11:56:05.735867Z 401 [Note] Access denied for user 'root'@'localhost' (using password: NO)
2026-09-28T11:56:16.722049Z 402 [Note] Access denied for user 'root'@'localhost' (using password: NO)
2026-09-28T11:56:27.721983Z 403 [Note] Access denied for user 'root'@'localhost' (using password: NO)
2026-09-28T11:56:38.721965Z 404 [Note] Access denied for user 'root'@'localhost' (using password: NO)
2026-09-28T11:56:49.714367Z 405 [Note] Access denied for user 'root'@'localhost' (using password: NO)
2026-09-28T11:57:00.743840Z 406 [Note] Access denied for user 'root'@'localhost' (using password: NO)
2026-09-28T11:57:11.738171Z 407 [Note] Access denied for user 'root'@'localhost' (using password: NO)
2026-09-28T11:57:22.727345Z 408 [Note] Access denied for user 'root'@'localhost' (using password: NO)
2026-09-28T11:57:33.753330Z 409 [Note] Access denied for user 'root'@'localhost' (using password: NO)
2026-09-28T11:57:44.723800Z 410 [Note] Access denied for user 'root'@'localhost' (using password: NO)
2026-09-28T11:57:55.729359Z 411 [Note] Access denied for user 'root'@'localhost' (using password: NO)
2026-09-28T11:58:06.730902Z 412 [Note] Access denied for user 'root'@'localhost' (using password: NO)
2026-09-28T11:58:17.724884Z 413 [Note] Access denied for user 'root'@'localhost' (using password: NO)
2026-09-28T11:58:28.717142Z 414 [Note] Access denied for user 'root'@'localhost' (using password: NO)
2026-09-28T11:58:39.724711Z 415 [Note] Access denied for user 'root'@'localhost' (using password: NO)
2026-09-28T11:58:50.724673Z 416 [Note] Access denied for user 'root'@'localhost' (using password: NO)
2026-09-28T11:59:01.740945Z 417 [Note] Access denied for user 'root'@'localhost' (using password: NO)
2026-09-28T11:59:12.718364Z 418 [Note] Access denied for user 'root'@'localhost' (using password: NO)
2026-09-28T11:59:23.728609Z 419 [Note] Access denied for user 'root'@'localhost' (using password: NO)
2026-09-28T11:59:34.729319Z 420 [Note] Access denied for user 'root'@'localhost' (using password: NO)
2026-09-28T11:59:45.727566Z 421 [Note] Access denied for user 'root'@'localhost' (using password: NO)
2026-09-28T11:59:56.718509Z 422 [Note] Access denied for user 'root'@'localhost' (using password: NO)
2026-09-28T12:00:07.730139Z 423 [Note] Access denied for user 'root'@'localhost' (using password: NO)
2026-09-28T12:00:18.742759Z 424 [Note] Access denied for user 'root'@'localhost' (using password: NO)
2026-09-28T12:00:29.316901Z 425 [Note] Access denied for user 'root'@'localhost' (using password: NO)
2026-09-28T12:00:39.722945Z 426 [Note] Access denied for user 'root'@'localhost' (using password: NO)
2026-09-28T12:00:50.725567Z 427 [Note] Access denied for user 'root'@'localhost' (using password: NO)
2026-09-28T12:01:01.748139Z 428 [Note] Access denied for user 'root'@'localhost' (using password: NO)
2026-09-28T12:01:12.724598Z 429 [Note] Access denied for user 'root'@'localhost' (using password: NO)
2026-09-28T12:01:23.740338Z 430 [Note] Access denied for user 'root'@'localhost' (using password: NO)
2026-09-28T12:01:34.712827Z 431 [Note] Access denied for user 'root'@'localhost' (using password: NO)
2026-09-28T12:01:45.726168Z 432 [Note] Access denied for user 'root'@'localhost' (using password: NO)
2026-09-28T12:01:56.727367Z 433 [Note] Access denied for user 'root'@'localhost' (using password: NO)
2026-09-28T12:02:07.735384Z 434 [Note] Access denied for user 'root'@'localhost' (using password: NO)
2026-09-28T12:02:18.733283Z 435 [Note] Access denied for user 'root'@'localhost' (using password: NO)
2026-09-28T12:02:29.762931Z 436 [Note] Access denied for user 'root'@'localhost' (using password: NO)
2026-09-28T12:02:40.703690Z 437 [Note] Access denied for user 'root'@'localhost' (using password: NO)
2026-09-28T12:02:51.730399Z 438 [Note] Access denied for user 'root'@'localhost' (using password: NO)
2026-09-28T12:03:02.737821Z 439 [Note] Access denied for user 'root'@'localhost' (using password: NO)
2026-09-28T12:03:13.716559Z 440 [Note] Access denied for user 'root'@'localhost' (using password: NO)
2026-09-28T12:03:24.716206Z 441 [Note] Access denied for user 'root'@'localhost' (using password: NO)
2026-09-28T12:03:35.719669Z 442 [Note] Access denied for user 'root'@'localhost' (using password: NO)
2026-09-28T12:03:46.713541Z 443 [Note] Access denied for user 'root'@'localhost' (using password: NO)
2026-09-28T12:03:57.712456Z 444 [Note] Access denied for user 'root'@'localhost' (using password: NO)
2026-09-28T12:04:08.766079Z 445 [Note] Access denied for user 'root'@'localhost' (using password: NO)
2026-09-28T12:04:19.756897Z 446 [Note] Access denied for user 'root'@'localhost' (using password: NO)
2026-09-28T12:04:30.732587Z 447 [Note] Access denied for user 'root'@'localhost' (using password: NO)
2026-09-28T12:04:41.716921Z 448 [Note] Access denied for user 'root'@'localhost' (using password: NO)
2026-09-28T12:04:52.729527Z 449 [Note] Access denied for user 'root'@'localhost' (using password: NO)
2026-09-28T12:05:03.720013Z 450 [Note] Access denied for user 'root'@'localhost' (using password: NO)
2026-09-28T12:05:14.717502Z 451 [Note] Access denied for user 'root'@'localhost' (using password: NO)
2026-09-28T12:05:25.730432Z 452 [Note] Access denied for user 'root'@'localhost' (using password: NO)
2026-09-28T12:05:36.720107Z 453 [Note] Access denied for user 'root'@'localhost' (using password: NO)
2026-09-28T12:05:47.718638Z 454 [Note] Access denied for user 'root'@'localhost' (using password: NO)
2026-09-28T12:05:58.721311Z 455 [Note] Access denied for user 'root'@'localhost' (using password: NO)
2026-09-28T12:06:09.720281Z 456 [Note] Access denied for user 'root'@'localhost' (using password: NO)
2026-09-28T12:06:20.712995Z 457 [Note] Access denied for user 'root'@'localhost' (using password: NO)
2026-09-28T12:06:31.717489Z 458 [Note] Access denied for user 'root'@'localhost' (using password: NO)
2026-09-28T12:06:42.722884Z 459 [Note] Access denied for user 'root'@'localhost' (using password: NO)
2026-09-28T12:06:53.741086Z 460 [Note] Access denied for user 'root'@'localhost' (using password: NO)
2026-09-28T12:07:04.724387Z 461 [Note] Access denied for user 'root'@'localhost' (using password: NO)
2026-09-28T12:07:15.721093Z 462 [Note] Access denied for user 'root'@'localhost' (using password: NO)
2026-09-28T12:07:26.712348Z 463 [Note] Access denied for user 'root'@'localhost' (using password: NO)
2026-09-28T12:07:37.710848Z 464 [Note] Access denied for user 'root'@'localhost' (using password: NO)
2026-09-28T12:07:48.716519Z 465 [Note] Access denied for user 'root'@'localhost' (using password: NO)
2026-09-28T12:07:59.724048Z 466 [Note] Access denied for user 'root'@'localhost' (using password: NO)
2026-09-28T12:08:10.716758Z 467 [Note] Access denied for user 'root'@'localhost' (using password: NO)
2026-09-28T12:08:21.711935Z 468 [Note] Access denied for user 'root'@'localhost' (using password: NO)
2026-09-28T12:08:32.715918Z 469 [Note] Access denied for user 'root'@'localhost' (using password: NO)
2026-09-28T12:08:43.732908Z 470 [Note] Access denied for user 'root'@'localhost' (using password: NO)
2026-09-28T12:08:54.725528Z 471 [Note] Access denied for user 'root'@'localhost' (using password: NO)
2026-09-28T12:09:05.725915Z 472 [Note] Access denied for user 'root'@'localhost' (using password: NO)
2026-09-28T12:09:16.743684Z 473 [Note] Access denied for user 'root'@'localhost' (using password: NO)
2026-09-28T12:09:27.713196Z 474 [Note] Access denied for user 'root'@'localhost' (using password: NO)
2026-09-28T12:09:38.719113Z 475 [Note] Access denied for user 'root'@'localhost' (using password: NO)
2026-09-28T12:09:49.739443Z 476 [Note] Access denied for user 'root'@'localhost' (using password: NO)
2026-09-28T12:10:00.719460Z 477 [Note] Access denied for user 'root'@'localhost' (using password: NO)
2026-09-28T12:10:11.735628Z 478 [Note] Access denied for user 'root'@'localhost' (using password: NO)
2026-09-28T12:10:22.723362Z 479 [Note] Access denied for user 'root'@'localhost' (using password: NO)
2026-09-28T12:10:33.721706Z 480 [Note] Access denied for user 'root'@'localhost' (using password: NO)
2026-09-28T12:10:44.734199Z 481 [Note] Access denied for user 'root'@'localhost' (using password: NO)
2026-09-28T12:10:55.718704Z 482 [Note] Access denied for user 'root'@'localhost' (using password: NO)
2026-09-28T12:11:06.720273Z 483 [Note] Access denied for user 'root'@'localhost' (using password: NO)
2026-09-28T12:11:17.716936Z 484 [Note] Access denied for user 'root'@'localhost' (using password: NO)
2026-09-28T12:11:28.714599Z 485 [Note] Access denied for user 'root'@'localhost' (using password: NO)
2026-09-28T12:11:39.721933Z 486 [Note] Access denied for user 'root'@'localhost' (using password: NO)
2026-09-28T12:11:50.722640Z 487 [Note] Access denied for user 'root'@'localhost' (using password: NO)
2026-09-28T12:12:01.732371Z 488 [Note] Access denied for user 'root'@'localhost' (using password: NO)
2026-09-28T12:12:12.722606Z 489 [Note] Access denied for user 'root'@'localhost' (using password: NO)
2026-09-28T12:12:23.707636Z 490 [Note] Access denied for user 'root'@'localhost' (using password: NO)
2026-09-28T12:12:34.723438Z 491 [Note] Access denied for user 'root'@'localhost' (using password: NO)
2026-09-28T12:12:45.722349Z 492 [Note] Access denied for user 'root'@'localhost' (using password: NO)
2026-09-28T12:12:56.716416Z 493 [Note] Access denied for user 'root'@'localhost' (using password: NO)
2026-09-28T12:13:07.725163Z 494 [Note] Access denied for user 'root'@'localhost' (using password: NO)
2026-09-28T12:13:18.714357Z 495 [Note] Access denied for user 'root'@'localhost' (using password: NO)
2026-09-28T12:13:29.718149Z 496 [Note] Access denied for user 'root'@'localhost' (using password: NO)
2026-09-28T12:13:40.744648Z 497 [Note] Access denied for user 'root'@'localhost' (using password: NO)
2026-09-28T12:13:51.717739Z 498 [Note] Access denied for user 'root'@'localhost' (using password: NO)
2026-09-28T12:14:02.726984Z 499 [Note] Access denied for user 'root'@'localhost' (using password: NO)
2026-09-28T12:14:13.718361Z 500 [Note] Access denied for user 'root'@'localhost' (using password: NO)
2026-09-28T12:14:24.735874Z 501 [Note] Access denied for user 'root'@'localhost' (using password: NO)
2026-09-28T12:14:35.718771Z 502 [Note] Access denied for user 'root'@'localhost' (using password: NO)
2026-09-28T12:14:46.721438Z 503 [Note] Access denied for user 'root'@'localhost' (using password: NO)
2026-09-28T12:14:57.719391Z 504 [Note] Access denied for user 'root'@'localhost' (using password: NO)
2026-09-28T12:15:08.716597Z 505 [Note] Access denied for user 'root'@'localhost' (using password: NO)
2026-09-28T12:15:19.715979Z 506 [Note] Access denied for user 'root'@'localhost' (using password: NO)
2026-09-28T12:15:30.727806Z 507 [Note] Access denied for user 'root'@'localhost' (using password: NO)
2026-09-28T12:15:41.715858Z 508 [Note] Access denied for user 'root'@'localhost' (using password: NO)
2026-09-28T12:15:52.721639Z 509 [Note] Access denied for user 'root'@'localhost' (using password: NO)
2026-09-28T12:16:03.735913Z 510 [Note] Access denied for user 'root'@'localhost' (using password: NO)
2026-09-28T12:16:14.734779Z 511 [Note] Access denied for user 'root'@'localhost' (using password: NO)
2026-09-28T12:16:25.719375Z 512 [Note] Access denied for user 'root'@'localhost' (using password: NO)
2026-09-28T12:16:36.710647Z 513 [Note] Access denied for user 'root'@'localhost' (using password: NO)
2026-09-28T12:16:47.720421Z 514 [Note] Access denied for user 'root'@'localhost' (using password: NO)
2026-09-28T12:16:58.726388Z 515 [Note] Access denied for user 'root'@'localhost' (using password: NO)
2026-09-28T12:17:09.717638Z 516 [Note] Access denied for user 'root'@'localhost' (using password: NO)
2026-09-28T12:17:20.721643Z 517 [Note] Access denied for user 'root'@'localhost' (using password: NO)
2026-09-28T12:17:31.714530Z 518 [Note] Access denied for user 'root'@'localhost' (using password: NO)
2026-09-28T12:17:42.721657Z 519 [Note] Access denied for user 'root'@'localhost' (using password: NO)
2026-09-28T12:17:53.714815Z 520 [Note] Access denied for user 'root'@'localhost' (using password: NO)
2026-09-28T12:18:04.730308Z 521 [Note] Access denied for user 'root'@'localhost' (using password: NO)
2026-09-28T12:18:15.721408Z 522 [Note] Access denied for user 'root'@'localhost' (using password: NO)
2026-09-28T12:18:26.712895Z 523 [Note] Access denied for user 'root'@'localhost' (using password: NO)
2026-09-28T12:18:37.722900Z 524 [Note] Access denied for user 'root'@'localhost' (using password: NO)
2026-09-28T12:18:48.712951Z 525 [Note] Access denied for user 'root'@'localhost' (using password: NO)
2026-09-28T12:18:59.739102Z 526 [Note] Access denied for user 'root'@'localhost' (using password: NO)
2026-09-28T12:19:10.712807Z 527 [Note] Access denied for user 'root'@'localhost' (using password: NO)
2026-09-28T12:19:21.713742Z 528 [Note] Access denied for user 'root'@'localhost' (using password: NO)
2026-09-28T12:19:32.720827Z 529 [Note] Access denied for user 'root'@'localhost' (using password: NO)
2026-09-28T12:19:43.714464Z 530 [Note] Access denied for user 'root'@'localhost' (using password: NO)
2026-09-28T12:19:54.716548Z 531 [Note] Access denied for user 'root'@'localhost' (using password: NO)
2026-09-28T12:20:05.729025Z 532 [Note] Access denied for user 'root'@'localhost' (using password: NO)
2026-09-28T12:20:16.725181Z 533 [Note] Access denied for user 'root'@'localhost' (using password: NO)
2026-09-28T12:20:27.721633Z 534 [Note] Access denied for user 'root'@'localhost' (using password: NO)
2026-09-28T12:20:38.721928Z 535 [Note] Access denied for user 'root'@'localhost' (using password: NO)
2026-09-28T12:20:49.722289Z 536 [Note] Access denied for user 'root'@'localhost' (using password: NO)
2026-09-28T12:21:00.712216Z 537 [Note] Access denied for user 'root'@'localhost' (using password: NO)
2026-09-28T12:21:11.723520Z 538 [Note] Access denied for user 'root'@'localhost' (using password: NO)
2026-09-28T12:21:22.714043Z 539 [Note] Access denied for user 'root'@'localhost' (using password: NO)
2026-09-28T12:21:33.737901Z 540 [Note] Access denied for user 'root'@'localhost' (using password: NO)
2026-09-28T12:21:44.715329Z 541 [Note] Access denied for user 'root'@'localhost' (using password: NO)
2026-09-28T12:21:55.724630Z 542 [Note] Access denied for user 'root'@'localhost' (using password: NO)
2026-09-28T12:22:06.741560Z 543 [Note] Access denied for user 'root'@'localhost' (using password: NO)
2026-09-28T12:22:17.728454Z 544 [Note] Access denied for user 'root'@'localhost' (using password: NO)
2026-09-28T12:22:28.731380Z 545 [Note] Access denied for user 'root'@'localhost' (using password: NO)
2026-09-28T12:22:39.725519Z 546 [Note] Access denied for user 'root'@'localhost' (using password: NO)
2026-09-28T12:22:50.726510Z 547 [Note] Access denied for user 'root'@'localhost' (using password: NO)
2026-09-28T12:23:01.734858Z 548 [Note] Access denied for user 'root'@'localhost' (using password: NO)
2026-09-28T12:23:12.722409Z 549 [Note] Access denied for user 'root'@'localhost' (using password: NO)
2026-09-28T12:23:23.720729Z 550 [Note] Access denied for user 'root'@'localhost' (using password: NO)
2026-09-28T12:23:34.721868Z 551 [Note] Access denied for user 'root'@'localhost' (using password: NO)
2026-09-28T12:23:45.738743Z 552 [Note] Access denied for user 'root'@'localhost' (using password: NO)
2026-09-28T12:23:56.712006Z 553 [Note] Access denied for user 'root'@'localhost' (using password: NO)
2026-09-28T12:24:07.726737Z 554 [Note] Access denied for user 'root'@'localhost' (using password: NO)
2026-09-28T12:24:18.712500Z 555 [Note] Access denied for user 'root'@'localhost' (using password: NO)
2026-09-28T12:24:29.710058Z 556 [Note] Access denied for user 'root'@'localhost' (using password: NO)
2026-09-28T12:24:40.718593Z 557 [Note] Access denied for user 'root'@'localhost' (using password: NO)
2026-09-28T12:24:51.735634Z 558 [Note] Access denied for user 'root'@'localhost' (using password: NO)
2026-09-28T12:25:02.727495Z 559 [Note] Access denied for user 'root'@'localhost' (using password: NO)
2026-09-28T12:25:13.722550Z 560 [Note] Access denied for user 'root'@'localhost' (using password: NO)
2026-09-28T12:25:24.715569Z 561 [Note] Access denied for user 'root'@'localhost' (using password: NO)
2026-09-28T12:25:35.735081Z 562 [Note] Access denied for user 'root'@'localhost' (using password: NO)
2026-09-28T12:25:46.731690Z 563 [Note] Access denied for user 'root'@'localhost' (using password: NO)
2026-09-28T12:25:57.733790Z 564 [Note] Access denied for user 'root'@'localhost' (using password: NO)
2026-09-28T12:26:08.714871Z 565 [Note] Access denied for user 'root'@'localhost' (using password: NO)
2026-09-28T12:26:19.720405Z 566 [Note] Access denied for user 'root'@'localhost' (using password: NO)
2026-09-28T12:26:30.731887Z 567 [Note] Access denied for user 'root'@'localhost' (using password: NO)
2026-09-28T12:26:41.721732Z 568 [Note] Access denied for user 'root'@'localhost' (using password: NO)
2026-09-28T12:26:52.712133Z 569 [Note] Access denied for user 'root'@'localhost' (using password: NO)
2026-09-28T12:27:03.724074Z 570 [Note] Access denied for user 'root'@'localhost' (using password: NO)
2026-09-28T12:27:14.727023Z 571 [Note] Access denied for user 'root'@'localhost' (using password: NO)
2026-09-28T12:27:25.728356Z 572 [Note] Access denied for user 'root'@'localhost' (using password: NO)
2026-09-28T12:27:36.721670Z 573 [Note] Access denied for user 'root'@'localhost' (using password: NO)
2026-09-28T12:27:47.715020Z 574 [Note] Access denied for user 'root'@'localhost' (using password: NO)
2026-09-28T12:27:58.725319Z 575 [Note] Access denied for user 'root'@'localhost' (using password: NO)
2026-09-28T12:28:09.710429Z 576 [Note] Access denied for user 'root'@'localhost' (using password: NO)
2026-09-28T12:28:20.724824Z 577 [Note] Access denied for user 'root'@'localhost' (using password: NO)
2026-09-28T12:28:31.715400Z 578 [Note] Access denied for user 'root'@'localhost' (using password: NO)
2026-09-28T12:28:42.720651Z 579 [Note] Access denied for user 'root'@'localhost' (using password: NO)
2026-09-28T12:28:53.724519Z 580 [Note] Access denied for user 'root'@'localhost' (using password: NO)
2026-09-28T12:29:04.717242Z 581 [Note] Access denied for user 'root'@'localhost' (using password: NO)
2026-09-28T12:29:15.723357Z 582 [Note] Access denied for user 'root'@'localhost' (using password: NO)
2026-09-28T12:29:26.717233Z 583 [Note] Access denied for user 'root'@'localhost' (using password: NO)
2026-09-28T12:29:37.714298Z 584 [Note] Access denied for user 'root'@'localhost' (using password: NO)
2026-09-28T12:29:48.748559Z 585 [Note] Access denied for user 'root'@'localhost' (using password: NO)
2026-09-28T12:29:59.724356Z 586 [Note] Access denied for user 'root'@'localhost' (using password: NO)
2026-09-28T12:30:10.749850Z 587 [Note] Access denied for user 'root'@'localhost' (using password: NO)
2026-09-28T12:30:21.746416Z 588 [Note] Access denied for user 'root'@'localhost' (using password: NO)
2026-09-28T12:30:32.736230Z 589 [Note] Access denied for user 'root'@'localhost' (using password: NO)
2026-09-28T12:30:43.719535Z 590 [Note] Access denied for user 'root'@'localhost' (using password: NO)
2026-09-28T12:30:54.602161Z 591 [Note] Access denied for user 'root'@'localhost' (using password: NO)
2026-09-28T12:31:04.717785Z 592 [Note] Access denied for user 'root'@'localhost' (using password: NO)
2026-09-28T12:31:15.722382Z 593 [Note] Access denied for user 'root'@'localhost' (using password: NO)
2026-09-28T12:31:26.718704Z 594 [Note] Access denied for user 'root'@'localhost' (using password: NO)
2026-09-28T12:31:37.721901Z 595 [Note] Access denied for user 'root'@'localhost' (using password: NO)
2026-09-28T12:31:48.714073Z 596 [Note] Access denied for user 'root'@'localhost' (using password: NO)
2026-09-28T12:31:59.739472Z 597 [Note] Access denied for user 'root'@'localhost' (using password: NO)
2026-09-28T12:32:10.723119Z 598 [Note] Access denied for user 'root'@'localhost' (using password: NO)
2026-09-28T12:32:21.709400Z 599 [Note] Access denied for user 'root'@'localhost' (using password: NO)
2026-09-28T12:32:32.726155Z 600 [Note] Access denied for user 'root'@'localhost' (using password: NO)
2026-09-28T12:32:43.712550Z 601 [Note] Access denied for user 'root'@'localhost' (using password: NO)
2026-09-28T12:32:54.714510Z 602 [Note] Access denied for user 'root'@'localhost' (using password: NO)
2026-09-28T12:33:05.726102Z 603 [Note] Access denied for user 'root'@'localhost' (using password: NO)
2026-09-28T12:33:16.723165Z 604 [Note] Access denied for user 'root'@'localhost' (using password: NO)
2026-09-28T12:33:27.721551Z 605 [Note] Access denied for user 'root'@'localhost' (using password: NO)
2026-09-28T12:33:38.713898Z 606 [Note] Access denied for user 'root'@'localhost' (using password: NO)
2026-09-28T12:33:49.728112Z 607 [Note] Access denied for user 'root'@'localhost' (using password: NO)
2026-09-28T12:34:00.715340Z 608 [Note] Access denied for user 'root'@'localhost' (using password: NO)
2026-09-28T12:34:11.734182Z 609 [Note] Access denied for user 'root'@'localhost' (using password: NO)
2026-09-28T12:34:22.729096Z 610 [Note] Access denied for user 'root'@'localhost' (using password: NO)
2026-09-28T12:34:33.711420Z 611 [Note] Access denied for user 'root'@'localhost' (using password: NO)
2026-09-28T12:34:44.714670Z 612 [Note] Access denied for user 'root'@'localhost' (using password: NO)
2026-09-28T12:34:55.746181Z 613 [Note] Access denied for user 'root'@'localhost' (using password: NO)
2026-09-28T12:35:06.728463Z 614 [Note] Access denied for user 'root'@'localhost' (using password: NO)
2026-09-28T12:35:17.717241Z 615 [Note] Access denied for user 'root'@'localhost' (using password: NO)
2026-09-28T12:35:28.721264Z 616 [Note] Access denied for user 'root'@'localhost' (using password: NO)
2026-09-28T12:35:39.734766Z 617 [Note] Access denied for user 'root'@'localhost' (using password: NO)
2026-09-28T12:35:50.720059Z 618 [Note] Access denied for user 'root'@'localhost' (using password: NO)
2026-09-28T12:36:01.729720Z 619 [Note] Access denied for user 'root'@'localhost' (using password: NO)
2026-09-28T12:36:12.725087Z 620 [Note] Access denied for user 'root'@'localhost' (using password: NO)
2026-09-28T12:36:23.750024Z 621 [Note] Access denied for user 'root'@'localhost' (using password: NO)
2026-09-28T12:36:34.718498Z 622 [Note] Access denied for user 'root'@'localhost' (using password: NO)
2026-09-28T12:36:45.743827Z 623 [Note] Access denied for user 'root'@'localhost' (using password: NO)
2026-09-28T12:36:56.719831Z 624 [Note] Access denied for user 'root'@'localhost' (using password: NO)
2026-09-28T12:37:07.756782Z 625 [Note] Access denied for user 'root'@'localhost' (using password: NO)
2026-09-28T12:37:18.715043Z 626 [Note] Access denied for user 'root'@'localhost' (using password: NO)
2026-09-28T12:37:29.734998Z 627 [Note] Access denied for user 'root'@'localhost' (using password: NO)
2026-09-28T12:37:40.729037Z 628 [Note] Access denied for user 'root'@'localhost' (using password: NO)
2026-09-28T12:37:51.729231Z 629 [Note] Access denied for user 'root'@'localhost' (using password: NO)
2026-09-28T12:38:02.728840Z 630 [Note] Access denied for user 'root'@'localhost' (using password: NO)
2026-09-28T12:38:13.708762Z 631 [Note] Access denied for user 'root'@'localhost' (using password: NO)
2026-09-28T12:38:24.715836Z 632 [Note] Access denied for user 'root'@'localhost' (using password: NO)
2026-09-28T12:38:35.742187Z 633 [Note] Access denied for user 'root'@'localhost' (using password: NO)
2026-09-28T12:38:46.742627Z 634 [Note] Access denied for user 'root'@'localhost' (using password: NO)
2026-09-28T12:38:57.718455Z 635 [Note] Access denied for user 'root'@'localhost' (using password: NO)
2026-09-28T12:39:08.713058Z 636 [Note] Access denied for user 'root'@'localhost' (using password: NO)
2026-09-28T12:39:19.718105Z 637 [Note] Access denied for user 'root'@'localhost' (using password: NO)
2026-09-28T12:39:30.716816Z 638 [Note] Access denied for user 'root'@'localhost' (using password: NO)
2026-09-28T12:39:41.716819Z 639 [Note] Access denied for user 'root'@'localhost' (using password: NO)
2026-09-28T12:39:52.736127Z 640 [Note] Access denied for user 'root'@'localhost' (using password: NO)
2026-09-28T12:40:03.724936Z 641 [Note] Access denied for user 'root'@'localhost' (using password: NO)
2026-09-28T12:40:14.727738Z 642 [Note] Access denied for user 'root'@'localhost' (using password: NO)
2026-09-28T12:40:25.719377Z 643 [Note] Access denied for user 'root'@'localhost' (using password: NO)
2026-09-28T12:40:36.744054Z 644 [Note] Access denied for user 'root'@'localhost' (using password: NO)
2026-09-28T12:40:47.717097Z 645 [Note] Access denied for user 'root'@'localhost' (using password: NO)
2026-09-28T12:40:58.723904Z 646 [Note] Access denied for user 'root'@'localhost' (using password: NO)
2026-09-28T12:41:09.716666Z 647 [Note] Access denied for user 'root'@'localhost' (using password: NO)
2026-09-28T12:41:20.719453Z 648 [Note] Access denied for user 'root'@'localhost' (using password: NO)
2026-09-28T12:41:31.713612Z 649 [Note] Access denied for user 'root'@'localhost' (using password: NO)
2026-09-28T12:41:42.716870Z 650 [Note] Access denied for user 'root'@'localhost' (using password: NO)
2026-09-28T12:41:53.722078Z 651 [Note] Access denied for user 'root'@'localhost' (using password: NO)
2026-09-28T12:42:04.712469Z 652 [Note] Access denied for user 'root'@'localhost' (using password: NO)
2026-09-28T12:42:15.740414Z 653 [Note] Access denied for user 'root'@'localhost' (using password: NO)
2026-09-28T12:42:26.733984Z 654 [Note] Access denied for user 'root'@'localhost' (using password: NO)
2026-09-28T12:42:37.716511Z 655 [Note] Access denied for user 'root'@'localhost' (using password: NO)
2026-09-28T12:42:48.711734Z 656 [Note] Access denied for user 'root'@'localhost' (using password: NO)
2026-09-28T12:42:59.725675Z 657 [Note] Access denied for user 'root'@'localhost' (using password: NO)
2026-09-28T12:43:10.711200Z 658 [Note] Access denied for user 'root'@'localhost' (using password: NO)
2026-09-28T12:43:21.715175Z 659 [Note] Access denied for user 'root'@'localhost' (using password: NO)
2026-09-28T12:43:32.713967Z 660 [Note] Access denied for user 'root'@'localhost' (using password: NO)
2026-09-28T12:43:43.725862Z 661 [Note] Access denied for user 'root'@'localhost' (using password: NO)
2026-09-28T12:43:54.741677Z 662 [Note] Access denied for user 'root'@'localhost' (using password: NO)
2026-09-28T12:44:05.720844Z 663 [Note] Access denied for user 'root'@'localhost' (using password: NO)
2026-09-28T12:44:16.710466Z 664 [Note] Access denied for user 'root'@'localhost' (using password: NO)
2026-09-28T12:44:27.719943Z 665 [Note] Access denied for user 'root'@'localhost' (using password: NO)
2026-09-28T12:44:38.725781Z 666 [Note] Access denied for user 'root'@'localhost' (using password: NO)
2026-09-28T12:44:49.736978Z 667 [Note] Access denied for user 'root'@'localhost' (using password: NO)
2026-09-28T12:45:00.745343Z 668 [Note] Access denied for user 'root'@'localhost' (using password: NO)
2026-09-28T12:45:11.715611Z 669 [Note] Access denied for user 'root'@'localhost' (using password: NO)
2026-09-28T12:45:22.732927Z 670 [Note] Access denied for user 'root'@'localhost' (using password: NO)
2026-09-28T12:45:33.708095Z 671 [Note] Access denied for user 'root'@'localhost' (using password: NO)
2026-09-28T12:45:44.738942Z 672 [Note] Access denied for user 'root'@'localhost' (using password: NO)
2026-09-28T12:45:55.715507Z 673 [Note] Access denied for user 'root'@'localhost' (using password: NO)
2026-09-28T12:46:06.726806Z 674 [Note] Access denied for user 'root'@'localhost' (using password: NO)
2026-09-28T12:46:17.718775Z 675 [Note] Access denied for user 'root'@'localhost' (using password: NO)
2026-09-28T12:46:28.723222Z 676 [Note] Access denied for user 'root'@'localhost' (using password: NO)
2026-09-28T12:46:39.732039Z 677 [Note] Access denied for user 'root'@'localhost' (using password: NO)
2026-09-28T12:46:50.730901Z 678 [Note] Access denied for user 'root'@'localhost' (using password: NO)
2026-09-28T12:47:01.723794Z 679 [Note] Access denied for user 'root'@'localhost' (using password: NO)
2026-09-28T12:47:12.717932Z 680 [Note] Access denied for user 'root'@'localhost' (using password: NO)
2026-09-28T12:47:23.724166Z 681 [Note] Access denied for user 'root'@'localhost' (using password: NO)
2026-09-28T12:47:34.722367Z 682 [Note] Access denied for user 'root'@'localhost' (using password: NO)
2026-09-28T12:47:45.710223Z 683 [Note] Access denied for user 'root'@'localhost' (using password: NO)
2026-09-28T12:47:56.724015Z 684 [Note] Access denied for user 'root'@'localhost' (using password: NO)
2026-09-28T12:48:07.726251Z 685 [Note] Access denied for user 'root'@'localhost' (using password: NO)
2026-09-28T12:48:18.729972Z 686 [Note] Access denied for user 'root'@'localhost' (using password: NO)
2026-09-28T12:48:29.717520Z 687 [Note] Access denied for user 'root'@'localhost' (using password: NO)
2026-09-28T12:48:40.730385Z 688 [Note] Access denied for user 'root'@'localhost' (using password: NO)
2026-09-28T12:48:51.715521Z 689 [Note] Access denied for user 'root'@'localhost' (using password: NO)
2026-09-28T12:49:02.734070Z 690 [Note] Access denied for user 'root'@'localhost' (using password: NO)
2026-09-28T12:49:13.720062Z 691 [Note] Access denied for user 'root'@'localhost' (using password: NO)
2026-09-28T12:49:24.719252Z 692 [Note] Access denied for user 'root'@'localhost' (using password: NO)
2026-09-28T12:49:35.722435Z 693 [Note] Access denied for user 'root'@'localhost' (using password: NO)
2026-09-28T12:49:46.738687Z 694 [Note] Access denied for user 'root'@'localhost' (using password: NO)
2026-09-28T12:49:57.720449Z 695 [Note] Access denied for user 'root'@'localhost' (using password: NO)
2026-09-28T12:50:08.715159Z 696 [Note] Access denied for user 'root'@'localhost' (using password: NO)
2026-09-28T12:50:19.707570Z 697 [Note] Access denied for user 'root'@'localhost' (using password: NO)
2026-09-28T12:50:30.723787Z 698 [Note] Access denied for user 'root'@'localhost' (using password: NO)
2026-09-28T12:50:41.739541Z 699 [Note] Access denied for user 'root'@'localhost' (using password: NO)
2026-09-28T12:50:52.723602Z 700 [Note] Access denied for user 'root'@'localhost' (using password: NO)
2026-09-28T12:51:03.729156Z 701 [Note] Access denied for user 'root'@'localhost' (using password: NO)
2026-09-28T12:51:14.709270Z 702 [Note] Access denied for user 'root'@'localhost' (using password: NO)
2026-09-28T12:51:25.711173Z 703 [Note] Access denied for user 'root'@'localhost' (using password: NO)
2026-09-28T12:51:36.721628Z 704 [Note] Access denied for user 'root'@'localhost' (using password: NO)
2026-09-28T12:51:47.722454Z 705 [Note] Access denied for user 'root'@'localhost' (using password: NO)
2026-09-28T12:51:58.724389Z 706 [Note] Access denied for user 'root'@'localhost' (using password: NO)
2026-09-28T12:52:09.720673Z 707 [Note] Access denied for user 'root'@'localhost' (using password: NO)
2026-09-28T12:52:20.723314Z 708 [Note] Access denied for user 'root'@'localhost' (using password: NO)
2026-09-28T12:52:31.733789Z 709 [Note] Access denied for user 'root'@'localhost' (using password: NO)
2026-09-28T12:52:42.725365Z 710 [Note] Access denied for user 'root'@'localhost' (using password: NO)
2026-09-28T12:52:53.712376Z 711 [Note] Access denied for user 'root'@'localhost' (using password: NO)
2026-09-28T12:53:04.726785Z 712 [Note] Access denied for user 'root'@'localhost' (using password: NO)
2026-09-28T12:53:15.719888Z 713 [Note] Access denied for user 'root'@'localhost' (using password: NO)
2026-09-28T12:53:26.718980Z 714 [Note] Access denied for user 'root'@'localhost' (using password: NO)
2026-09-28T12:53:37.728030Z 715 [Note] Access denied for user 'root'@'localhost' (using password: NO)
2026-09-28T12:53:48.742344Z 716 [Note] Access denied for user 'root'@'localhost' (using password: NO)
2026-09-28T12:53:59.725169Z 717 [Note] Access denied for user 'root'@'localhost' (using password: NO)
2026-09-28T12:54:10.713532Z 718 [Note] Access denied for user 'root'@'localhost' (using password: NO)
2026-09-28T12:54:21.715025Z 719 [Note] Access denied for user 'root'@'localhost' (using password: NO)
2026-09-28T12:54:32.722656Z 720 [Note] Access denied for user 'root'@'localhost' (using password: NO)
2026-09-28T12:54:43.712829Z 721 [Note] Access denied for user 'root'@'localhost' (using password: NO)
2026-09-28T12:54:54.733291Z 722 [Note] Access denied for user 'root'@'localhost' (using password: NO)
2026-09-28T12:55:05.723128Z 723 [Note] Access denied for user 'root'@'localhost' (using password: NO)
2026-09-28T12:55:16.712781Z 724 [Note] Access denied for user 'root'@'localhost' (using password: NO)
2026-09-28T12:55:27.729667Z 725 [Note] Access denied for user 'root'@'localhost' (using password: NO)
2026-09-28T12:55:38.720758Z 726 [Note] Access denied for user 'root'@'localhost' (using password: NO)
2026-09-28T12:55:49.731101Z 727 [Note] Access denied for user 'root'@'localhost' (using password: NO)
2026-09-28T12:56:00.720838Z 728 [Note] Access denied for user 'root'@'localhost' (using password: NO)
2026-09-28T12:56:11.706285Z 729 [Note] Access denied for user 'root'@'localhost' (using password: NO)
2026-09-28T12:56:22.719807Z 730 [Note] Access denied for user 'root'@'localhost' (using password: NO)
2026-09-28T12:56:33.727534Z 731 [Note] Access denied for user 'root'@'localhost' (using password: NO)
2026-09-28T12:56:44.719849Z 732 [Note] Access denied for user 'root'@'localhost' (using password: NO)
2026-09-28T12:56:55.722103Z 733 [Note] Access denied for user 'root'@'localhost' (using password: NO)
2026-09-28T12:57:06.733220Z 734 [Note] Access denied for user 'root'@'localhost' (using password: NO)
2026-09-28T12:57:17.730032Z 735 [Note] Access denied for user 'root'@'localhost' (using password: NO)
2026-09-28T12:57:28.719512Z 736 [Note] Access denied for user 'root'@'localhost' (using password: NO)
2026-09-28T12:57:39.739918Z 737 [Note] Access denied for user 'root'@'localhost' (using password: NO)
2026-09-28T12:57:50.717704Z 738 [Note] Access denied for user 'root'@'localhost' (using password: NO)
2026-09-28T12:58:01.719909Z 739 [Note] Access denied for user 'root'@'localhost' (using password: NO)
2026-09-28T12:58:12.719860Z 740 [Note] Access denied for user 'root'@'localhost' (using password: NO)
2026-09-28T12:58:23.728674Z 741 [Note] Access denied for user 'root'@'localhost' (using password: NO)
2026-09-28T12:58:34.705886Z 742 [Note] Access denied for user 'root'@'localhost' (using password: NO)
2026-09-28T12:58:45.721522Z 743 [Note] Access denied for user 'root'@'localhost' (using password: NO)
2026-09-28T12:58:56.716883Z 744 [Note] Access denied for user 'root'@'localhost' (using password: NO)
2026-09-28T12:59:07.730864Z 745 [Note] Access denied for user 'root'@'localhost' (using password: NO)
2026-09-28T12:59:18.715530Z 746 [Note] Access denied for user 'root'@'localhost' (using password: NO)
2026-09-28T12:59:29.728579Z 747 [Note] Access denied for user 'root'@'localhost' (using password: NO)
2026-09-28T12:59:40.704907Z 748 [Note] Access denied for user 'root'@'localhost' (using password: NO)
2026-09-28T12:59:51.714995Z 749 [Note] Access denied for user 'root'@'localhost' (using password: NO)
2026-09-28T13:00:02.724074Z 750 [Note] Access denied for user 'root'@'localhost' (using password: NO)
2026-09-28T13:00:13.726847Z 751 [Note] Access denied for user 'root'@'localhost' (using password: NO)
2026-09-28T13:00:24.720248Z 752 [Note] Access denied for user 'root'@'localhost' (using password: NO)
2026-09-28T13:00:35.716405Z 753 [Note] Access denied for user 'root'@'localhost' (using password: NO)
2026-09-28T13:00:46.722612Z 754 [Note] Access denied for user 'root'@'localhost' (using password: NO)
2026-09-28T13:00:57.723801Z 755 [Note] Access denied for user 'root'@'localhost' (using password: NO)
2026-09-28T13:01:08.733817Z 756 [Note] Access denied for user 'root'@'localhost' (using password: NO)
2026-09-28T13:01:19.717323Z 757 [Note] Access denied for user 'root'@'localhost' (using password: NO)
2026-09-28T13:01:30.717848Z 758 [Note] Access denied for user 'root'@'localhost' (using password: NO)
2026-09-28T13:01:41.707788Z 759 [Note] Access denied for user 'root'@'localhost' (using password: NO)
2026-09-28T13:01:52.711313Z 760 [Note] Access denied for user 'root'@'localhost' (using password: NO)
2026-09-28T13:02:03.722985Z 761 [Note] Access denied for user 'root'@'localhost' (using password: NO)
2026-09-28T13:02:14.729776Z 762 [Note] Access denied for user 'root'@'localhost' (using password: NO)
2026-09-28T13:02:25.712116Z 763 [Note] Access denied for user 'root'@'localhost' (using password: NO)
2026-09-28T13:02:36.712881Z 764 [Note] Access denied for user 'root'@'localhost' (using password: NO)
2026-09-28T13:02:47.720190Z 765 [Note] Access denied for user 'root'@'localhost' (using password: NO)
2026-09-28T13:02:58.716620Z 766 [Note] Access denied for user 'root'@'localhost' (using password: NO)
2026-09-28T13:03:09.725834Z 767 [Note] Access denied for user 'root'@'localhost' (using password: NO)
2026-09-28T13:03:20.727101Z 768 [Note] Access denied for user 'root'@'localhost' (using password: NO)
2026-09-28T13:03:31.712019Z 769 [Note] Access denied for user 'root'@'localhost' (using password: NO)
2026-09-28T13:03:42.720636Z 770 [Note] Access denied for user 'root'@'localhost' (using password: NO)
2026-09-28T13:03:53.721935Z 771 [Note] Access denied for user 'root'@'localhost' (using password: NO)
2026-09-28T13:04:04.721104Z 772 [Note] Access denied for user 'root'@'localhost' (using password: NO)
2026-09-28T13:04:15.726406Z 773 [Note] Access denied for user 'root'@'localhost' (using password: NO)
2026-09-28T13:04:26.728725Z 774 [Note] Access denied for user 'root'@'localhost' (using password: NO)
2026-09-28T13:04:37.718631Z 775 [Note] Access denied for user 'root'@'localhost' (using password: NO)
2026-09-28T13:04:48.725866Z 776 [Note] Access denied for user 'root'@'localhost' (using password: NO)
2026-09-28T13:04:59.708273Z 777 [Note] Access denied for user 'root'@'localhost' (using password: NO)
2026-09-28T13:05:10.747449Z 778 [Note] Access denied for user 'root'@'localhost' (using password: NO)
2026-09-28T13:05:21.722071Z 779 [Note] Access denied for user 'root'@'localhost' (using password: NO)
2026-09-28T13:05:32.726818Z 780 [Note] Access denied for user 'root'@'localhost' (using password: NO)
2026-09-28T13:05:43.730237Z 781 [Note] Access denied for user 'root'@'localhost' (using password: NO)
2026-09-28T13:05:54.732712Z 782 [Note] Access denied for user 'root'@'localhost' (using password: NO)
2026-09-28T13:06:05.719165Z 783 [Note] Access denied for user 'root'@'localhost' (using password: NO)
2026-09-28T13:06:16.726477Z 784 [Note] Access denied for user 'root'@'localhost' (using password: NO)
2026-09-28T13:06:27.719361Z 785 [Note] Access denied for user 'root'@'localhost' (using password: NO)
2026-09-28T13:06:38.724592Z 786 [Note] Access denied for user 'root'@'localhost' (using password: NO)
2026-09-28T13:06:49.745702Z 787 [Note] Access denied for user 'root'@'localhost' (using password: NO)
2026-09-28T13:07:00.727717Z 788 [Note] Access denied for user 'root'@'localhost' (using password: NO)
2026-09-28T13:07:11.732601Z 789 [Note] Access denied for user 'root'@'localhost' (using password: NO)
2026-09-28T13:07:22.721226Z 790 [Note] Access denied for user 'root'@'localhost' (using password: NO)
2026-09-28T13:07:33.763521Z 791 [Note] Access denied for user 'root'@'localhost' (using password: NO)
2026-09-28T13:07:44.764629Z 792 [Note] Access denied for user 'root'@'localhost' (using password: NO)
2026-09-28T13:07:55.717542Z 793 [Note] Access denied for user 'root'@'localhost' (using password: NO)
2026-09-28T13:08:06.732058Z 794 [Note] Access denied for user 'root'@'localhost' (using password: NO)
2026-09-28T13:08:17.720808Z 795 [Note] Access denied for user 'root'@'localhost' (using password: NO)
2026-09-28T13:08:28.742787Z 796 [Note] Access denied for user 'root'@'localhost' (using password: NO)
2026-09-28T13:08:39.790603Z 797 [Note] Access denied for user 'root'@'localhost' (using password: NO)
2026-09-28T13:08:50.720336Z 798 [Note] Access denied for user 'root'@'localhost' (using password: NO)
2026-09-28T13:09:01.716079Z 799 [Note] Access denied for user 'root'@'localhost' (using password: NO)
2026-09-28T13:09:12.730555Z 800 [Note] Access denied for user 'root'@'localhost' (using password: NO)
2026-09-28T13:09:23.731216Z 801 [Note] Access denied for user 'root'@'localhost' (using password: NO)
2026-09-28T13:09:34.753004Z 802 [Note] Access denied for user 'root'@'localhost' (using password: NO)
2026-09-28T13:09:45.726759Z 803 [Note] Access denied for user 'root'@'localhost' (using password: NO)
2026-09-28T13:09:56.722021Z 804 [Note] Access denied for user 'root'@'localhost' (using password: NO)
2026-09-28T13:10:07.725446Z 805 [Note] Access denied for user 'root'@'localhost' (using password: NO)
2026-09-28T13:10:18.727211Z 806 [Note] Access denied for user 'root'@'localhost' (using password: NO)
2026-09-28T13:10:29.714679Z 807 [Note] Access denied for user 'root'@'localhost' (using password: NO)
2026-09-28T13:10:40.728351Z 808 [Note] Access denied for user 'root'@'localhost' (using password: NO)
2026-09-28T13:10:51.734393Z 809 [Note] Access denied for user 'root'@'localhost' (using password: NO)
2026-09-28T13:11:02.728363Z 810 [Note] Access denied for user 'root'@'localhost' (using password: NO)
2026-09-28T13:11:13.749329Z 811 [Note] Access denied for user 'root'@'localhost' (using password: NO)
2026-09-28T13:11:24.726746Z 812 [Note] Access denied for user 'root'@'localhost' (using password: NO)
2026-09-28T13:11:35.734154Z 813 [Note] Access denied for user 'root'@'localhost' (using password: NO)
2026-09-28T13:11:46.708491Z 814 [Note] Access denied for user 'root'@'localhost' (using password: NO)
2026-09-28T13:11:57.713494Z 815 [Note] Access denied for user 'root'@'localhost' (using password: NO)
2026-09-28T13:12:08.720629Z 816 [Note] Access denied for user 'root'@'localhost' (using password: NO)
2026-09-28T13:12:19.712791Z 817 [Note] Access denied for user 'root'@'localhost' (using password: NO)
2026-09-28T13:12:30.719726Z 818 [Note] Access denied for user 'root'@'localhost' (using password: NO)
2026-09-28T13:12:41.717197Z 819 [Note] Access denied for user 'root'@'localhost' (using password: NO)
2026-09-28T13:12:52.724327Z 820 [Note] Access denied for user 'root'@'localhost' (using password: NO)
2026-09-28T13:13:03.718834Z 821 [Note] Access denied for user 'root'@'localhost' (using password: NO)
2026-09-28T13:13:14.717632Z 822 [Note] Access denied for user 'root'@'localhost' (using password: NO)
2026-09-28T13:13:25.716463Z 823 [Note] Access denied for user 'root'@'localhost' (using password: NO)
2026-09-28T13:13:36.733513Z 824 [Note] Access denied for user 'root'@'localhost' (using password: NO)
2026-09-28T13:13:47.785142Z 825 [Note] Access denied for user 'root'@'localhost' (using password: NO)
2026-09-28T13:13:58.774054Z 826 [Note] Access denied for user 'root'@'localhost' (using password: NO)
2026-09-28T13:14:09.715516Z 827 [Note] Access denied for user 'root'@'localhost' (using password: NO)
2026-09-28T13:14:20.722016Z 828 [Note] Access denied for user 'root'@'localhost' (using password: NO)
2026-09-28T13:14:31.713813Z 829 [Note] Access denied for user 'root'@'localhost' (using password: NO)
2026-09-28T13:14:42.717196Z 830 [Note] Access denied for user 'root'@'localhost' (using password: NO)
2026-09-28T13:14:53.716731Z 831 [Note] Access denied for user 'root'@'localhost' (using password: NO)
2026-09-28T13:15:04.717823Z 832 [Note] Access denied for user 'root'@'localhost' (using password: NO)
2026-09-28T13:15:15.725600Z 833 [Note] Access denied for user 'root'@'localhost' (using password: NO)
2026-09-28T13:15:26.732894Z 834 [Note] Access denied for user 'root'@'localhost' (using password: NO)
2026-09-28T13:15:37.738124Z 835 [Note] Access denied for user 'root'@'localhost' (using password: NO)
2026-09-28T13:15:48.715443Z 836 [Note] Access denied for user 'root'@'localhost' (using password: NO)
2026-09-28T13:15:59.720975Z 837 [Note] Access denied for user 'root'@'localhost' (using password: NO)
2026-09-28T13:16:10.724194Z 838 [Note] Access denied for user 'root'@'localhost' (using password: NO)
2026-09-28T13:16:21.718211Z 839 [Note] Access denied for user 'root'@'localhost' (using password: NO)
2026-09-28T13:16:32.728820Z 840 [Note] Access denied for user 'root'@'localhost' (using password: NO)
2026-09-28T13:16:43.717537Z 841 [Note] Access denied for user 'root'@'localhost' (using password: NO)
2026-09-28T13:16:54.749870Z 842 [Note] Access denied for user 'root'@'localhost' (using password: NO)
2026-09-28T13:17:05.714960Z 843 [Note] Access denied for user 'root'@'localhost' (using password: NO)
2026-09-28T13:17:16.709903Z 844 [Note] Access denied for user 'root'@'localhost' (using password: NO)
2026-09-28T13:17:27.725084Z 845 [Note] Access denied for user 'root'@'localhost' (using password: NO)
2026-09-28T13:17:38.722807Z 846 [Note] Access denied for user 'root'@'localhost' (using password: NO)
2026-09-28T13:17:49.716197Z 847 [Note] Access denied for user 'root'@'localhost' (using password: NO)
2026-09-28T13:18:00.718806Z 848 [Note] Access denied for user 'root'@'localhost' (using password: NO)
2026-09-28T13:18:11.725761Z 849 [Note] Access denied for user 'root'@'localhost' (using password: NO)
2026-09-28T13:18:22.723763Z 850 [Note] Access denied for user 'root'@'localhost' (using password: NO)
2026-09-28T13:18:33.713571Z 851 [Note] Access denied for user 'root'@'localhost' (using password: NO)
2026-09-28T13:18:44.727881Z 852 [Note] Access denied for user 'root'@'localhost' (using password: NO)
2026-09-28T13:18:55.120930Z 853 [Note] Access denied for user 'root'@'localhost' (using password: NO)
2026-09-28T13:19:05.746553Z 854 [Note] Access denied for user 'root'@'localhost' (using password: NO)
2026-09-28T13:19:16.714485Z 855 [Note] Access denied for user 'root'@'localhost' (using password: NO)
2026-09-28T13:19:27.711760Z 856 [Note] Access denied for user 'root'@'localhost' (using password: NO)
2026-09-28T13:19:38.714915Z 857 [Note] Access denied for user 'root'@'localhost' (using password: NO)
2026-09-28T13:19:49.728505Z 858 [Note] Access denied for user 'root'@'localhost' (using password: NO)
2026-09-28T13:20:00.712096Z 859 [Note] Access denied for user 'root'@'localhost' (using password: NO)
2026-09-28T13:20:11.725867Z 860 [Note] Access denied for user 'root'@'localhost' (using password: NO)
2026-09-28T13:20:22.720729Z 861 [Note] Access denied for user 'root'@'localhost' (using password: NO)
2026-09-28T13:20:33.722666Z 862 [Note] Access denied for user 'root'@'localhost' (using password: NO)
2026-09-28T13:20:44.731923Z 863 [Note] Access denied for user 'root'@'localhost' (using password: NO)
2026-09-28T13:20:55.717904Z 864 [Note] Access denied for user 'root'@'localhost' (using password: NO)
2026-09-28T13:21:06.714836Z 865 [Note] Access denied for user 'root'@'localhost' (using password: NO)
2026-09-28T13:21:17.719856Z 866 [Note] Access denied for user 'root'@'localhost' (using password: NO)
2026-09-28T13:21:28.722062Z 867 [Note] Access denied for user 'root'@'localhost' (using password: NO)
2026-09-28T13:21:39.735646Z 868 [Note] Access denied for user 'root'@'localhost' (using password: NO)
2026-09-28T13:21:50.708979Z 869 [Note] Access denied for user 'root'@'localhost' (using password: NO)
2026-09-28T13:22:01.715912Z 870 [Note] Access denied for user 'root'@'localhost' (using password: NO)
2026-09-28T13:22:12.723889Z 871 [Note] Access denied for user 'root'@'localhost' (using password: NO)
2026-09-28T13:22:23.716499Z 872 [Note] Access denied for user 'root'@'localhost' (using password: NO)
2026-09-28T13:22:34.713223Z 873 [Note] Access denied for user 'root'@'localhost' (using password: NO)
2026-09-28T13:22:45.724087Z 874 [Note] Access denied for user 'root'@'localhost' (using password: NO)
2026-09-28T13:22:56.719556Z 875 [Note] Access denied for user 'root'@'localhost' (using password: NO)
2026-09-28T13:23:07.723963Z 876 [Note] Access denied for user 'root'@'localhost' (using password: NO)
2026-09-28T13:23:18.732737Z 877 [Note] Access denied for user 'root'@'localhost' (using password: NO)
2026-09-28T13:23:29.715581Z 878 [Note] Access denied for user 'root'@'localhost' (using password: NO)
2026-09-28T13:23:40.737049Z 879 [Note] Access denied for user 'root'@'localhost' (using password: NO)
2026-09-28T13:23:51.713389Z 880 [Note] Access denied for user 'root'@'localhost' (using password: NO)
2026-09-28T13:24:02.712603Z 881 [Note] Access denied for user 'root'@'localhost' (using password: NO)
2026-09-28T13:24:13.718190Z 882 [Note] Access denied for user 'root'@'localhost' (using password: NO)
2026-09-28T13:24:24.702949Z 883 [Note] Access denied for user 'root'@'localhost' (using password: NO)
2026-09-28T13:24:35.715790Z 884 [Note] Access denied for user 'root'@'localhost' (using password: NO)
2026-09-28T13:24:46.731614Z 885 [Note] Access denied for user 'root'@'localhost' (using password: NO)
2026-09-28T13:24:57.711662Z 886 [Note] Access denied for user 'root'@'localhost' (using password: NO)
2026-09-28T13:25:08.724050Z 887 [Note] Access denied for user 'root'@'localhost' (using password: NO)
2026-09-28T13:25:19.709402Z 888 [Note] Access denied for user 'root'@'localhost' (using password: NO)
2026-09-28T13:25:30.721617Z 889 [Note] Access denied for user 'root'@'localhost' (using password: NO)
2026-09-28T13:25:41.733127Z 890 [Note] Access denied for user 'root'@'localhost' (using password: NO)
2026-09-28T13:25:52.727894Z 891 [Note] Access denied for user 'root'@'localhost' (using password: NO)
2026-09-28T13:26:03.715261Z 892 [Note] Access denied for user 'root'@'localhost' (using password: NO)
2026-09-28T13:26:14.753938Z 893 [Note] Access denied for user 'root'@'localhost' (using password: NO)
2026-09-28T13:26:25.720145Z 894 [Note] Access denied for user 'root'@'localhost' (using password: NO)
2026-09-28T13:26:36.745924Z 895 [Note] Access denied for user 'root'@'localhost' (using password: NO)
2026-09-28T13:26:47.719995Z 896 [Note] Access denied for user 'root'@'localhost' (using password: NO)
2026-09-28T13:26:58.723055Z 897 [Note] Access denied for user 'root'@'localhost' (using password: NO)
2026-09-28T13:27:09.714304Z 898 [Note] Access denied for user 'root'@'localhost' (using password: NO)
2026-09-28T13:27:20.722955Z 899 [Note] Access denied for user 'root'@'localhost' (using password: NO)
2026-09-28T13:27:31.720245Z 900 [Note] Access denied for user 'root'@'localhost' (using password: NO)
2026-09-28T13:27:42.716454Z 901 [Note] Access denied for user 'root'@'localhost' (using password: NO)
2026-09-28T13:27:53.715014Z 902 [Note] Access denied for user 'root'@'localhost' (using password: NO)
2026-09-28T13:28:04.726286Z 903 [Note] Access denied for user 'root'@'localhost' (using password: NO)
2026-09-28T13:28:15.723985Z 904 [Note] Access denied for user 'root'@'localhost' (using password: NO)
2026-09-28T13:28:26.722451Z 905 [Note] Access denied for user 'root'@'localhost' (using password: NO)
2026-09-28T13:28:37.728308Z 906 [Note] Access denied for user 'root'@'localhost' (using password: NO)
2026-09-28T13:28:48.732624Z 907 [Note] Access denied for user 'root'@'localhost' (using password: NO)
2026-09-28T13:28:59.725933Z 908 [Note] Access denied for user 'root'@'localhost' (using password: NO)
2026-09-28T13:29:10.715075Z 909 [Note] Access denied for user 'root'@'localhost' (using password: NO)
2026-09-28T13:29:21.721616Z 910 [Note] Access denied for user 'root'@'localhost' (using password: NO)
2026-09-28T13:29:32.724848Z 911 [Note] Access denied for user 'root'@'localhost' (using password: NO)
2026-09-28T13:29:43.719520Z 912 [Note] Access denied for user 'root'@'localhost' (using password: NO)
2026-09-28T13:29:54.729959Z 913 [Note] Access denied for user 'root'@'localhost' (using password: NO)
2026-09-28T13:30:05.726547Z 914 [Note] Access denied for user 'root'@'localhost' (using password: NO)
2026-09-28T13:30:16.719106Z 915 [Note] Access denied for user 'root'@'localhost' (using password: NO)
2026-09-28T13:30:27.727187Z 916 [Note] Access denied for user 'root'@'localhost' (using password: NO)
2026-09-28T13:30:38.726516Z 917 [Note] Access denied for user 'root'@'localhost' (using password: NO)
2026-09-28T13:30:49.717677Z 918 [Note] Access denied for user 'root'@'localhost' (using password: NO)
2026-09-28T13:31:00.722518Z 919 [Note] Access denied for user 'root'@'localhost' (using password: NO)
2026-09-28T13:31:11.714065Z 920 [Note] Access denied for user 'root'@'localhost' (using password: NO)
2026-09-28T13:31:22.742531Z 921 [Note] Access denied for user 'root'@'localhost' (using password: NO)
2026-09-28T13:31:33.715454Z 922 [Note] Access denied for user 'root'@'localhost' (using password: NO)
2026-09-28T13:31:44.716449Z 923 [Note] Access denied for user 'root'@'localhost' (using password: NO)
2026-09-28T13:31:55.741065Z 924 [Note] Access denied for user 'root'@'localhost' (using password: NO)
2026-09-28T13:32:06.748740Z 925 [Note] Access denied for user 'root'@'localhost' (using password: NO)
2026-09-28T13:32:17.732508Z 926 [Note] Access denied for user 'root'@'localhost' (using password: NO)
2026-09-28T13:32:28.713008Z 927 [Note] Access denied for user 'root'@'localhost' (using password: NO)
2026-09-28T13:32:39.843349Z 928 [Note] Access denied for user 'root'@'localhost' (using password: NO)
2026-09-28T13:32:50.719432Z 929 [Note] Access denied for user 'root'@'localhost' (using password: NO)
2026-09-28T13:33:01.720872Z 930 [Note] Access denied for user 'root'@'localhost' (using password: NO)
2026-09-28T13:33:12.725824Z 931 [Note] Access denied for user 'root'@'localhost' (using password: NO)
2026-09-28T13:33:23.709799Z 932 [Note] Access denied for user 'root'@'localhost' (using password: NO)
2026-09-28T13:33:34.716703Z 933 [Note] Access denied for user 'root'@'localhost' (using password: NO)
2026-09-28T13:33:45.718386Z 934 [Note] Access denied for user 'root'@'localhost' (using password: NO)
2026-09-28T13:33:56.749623Z 935 [Note] Access denied for user 'root'@'localhost' (using password: NO)
2026-09-28T13:34:07.719766Z 936 [Note] Access denied for user 'root'@'localhost' (using password: NO)
2026-09-28T13:34:18.729852Z 937 [Note] Access denied for user 'root'@'localhost' (using password: NO)
2026-09-28T13:34:29.727030Z 938 [Note] Access denied for user 'root'@'localhost' (using password: NO)
2026-09-28T13:34:40.727205Z 939 [Note] Access denied for user 'root'@'localhost' (using password: NO)
2026-09-28T13:34:51.715363Z 940 [Note] Access denied for user 'root'@'localhost' (using password: NO)
2026-09-28T13:35:02.721190Z 941 [Note] Access denied for user 'root'@'localhost' (using password: NO)
2026-09-28T13:35:13.720163Z 942 [Note] Access denied for user 'root'@'localhost' (using password: NO)
2026-09-28T13:35:24.715746Z 943 [Note] Access denied for user 'root'@'localhost' (using password: NO)
2026-09-28T13:35:35.730556Z 944 [Note] Access denied for user 'root'@'localhost' (using password: NO)
2026-09-28T13:35:46.722982Z 945 [Note] Access denied for user 'root'@'localhost' (using password: NO)
2026-09-28T13:35:57.716067Z 946 [Note] Access denied for user 'root'@'localhost' (using password: NO)
2026-09-28T13:36:08.712386Z 947 [Note] Access denied for user 'root'@'localhost' (using password: NO)
2026-09-28T13:36:19.719611Z 948 [Note] Access denied for user 'root'@'localhost' (using password: NO)
2026-09-28T13:36:30.708200Z 949 [Note] Access denied for user 'root'@'localhost' (using password: NO)
2026-09-28T13:36:41.717354Z 950 [Note] Access denied for user 'root'@'localhost' (using password: NO)
2026-09-28T13:36:52.727562Z 951 [Note] Access denied for user 'root'@'localhost' (using password: NO)
2026-09-28T13:37:03.720772Z 952 [Note] Access denied for user 'root'@'localhost' (using password: NO)
2026-09-28T13:37:14.733101Z 953 [Note] Access denied for user 'root'@'localhost' (using password: NO)
2026-09-28T13:37:25.725034Z 954 [Note] Access denied for user 'root'@'localhost' (using password: NO)
2026-09-28T13:37:36.734882Z 955 [Note] Access denied for user 'root'@'localhost' (using password: NO)
2026-09-28T13:37:47.714987Z 956 [Note] Access denied for user 'root'@'localhost' (using password: NO)
2026-09-28T13:37:58.716901Z 957 [Note] Access denied for user 'root'@'localhost' (using password: NO)
2026-09-28T13:38:09.714652Z 958 [Note] Access denied for user 'root'@'localhost' (using password: NO)
2026-09-28T13:38:20.715392Z 959 [Note] Access denied for user 'root'@'localhost' (using password: NO)
2026-09-28T13:38:31.738297Z 960 [Note] Access denied for user 'root'@'localhost' (using password: NO)
2026-09-28T13:38:42.713857Z 961 [Note] Access denied for user 'root'@'localhost' (using password: NO)
2026-09-28T13:38:53.745766Z 962 [Note] Access denied for user 'root'@'localhost' (using password: NO)
2026-09-28T13:39:04.734667Z 963 [Note] Access denied for user 'root'@'localhost' (using password: NO)
2026-09-28T13:39:15.712917Z 964 [Note] Access denied for user 'root'@'localhost' (using password: NO)
2026-09-28T13:39:26.723839Z 965 [Note] Access denied for user 'root'@'localhost' (using password: NO)
2026-09-28T13:39:37.730931Z 966 [Note] Access denied for user 'root'@'localhost' (using password: NO)
2026-09-28T13:39:48.708514Z 967 [Note] Access denied for user 'root'@'localhost' (using password: NO)
2026-09-28T13:39:59.715372Z 968 [Note] Access denied for user 'root'@'localhost' (using password: NO)
2026-09-28T13:40:10.731428Z 969 [Note] Access denied for user 'root'@'localhost' (using password: NO)
2026-09-28T13:40:21.716838Z 970 [Note] Access denied for user 'root'@'localhost' (using password: NO)
2026-09-28T13:40:32.715526Z 971 [Note] Access denied for user 'root'@'localhost' (using password: NO)
2026-09-28T13:40:43.730614Z 972 [Note] Access denied for user 'root'@'localhost' (using password: NO)
2026-09-28T13:40:54.725575Z 973 [Note] Access denied for user 'root'@'localhost' (using password: NO)
2026-09-28T13:41:05.709798Z 974 [Note] Access denied for user 'root'@'localhost' (using password: NO)
2026-09-28T13:41:16.717298Z 975 [Note] Access denied for user 'root'@'localhost' (using password: NO)
2026-09-28T13:41:27.711417Z 976 [Note] Access denied for user 'root'@'localhost' (using password: NO)
2026-09-28T13:41:38.712789Z 977 [Note] Access denied for user 'root'@'localhost' (using password: NO)
2026-09-28T13:41:49.707502Z 978 [Note] Access denied for user 'root'@'localhost' (using password: NO)
2026-09-28T13:42:00.717864Z 979 [Note] Access denied for user 'root'@'localhost' (using password: NO)
2026-09-28T13:42:11.723778Z 980 [Note] Access denied for user 'root'@'localhost' (using password: NO)
2026-09-28T13:42:22.717886Z 981 [Note] Access denied for user 'root'@'localhost' (using password: NO)
2026-09-28T13:42:33.714968Z 982 [Note] Access denied for user 'root'@'localhost' (using password: NO)
2026-09-28T13:42:44.720939Z 983 [Note] Access denied for user 'root'@'localhost' (using password: NO)
2026-09-28T13:42:55.335460Z 984 [Note] Access denied for user 'root'@'localhost' (using password: NO)
2026-09-28T13:43:05.718240Z 985 [Note] Access denied for user 'root'@'localhost' (using password: NO)
2026-09-28T13:43:16.747228Z 986 [Note] Access denied for user 'root'@'localhost' (using password: NO)
2026-09-28T13:43:27.726171Z 987 [Note] Access denied for user 'root'@'localhost' (using password: NO)
2026-09-28T13:43:38.718602Z 988 [Note] Access denied for user 'root'@'localhost' (using password: NO)
2026-09-28T13:43:49.708324Z 989 [Note] Access denied for user 'root'@'localhost' (using password: NO)
2026-09-28T13:44:00.716505Z 990 [Note] Access denied for user 'root'@'localhost' (using password: NO)
2026-09-28T13:44:11.725750Z 991 [Note] Access denied for user 'root'@'localhost' (using password: NO)
2026-09-28T13:44:22.728542Z 992 [Note] Access denied for user 'root'@'localhost' (using password: NO)
2026-09-28T13:44:33.710703Z 993 [Note] Access denied for user 'root'@'localhost' (using password: NO)
2026-09-28T13:44:44.714071Z 994 [Note] Access denied for user 'root'@'localhost' (using password: NO)
2026-09-28T13:44:55.715658Z 995 [Note] Access denied for user 'root'@'localhost' (using password: NO)
2026-09-28T13:45:06.718630Z 996 [Note] Access denied for user 'root'@'localhost' (using password: NO)
2026-09-28T13:45:17.719449Z 997 [Note] Access denied for user 'root'@'localhost' (using password: NO)
2026-09-28T13:45:28.714327Z 998 [Note] Access denied for user 'root'@'localhost' (using password: NO)
2026-09-28T13:45:39.367927Z 999 [Note] Access denied for user 'root'@'localhost' (using password: NO)
2026-09-28T13:45:49.766947Z 1000 [Note] Access denied for user 'root'@'localhost' (using password: NO)
2026-09-28T13:46:00.721735Z 1001 [Note] Access denied for user 'root'@'localhost' (using password: NO)
2026-09-28T13:46:11.720617Z 1002 [Note] Access denied for user 'root'@'localhost' (using password: NO)
2026-09-28T13:46:22.726532Z 1003 [Note] Access denied for user 'root'@'localhost' (using password: NO)
2026-09-28T13:46:33.707699Z 1004 [Note] Access denied for user 'root'@'localhost' (using password: NO)
2026-09-28T13:46:44.719297Z 1005 [Note] Access denied for user 'root'@'localhost' (using password: NO)
2026-09-28T13:46:55.729774Z 1006 [Note] Access denied for user 'root'@'localhost' (using password: NO)
2026-09-28T13:47:06.733392Z 1007 [Note] Access denied for user 'root'@'localhost' (using password: NO)
2026-09-28T13:47:17.713842Z 1008 [Note] Access denied for user 'root'@'localhost' (using password: NO)
2026-09-28T13:47:28.714625Z 1009 [Note] Access denied for user 'root'@'localhost' (using password: NO)
2026-09-28T13:47:39.746291Z 1010 [Note] Access denied for user 'root'@'localhost' (using password: NO)
2026-09-28T13:47:50.753662Z 1011 [Note] Access denied for user 'root'@'localhost' (using password: NO)
2026-09-28T13:48:01.736273Z 1012 [Note] Access denied for user 'root'@'localhost' (using password: NO)
2026-09-28T13:48:12.733410Z 1013 [Note] Access denied for user 'root'@'localhost' (using password: NO)
2026-09-28T13:48:23.727000Z 1014 [Note] Access denied for user 'root'@'localhost' (using password: NO)
2026-09-28T13:48:34.731485Z 1015 [Note] Access denied for user 'root'@'localhost' (using password: NO)
2026-09-28T13:48:45.727054Z 1016 [Note] Access denied for user 'root'@'localhost' (using password: NO)
2026-09-28T13:48:56.715822Z 1017 [Note] Access denied for user 'root'@'localhost' (using password: NO)
2026-09-28T13:49:07.722121Z 1018 [Note] Access denied for user 'root'@'localhost' (using password: NO)
2026-09-28T13:49:18.722847Z 1019 [Note] Access denied for user 'root'@'localhost' (using password: NO)
2026-09-28T13:49:29.726827Z 1020 [Note] Access denied for user 'root'@'localhost' (using password: NO)
2026-09-28T13:49:40.717274Z 1021 [Note] Access denied for user 'root'@'localhost' (using password: NO)
2026-09-28T13:49:51.736495Z 1022 [Note] Access denied for user 'root'@'localhost' (using password: NO)
2026-09-28T13:50:02.726817Z 1023 [Note] Access denied for user 'root'@'localhost' (using password: NO)
2026-09-28T13:50:13.715050Z 1024 [Note] Access denied for user 'root'@'localhost' (using password: NO)
2026-09-28T13:50:24.719000Z 1025 [Note] Access denied for user 'root'@'localhost' (using password: NO)
2026-09-28T13:50:35.722070Z 1026 [Note] Access denied for user 'root'@'localhost' (using password: NO)
2026-09-28T13:50:46.710859Z 1027 [Note] Access denied for user 'root'@'localhost' (using password: NO)
2026-09-28T13:50:57.712784Z 1028 [Note] Access denied for user 'root'@'localhost' (using password: NO)
2026-09-28T13:51:08.708848Z 1029 [Note] Access denied for user 'root'@'localhost' (using password: NO)
2026-09-28T13:51:19.726523Z 1030 [Note] Access denied for user 'root'@'localhost' (using password: NO)
2026-09-28T13:51:30.710562Z 1031 [Note] Access denied for user 'root'@'localhost' (using password: NO)
2026-09-28T13:51:41.730737Z 1032 [Note] Access denied for user 'root'@'localhost' (using password: NO)
2026-09-28T13:51:52.719608Z 1033 [Note] Access denied for user 'root'@'localhost' (using password: NO)
2026-09-28T13:52:03.735679Z 1034 [Note] Access denied for user 'root'@'localhost' (using password: NO)
2026-09-28T13:52:14.739503Z 1035 [Note] Access denied for user 'root'@'localhost' (using password: NO)
2026-09-28T13:52:25.717360Z 1036 [Note] Access denied for user 'root'@'localhost' (using password: NO)
2026-09-28T13:52:36.713021Z 1037 [Note] Access denied for user 'root'@'localhost' (using password: NO)
2026-09-28T13:52:47.722481Z 1038 [Note] Access denied for user 'root'@'localhost' (using password: NO)
2026-09-28T13:52:58.713515Z 1039 [Note] Access denied for user 'root'@'localhost' (using password: NO)
2026-09-28T13:53:09.737172Z 1040 [Note] Access denied for user 'root'@'localhost' (using password: NO)
2026-09-28T13:53:20.714337Z 1041 [Note] Access denied for user 'root'@'localhost' (using password: NO)
2026-09-28T13:53:31.709642Z 1042 [Note] Access denied for user 'root'@'localhost' (using password: NO)
2026-09-28T13:53:42.718236Z 1043 [Note] Access denied for user 'root'@'localhost' (using password: NO)
2026-09-28T13:53:53.753539Z 1044 [Note] Access denied for user 'root'@'localhost' (using password: NO)
2026-09-28T13:54:04.733541Z 1045 [Note] Access denied for user 'root'@'localhost' (using password: NO)
2026-09-28T13:54:15.710019Z 1046 [Note] Access denied for user 'root'@'localhost' (using password: NO)
2026-09-28T13:54:26.721292Z 1047 [Note] Access denied for user 'root'@'localhost' (using password: NO)
2026-09-28T13:54:37.722444Z 1048 [Note] Access denied for user 'root'@'localhost' (using password: NO)
2026-09-28T13:54:48.737714Z 1049 [Note] Access denied for user 'root'@'localhost' (using password: NO)
2026-09-28T13:54:59.714750Z 1050 [Note] Access denied for user 'root'@'localhost' (using password: NO)
2026-09-28T13:55:10.710235Z 1051 [Note] Access denied for user 'root'@'localhost' (using password: NO)
2026-09-28T13:55:21.728090Z 1052 [Note] Access denied for user 'root'@'localhost' (using password: NO)
2026-09-28T13:55:32.754710Z 1053 [Note] Access denied for user 'root'@'localhost' (using password: NO)
2026-09-28T13:55:43.723952Z 1054 [Note] Access denied for user 'root'@'localhost' (using password: NO)
2026-09-28T13:55:54.730093Z 1055 [Note] Access denied for user 'root'@'localhost' (using password: NO)
2026-09-28T13:56:05.722371Z 1056 [Note] Access denied for user 'root'@'localhost' (using password: NO)
2026-09-28T13:56:16.718820Z 1057 [Note] Access denied for user 'root'@'localhost' (using password: NO)
2026-09-28T13:56:27.720199Z 1058 [Note] Access denied for user 'root'@'localhost' (using password: NO)
2026-09-28T13:56:38.720764Z 1059 [Note] Access denied for user 'root'@'localhost' (using password: NO)
2026-09-28T13:56:49.755001Z 1060 [Note] Access denied for user 'root'@'localhost' (using password: NO)
2026-09-28T13:57:00.720020Z 1061 [Note] Access denied for user 'root'@'localhost' (using password: NO)
2026-09-28T13:57:11.718362Z 1062 [Note] Access denied for user 'root'@'localhost' (using password: NO)
2026-09-28T13:57:22.733415Z 1063 [Note] Access denied for user 'root'@'localhost' (using password: NO)
2026-09-28T13:57:33.727179Z 1064 [Note] Access denied for user 'root'@'localhost' (using password: NO)
2026-09-28T13:57:44.730302Z 1065 [Note] Access denied for user 'root'@'localhost' (using password: NO)
2026-09-28T13:57:55.480570Z 1066 [Note] Access denied for user 'root'@'localhost' (using password: NO)
2026-09-28T13:58:05.725196Z 1067 [Note] Access denied for user 'root'@'localhost' (using password: NO)
2026-09-28T13:58:16.728287Z 1068 [Note] Access denied for user 'root'@'localhost' (using password: NO)
2026-09-28T13:58:27.728982Z 1069 [Note] Access denied for user 'root'@'localhost' (using password: NO)
2026-09-28T13:58:38.721692Z 1070 [Note] Access denied for user 'root'@'localhost' (using password: NO)
2026-09-28T13:58:49.711705Z 1071 [Note] Access denied for user 'root'@'localhost' (using password: NO)
2026-09-28T13:59:00.739195Z 1072 [Note] Access denied for user 'root'@'localhost' (using password: NO)
2026-09-28T13:59:11.726615Z 1073 [Note] Access denied for user 'root'@'localhost' (using password: NO)
2026-09-28T13:59:22.716765Z 1074 [Note] Access denied for user 'root'@'localhost' (using password: NO)
2026-09-28T13:59:33.709855Z 1075 [Note] Access denied for user 'root'@'localhost' (using password: NO)
2026-09-28T13:59:44.724980Z 1076 [Note] Access denied for user 'root'@'localhost' (using password: NO)
2026-09-28T13:59:55.733559Z 1077 [Note] Access denied for user 'root'@'localhost' (using password: NO)
2026-09-28T14:00:06.729945Z 1078 [Note] Access denied for user 'root'@'localhost' (using password: NO)
2026-09-28T14:00:17.736077Z 1079 [Note] Access denied for user 'root'@'localhost' (using password: NO)
2026-09-28T14:00:28.709981Z 1080 [Note] Access denied for user 'root'@'localhost' (using password: NO)
2026-09-28T14:00:39.351552Z 1081 [Note] Access denied for user 'root'@'localhost' (using password: NO)
2026-09-28T14:00:49.721475Z 1082 [Note] Access denied for user 'root'@'localhost' (using password: NO)
2026-09-28T14:01:00.717806Z 1083 [Note] Access denied for user 'root'@'localhost' (using password: NO)
2026-09-28T14:01:11.720855Z 1084 [Note] Access denied for user 'root'@'localhost' (using password: NO)
2026-09-28T14:01:22.723706Z 1085 [Note] Access denied for user 'root'@'localhost' (using password: NO)
2026-09-28T14:01:33.710211Z 1086 [Note] Access denied for user 'root'@'localhost' (using password: NO)
2026-09-28T14:01:44.721296Z 1087 [Note] Access denied for user 'root'@'localhost' (using password: NO)
2026-09-28T14:01:55.727356Z 1088 [Note] Access denied for user 'root'@'localhost' (using password: NO)
2026-09-28T14:02:06.738460Z 1089 [Note] Access denied for user 'root'@'localhost' (using password: NO)
2026-09-28T14:02:17.721739Z 1090 [Note] Access denied for user 'root'@'localhost' (using password: NO)
2026-09-28T14:02:28.720556Z 1091 [Note] Access denied for user 'root'@'localhost' (using password: NO)
2026-09-28T14:02:39.711149Z 1092 [Note] Access denied for user 'root'@'localhost' (using password: NO)
2026-09-28T14:02:50.718370Z 1093 [Note] Access denied for user 'root'@'localhost' (using password: NO)
2026-09-28T14:03:01.722570Z 1094 [Note] Access denied for user 'root'@'localhost' (using password: NO)
2026-09-28T14:03:12.719319Z 1095 [Note] Access denied for user 'root'@'localhost' (using password: NO)
2026-09-28T14:03:23.713510Z 1096 [Note] Access denied for user 'root'@'localhost' (using password: NO)
2026-09-28T14:03:34.719516Z 1097 [Note] Access denied for user 'root'@'localhost' (using password: NO)
2026-09-28T14:03:45.733393Z 1098 [Note] Access denied for user 'root'@'localhost' (using password: NO)
2026-09-28T14:03:56.711845Z 1099 [Note] Access denied for user 'root'@'localhost' (using password: NO)
2026-09-28T14:04:07.722699Z 1100 [Note] Access denied for user 'root'@'localhost' (using password: NO)
2026-09-28T14:04:18.718656Z 1101 [Note] Access denied for user 'root'@'localhost' (using password: NO)
2026-09-28T14:04:29.734924Z 1102 [Note] Access denied for user 'root'@'localhost' (using password: NO)
2026-09-28T14:04:40.725854Z 1103 [Note] Access denied for user 'root'@'localhost' (using password: NO)
2026-09-28T14:04:51.704829Z 1104 [Note] Access denied for user 'root'@'localhost' (using password: NO)
2026-09-28T14:05:02.724899Z 1105 [Note] Access denied for user 'root'@'localhost' (using password: NO)
2026-09-28T14:05:13.716947Z 1106 [Note] Access denied for user 'root'@'localhost' (using password: NO)
2026-09-28T14:05:24.725027Z 1107 [Note] Access denied for user 'root'@'localhost' (using password: NO)
2026-09-28T14:05:35.720975Z 1108 [Note] Access denied for user 'root'@'localhost' (using password: NO)
2026-09-28T14:05:46.736380Z 1109 [Note] Access denied for user 'root'@'localhost' (using password: NO)
2026-09-28T14:05:57.722649Z 1110 [Note] Access denied for user 'root'@'localhost' (using password: NO)
2026-09-28T14:06:08.729726Z 1111 [Note] Access denied for user 'root'@'localhost' (using password: NO)
2026-09-28T14:06:19.719007Z 1112 [Note] Access denied for user 'root'@'localhost' (using password: NO)
2026-09-28T14:06:30.735572Z 1113 [Note] Access denied for user 'root'@'localhost' (using password: NO)
2026-09-28T14:06:41.715673Z 1114 [Note] Access denied for user 'root'@'localhost' (using password: NO)
2026-09-28T14:06:52.720870Z 1115 [Note] Access denied for user 'root'@'localhost' (using password: NO)
2026-09-28T14:07:03.721706Z 1116 [Note] Access denied for user 'root'@'localhost' (using password: NO)
2026-09-28T14:07:14.716167Z 1117 [Note] Access denied for user 'root'@'localhost' (using password: NO)
2026-09-28T14:07:25.730591Z 1118 [Note] Access denied for user 'root'@'localhost' (using password: NO)
2026-09-28T14:07:36.724716Z 1119 [Note] Access denied for user 'root'@'localhost' (using password: NO)
2026-09-28T14:07:47.721083Z 1120 [Note] Access denied for user 'root'@'localhost' (using password: NO)
2026-09-28T14:07:58.750397Z 1121 [Note] Access denied for user 'root'@'localhost' (using password: NO)
2026-09-28T14:08:09.723185Z 1122 [Note] Access denied for user 'root'@'localhost' (using password: NO)
2026-09-28T14:08:20.740597Z 1123 [Note] Access denied for user 'root'@'localhost' (using password: NO)
2026-09-28T14:08:31.726663Z 1124 [Note] Access denied for user 'root'@'localhost' (using password: NO)
2026-09-28T14:08:42.717690Z 1125 [Note] Access denied for user 'root'@'localhost' (using password: NO)
2026-09-28T14:08:53.752270Z 1126 [Note] Access denied for user 'root'@'localhost' (using password: NO)
2026-09-28T14:09:04.737875Z 1127 [Note] Access denied for user 'root'@'localhost' (using password: NO)
2026-09-28T14:09:15.744156Z 1128 [Note] Access denied for user 'root'@'localhost' (using password: NO)
2026-09-28T14:09:26.719646Z 1129 [Note] Access denied for user 'root'@'localhost' (using password: NO)
2026-09-28T14:09:37.721718Z 1130 [Note] Access denied for user 'root'@'localhost' (using password: NO)
2026-09-28T14:09:48.732533Z 1131 [Note] Access denied for user 'root'@'localhost' (using password: NO)
2026-09-28T14:09:59.717472Z 1132 [Note] Access denied for user 'root'@'localhost' (using password: NO)
2026-09-28T14:10:10.720061Z 1133 [Note] Access denied for user 'root'@'localhost' (using password: NO)
2026-09-28T14:10:21.714952Z 1134 [Note] Access denied for user 'root'@'localhost' (using password: NO)
2026-09-28T14:10:32.718335Z 1135 [Note] Access denied for user 'root'@'localhost' (using password: NO)
2026-09-28T14:10:43.724266Z 1136 [Note] Access denied for user 'root'@'localhost' (using password: NO)
2026-09-28T14:10:54.738934Z 1137 [Note] Access denied for user 'root'@'localhost' (using password: NO)
2026-09-28T14:11:05.745599Z 1138 [Note] Access denied for user 'root'@'localhost' (using password: NO)
2026-09-28T14:11:16.727225Z 1139 [Note] Access denied for user 'root'@'localhost' (using password: NO)
2026-09-28T14:11:27.711677Z 1140 [Note] Access denied for user 'root'@'localhost' (using password: NO)
2026-09-28T14:11:38.721668Z 1141 [Note] Access denied for user 'root'@'localhost' (using password: NO)
2026-09-28T14:11:49.734174Z 1142 [Note] Access denied for user 'root'@'localhost' (using password: NO)
2026-09-28T14:12:00.729135Z 1143 [Note] Access denied for user 'root'@'localhost' (using password: NO)
2026-09-28T14:12:11.708853Z 1144 [Note] Access denied for user 'root'@'localhost' (using password: NO)
2026-09-28T14:12:22.713482Z 1145 [Note] Access denied for user 'root'@'localhost' (using password: NO)
2026-09-28T14:12:33.726216Z 1146 [Note] Access denied for user 'root'@'localhost' (using password: NO)
2026-09-28T14:12:44.710072Z 1147 [Note] Access denied for user 'root'@'localhost' (using password: NO)
2026-09-28T14:12:55.651020Z 1148 [Note] Access denied for user 'root'@'localhost' (using password: NO)
2026-09-28T14:13:06.726103Z 1149 [Note] Access denied for user 'root'@'localhost' (using password: NO)
2026-09-28T14:13:17.712732Z 1150 [Note] Access denied for user 'root'@'localhost' (using password: NO)
2026-09-28T14:13:28.721333Z 1151 [Note] Access denied for user 'root'@'localhost' (using password: NO)
2026-09-28T14:13:39.726586Z 1152 [Note] Access denied for user 'root'@'localhost' (using password: NO)
2026-09-28T14:13:50.719491Z 1153 [Note] Access denied for user 'root'@'localhost' (using password: NO)
2026-09-28T14:14:01.737024Z 1154 [Note] Access denied for user 'root'@'localhost' (using password: NO)
2026-09-28T14:14:12.716898Z 1155 [Note] Access denied for user 'root'@'localhost' (using password: NO)
2026-09-28T14:14:23.727867Z 1156 [Note] Access denied for user 'root'@'localhost' (using password: NO)
2026-09-28T14:14:34.729828Z 1157 [Note] Access denied for user 'root'@'localhost' (using password: NO)
2026-09-28T14:14:45.717992Z 1158 [Note] Access denied for user 'root'@'localhost' (using password: NO)
2026-09-28T14:14:56.730186Z 1159 [Note] Access denied for user 'root'@'localhost' (using password: NO)
2026-09-28T14:15:07.723057Z 1160 [Note] Access denied for user 'root'@'localhost' (using password: NO)
2026-09-28T14:15:18.713755Z 1161 [Note] Access denied for user 'root'@'localhost' (using password: NO)
2026-09-28T14:15:29.306777Z 1162 [Note] Access denied for user 'root'@'localhost' (using password: NO)
2026-09-28T14:15:39.707719Z 1163 [Note] Access denied for user 'root'@'localhost' (using password: NO)
2026-09-28T14:15:50.719288Z 1164 [Note] Access denied for user 'root'@'localhost' (using password: NO)
2026-09-28T14:16:01.718562Z 1165 [Note] Access denied for user 'root'@'localhost' (using password: NO)
2026-09-28T14:16:12.713979Z 1166 [Note] Access denied for user 'root'@'localhost' (using password: NO)
2026-09-28T14:16:23.716914Z 1167 [Note] Access denied for user 'root'@'localhost' (using password: NO)
2026-09-28T14:16:34.726270Z 1168 [Note] Access denied for user 'root'@'localhost' (using password: NO)
2026-09-28T14:16:45.734334Z 1169 [Note] Access denied for user 'root'@'localhost' (using password: NO)
2026-09-28T14:16:56.738811Z 1170 [Note] Access denied for user 'root'@'localhost' (using password: NO)
2026-09-28T14:17:07.720635Z 1171 [Note] Access denied for user 'root'@'localhost' (using password: NO)
2026-09-28T14:17:18.731001Z 1172 [Note] Access denied for user 'root'@'localhost' (using password: NO)
2026-09-28T14:17:29.729112Z 1173 [Note] Access denied for user 'root'@'localhost' (using password: NO)
2026-09-28T14:17:40.715242Z 1174 [Note] Access denied for user 'root'@'localhost' (using password: NO)
2026-09-28T14:17:51.723960Z 1175 [Note] Access denied for user 'root'@'localhost' (using password: NO)
2026-09-28T14:18:02.723021Z 1176 [Note] Access denied for user 'root'@'localhost' (using password: NO)
2026-09-28T14:18:13.734579Z 1177 [Note] Access denied for user 'root'@'localhost' (using password: NO)
2026-09-28T14:18:24.716411Z 1178 [Note] Access denied for user 'root'@'localhost' (using password: NO)
2026-09-28T14:18:35.714076Z 1179 [Note] Access denied for user 'root'@'localhost' (using password: NO)
2026-09-28T14:18:46.726523Z 1180 [Note] Access denied for user 'root'@'localhost' (using password: NO)
2026-09-28T14:18:57.736553Z 1181 [Note] Access denied for user 'root'@'localhost' (using password: NO)
2026-09-28T14:19:08.723539Z 1182 [Note] Access denied for user 'root'@'localhost' (using password: NO)
2026-09-28T14:19:19.715652Z 1183 [Note] Access denied for user 'root'@'localhost' (using password: NO)
2026-09-28T14:19:30.716286Z 1184 [Note] Access denied for user 'root'@'localhost' (using password: NO)
2026-09-28T14:19:41.720516Z 1185 [Note] Access denied for user 'root'@'localhost' (using password: NO)
2026-09-28T14:19:52.711793Z 1186 [Note] Access denied for user 'root'@'localhost' (using password: NO)
2026-09-28T14:20:03.724129Z 1187 [Note] Access denied for user 'root'@'localhost' (using password: NO)
2026-09-28T14:20:14.726338Z 1188 [Note] Access denied for user 'root'@'localhost' (using password: NO)
2026-09-28T14:20:25.724706Z 1189 [Note] Access denied for user 'root'@'localhost' (using password: NO)
2026-09-28T14:20:36.713667Z 1190 [Note] Access denied for user 'root'@'localhost' (using password: NO)
2026-09-28T14:20:47.716567Z 1191 [Note] Access denied for user 'root'@'localhost' (using password: NO)
2026-09-28T14:20:58.718695Z 1192 [Note] Access denied for user 'root'@'localhost' (using password: NO)
2026-09-28T14:21:09.734096Z 1193 [Note] Access denied for user 'root'@'localhost' (using password: NO)
2026-09-28T14:21:20.724218Z 1194 [Note] Access denied for user 'root'@'localhost' (using password: NO)
2026-09-28T14:21:31.716137Z 1195 [Note] Access denied for user 'root'@'localhost' (using password: NO)
2026-09-28T14:21:42.716054Z 1196 [Note] Access denied for user 'root'@'localhost' (using password: NO)
2026-09-28T14:21:53.731491Z 1197 [Note] Access denied for user 'root'@'localhost' (using password: NO)
2026-09-28T14:22:04.716660Z 1198 [Note] Access denied for user 'root'@'localhost' (using password: NO)
2026-09-28T14:22:15.719358Z 1199 [Note] Access denied for user 'root'@'localhost' (using password: NO)
2026-09-28T14:22:26.714438Z 1200 [Note] Access denied for user 'root'@'localhost' (using password: NO)
2026-09-28T14:22:37.727120Z 1201 [Note] Access denied for user 'root'@'localhost' (using password: NO)
2026-09-28T14:22:48.736678Z 1202 [Note] Access denied for user 'root'@'localhost' (using password: NO)
2026-09-28T14:22:59.713753Z 1203 [Note] Access denied for user 'root'@'localhost' (using password: NO)
2026-09-28T14:23:10.712876Z 1204 [Note] Access denied for user 'root'@'localhost' (using password: NO)
2026-09-28T14:23:21.729544Z 1205 [Note] Access denied for user 'root'@'localhost' (using password: NO)
2026-09-28T14:23:32.725709Z 1206 [Note] Access denied for user 'root'@'localhost' (using password: NO)
2026-09-28T14:23:43.721487Z 1207 [Note] Access denied for user 'root'@'localhost' (using password: NO)
2026-09-28T14:23:54.721389Z 1208 [Note] Access denied for user 'root'@'localhost' (using password: NO)
2026-09-28T14:24:05.729586Z 1209 [Note] Access denied for user 'root'@'localhost' (using password: NO)
2026-09-28T14:24:16.726049Z 1210 [Note] Access denied for user 'root'@'localhost' (using password: NO)
2026-09-28T14:24:27.727023Z 1211 [Note] Access denied for user 'root'@'localhost' (using password: NO)
2026-09-28T14:24:38.716277Z 1212 [Note] Access denied for user 'root'@'localhost' (using password: NO)
2026-09-28T14:24:49.720858Z 1213 [Note] Access denied for user 'root'@'localhost' (using password: NO)
2026-09-28T14:25:00.719123Z 1214 [Note] Access denied for user 'root'@'localhost' (using password: NO)
2026-09-28T14:25:11.720622Z 1215 [Note] Access denied for user 'root'@'localhost' (using password: NO)
2026-09-28T14:25:22.725896Z 1216 [Note] Access denied for user 'root'@'localhost' (using password: NO)
2026-09-28T14:25:33.730974Z 1217 [Note] Access denied for user 'root'@'localhost' (using password: NO)
2026-09-28T14:25:44.712477Z 1218 [Note] Access denied for user 'root'@'localhost' (using password: NO)
2026-09-28T14:25:55.726133Z 1219 [Note] Access denied for user 'root'@'localhost' (using password: NO)
2026-09-28T14:26:06.720881Z 1220 [Note] Access denied for user 'root'@'localhost' (using password: NO)
2026-09-28T14:26:17.727828Z 1221 [Note] Access denied for user 'root'@'localhost' (using password: NO)
2026-09-28T14:26:28.726789Z 1222 [Note] Access denied for user 'root'@'localhost' (using password: NO)
2026-09-28T14:26:39.717487Z 1223 [Note] Access denied for user 'root'@'localhost' (using password: NO)
2026-09-28T14:26:50.722909Z 1224 [Note] Access denied for user 'root'@'localhost' (using password: NO)
2026-09-28T14:27:01.717754Z 1225 [Note] Access denied for user 'root'@'localhost' (using password: NO)
2026-09-28T14:27:12.728315Z 1226 [Note] Access denied for user 'root'@'localhost' (using password: NO)
2026-09-28T14:27:23.712921Z 1227 [Note] Access denied for user 'root'@'localhost' (using password: NO)
2026-09-28T14:27:34.731667Z 1228 [Note] Access denied for user 'root'@'localhost' (using password: NO)
2026-09-28T14:27:45.715617Z 1229 [Note] Access denied for user 'root'@'localhost' (using password: NO)
2026-09-28T14:27:56.730385Z 1230 [Note] Access denied for user 'root'@'localhost' (using password: NO)
2026-09-28T14:28:07.712900Z 1231 [Note] Access denied for user 'root'@'localhost' (using password: NO)
2026-09-28T14:28:18.731945Z 1232 [Note] Access denied for user 'root'@'localhost' (using password: NO)
2026-09-28T14:28:29.728233Z 1233 [Note] Access denied for user 'root'@'localhost' (using password: NO)
2026-09-28T14:28:40.725529Z 1234 [Note] Access denied for user 'root'@'localhost' (using password: NO)
2026-09-28T14:28:51.709956Z 1235 [Note] Access denied for user 'root'@'localhost' (using password: NO)
2026-09-28T14:29:02.722592Z 1236 [Note] Access denied for user 'root'@'localhost' (using password: NO)
2026-09-28T14:29:13.720722Z 1237 [Note] Access denied for user 'root'@'localhost' (using password: NO)
2026-09-28T14:29:24.732336Z 1238 [Note] Access denied for user 'root'@'localhost' (using password: NO)
2026-09-28T14:29:35.729764Z 1239 [Note] Access denied for user 'root'@'localhost' (using password: NO)
2026-09-28T14:29:46.720475Z 1240 [Note] Access denied for user 'root'@'localhost' (using password: NO)
2026-09-28T14:29:57.719548Z 1241 [Note] Access denied for user 'root'@'localhost' (using password: NO)
2026-09-28T14:30:08.722935Z 1242 [Note] Access denied for user 'root'@'localhost' (using password: NO)
2026-09-28T14:30:19.723309Z 1243 [Note] Access denied for user 'root'@'localhost' (using password: NO)
2026-09-28T14:30:30.733798Z 1244 [Note] Access denied for user 'root'@'localhost' (using password: NO)
2026-09-28T14:30:41.714241Z 1245 [Note] Access denied for user 'root'@'localhost' (using password: NO)
2026-09-28T14:30:52.728670Z 1246 [Note] Access denied for user 'root'@'localhost' (using password: NO)
2026-09-28T14:31:03.719534Z 1247 [Note] Access denied for user 'root'@'localhost' (using password: NO)
2026-09-28T14:31:14.720928Z 1248 [Note] Access denied for user 'root'@'localhost' (using password: NO)
2026-09-28T14:31:25.726282Z 1249 [Note] Access denied for user 'root'@'localhost' (using password: NO)
2026-09-28T14:31:36.731184Z 1250 [Note] Access denied for user 'root'@'localhost' (using password: NO)
2026-09-28T14:31:47.726623Z 1251 [Note] Access denied for user 'root'@'localhost' (using password: NO)
2026-09-28T14:31:58.722543Z 1252 [Note] Access denied for user 'root'@'localhost' (using password: NO)
2026-09-28T14:32:09.722070Z 1253 [Note] Access denied for user 'root'@'localhost' (using password: NO)
2026-09-28T14:32:20.709445Z 1254 [Note] Access denied for user 'root'@'localhost' (using password: NO)
2026-09-28T14:32:31.710665Z 1255 [Note] Access denied for user 'root'@'localhost' (using password: NO)
2026-09-28T14:32:42.731964Z 1256 [Note] Access denied for user 'root'@'localhost' (using password: NO)
2026-09-28T14:32:53.724421Z 1257 [Note] Access denied for user 'root'@'localhost' (using password: NO)
2026-09-28T14:33:04.726654Z 1258 [Note] Access denied for user 'root'@'localhost' (using password: NO)
2026-09-28T14:33:15.718574Z 1259 [Note] Access denied for user 'root'@'localhost' (using password: NO)
2026-09-28T14:33:26.719556Z 1260 [Note] Access denied for user 'root'@'localhost' (using password: NO)
2026-09-28T14:33:37.716604Z 1261 [Note] Access denied for user 'root'@'localhost' (using password: NO)
2026-09-28T14:33:48.733563Z 1262 [Note] Access denied for user 'root'@'localhost' (using password: NO)
2026-09-28T14:33:59.726753Z 1263 [Note] Access denied for user 'root'@'localhost' (using password: NO)
2026-09-28T14:34:10.720183Z 1264 [Note] Access denied for user 'root'@'localhost' (using password: NO)
2026-09-28T14:34:21.717550Z 1265 [Note] Access denied for user 'root'@'localhost' (using password: NO)
2026-09-28T14:34:32.721930Z 1266 [Note] Access denied for user 'root'@'localhost' (using password: NO)
2026-09-28T14:34:43.714180Z 1267 [Note] Access denied for user 'root'@'localhost' (using password: NO)
2026-09-28T14:34:54.781451Z 1268 [Note] Access denied for user 'root'@'localhost' (using password: NO)
2026-09-28T14:35:05.722001Z 1269 [Note] Access denied for user 'root'@'localhost' (using password: NO)
2026-09-28T14:35:16.719591Z 1270 [Note] Access denied for user 'root'@'localhost' (using password: NO)
2026-09-28T14:35:27.726412Z 1271 [Note] Access denied for user 'root'@'localhost' (using password: NO)
2026-09-28T14:35:38.716491Z 1272 [Note] Access denied for user 'root'@'localhost' (using password: NO)
2026-09-28T14:35:49.719769Z 1273 [Note] Access denied for user 'root'@'localhost' (using password: NO)
2026-09-28T14:36:00.722546Z 1274 [Note] Access denied for user 'root'@'localhost' (using password: NO)
2026-09-28T14:36:11.735509Z 1275 [Note] Access denied for user 'root'@'localhost' (using password: NO)
2026-09-28T14:36:22.721710Z 1276 [Note] Access denied for user 'root'@'localhost' (using password: NO)
2026-09-28T14:36:33.711988Z 1277 [Note] Access denied for user 'root'@'localhost' (using password: NO)
2026-09-28T14:36:44.720230Z 1278 [Note] Access denied for user 'root'@'localhost' (using password: NO)
2026-09-28T14:36:55.736566Z 1279 [Note] Access denied for user 'root'@'localhost' (using password: NO)
2026-09-28T14:37:06.720578Z 1280 [Note] Access denied for user 'root'@'localhost' (using password: NO)
2026-09-28T14:37:17.733975Z 1281 [Note] Access denied for user 'root'@'localhost' (using password: NO)
2026-09-28T14:37:28.713219Z 1282 [Note] Access denied for user 'root'@'localhost' (using password: NO)
2026-09-28T14:37:39.721251Z 1283 [Note] Access denied for user 'root'@'localhost' (using password: NO)
2026-09-28T14:37:50.715393Z 1284 [Note] Access denied for user 'root'@'localhost' (using password: NO)
2026-09-28T14:38:01.715763Z 1285 [Note] Access denied for user 'root'@'localhost' (using password: NO)
2026-09-28T14:38:12.712316Z 1286 [Note] Access denied for user 'root'@'localhost' (using password: NO)
2026-09-28T14:38:23.720780Z 1287 [Note] Access denied for user 'root'@'localhost' (using password: NO)
2026-09-28T14:38:34.715122Z 1288 [Note] Access denied for user 'root'@'localhost' (using password: NO)
2026-09-28T14:38:45.720951Z 1289 [Note] Access denied for user 'root'@'localhost' (using password: NO)
2026-09-28T14:38:56.718248Z 1290 [Note] Access denied for user 'root'@'localhost' (using password: NO)
2026-09-28T14:39:07.720512Z 1291 [Note] Access denied for user 'root'@'localhost' (using password: NO)
2026-09-28T14:39:18.720103Z 1292 [Note] Access denied for user 'root'@'localhost' (using password: NO)
2026-09-28T14:39:29.714308Z 1293 [Note] Access denied for user 'root'@'localhost' (using password: NO)
2026-09-28T14:39:40.769210Z 1294 [Note] Access denied for user 'root'@'localhost' (using password: NO)
2026-09-28T14:39:51.732265Z 1295 [Note] Access denied for user 'root'@'localhost' (using password: NO)
2026-09-28T14:40:02.722219Z 1296 [Note] Access denied for user 'root'@'localhost' (using password: NO)
2026-09-28T14:40:13.719884Z 1297 [Note] Access denied for user 'root'@'localhost' (using password: NO)
2026-09-28T14:40:24.722486Z 1298 [Note] Access denied for user 'root'@'localhost' (using password: NO)
2026-09-28T14:40:35.723227Z 1299 [Note] Access denied for user 'root'@'localhost' (using password: NO)
2026-09-28T14:40:46.720087Z 1300 [Note] Access denied for user 'root'@'localhost' (using password: NO)
2026-09-28T14:40:57.719595Z 1301 [Note] Access denied for user 'root'@'localhost' (using password: NO)
2026-09-28T14:41:08.708831Z 1302 [Note] Access denied for user 'root'@'localhost' (using password: NO)
2026-09-28T14:41:19.719385Z 1303 [Note] Access denied for user 'root'@'localhost' (using password: NO)
2026-09-28T14:41:30.730258Z 1304 [Note] Access denied for user 'root'@'localhost' (using password: NO)
2026-09-28T14:41:41.713803Z 1305 [Note] Access denied for user 'root'@'localhost' (using password: NO)
2026-09-28T14:41:52.719908Z 1306 [Note] Access denied for user 'root'@'localhost' (using password: NO)
2026-09-28T14:42:03.722497Z 1307 [Note] Access denied for user 'root'@'localhost' (using password: NO)
2026-09-28T14:42:14.721073Z 1308 [Note] Access denied for user 'root'@'localhost' (using password: NO)
2026-09-28T14:42:25.722461Z 1309 [Note] Access denied for user 'root'@'localhost' (using password: NO)
2026-09-28T14:42:36.720844Z 1310 [Note] Access denied for user 'root'@'localhost' (using password: NO)
2026-09-28T14:42:47.722314Z 1311 [Note] Access denied for user 'root'@'localhost' (using password: NO)
2026-09-28T14:42:58.711587Z 1312 [Note] Access denied for user 'root'@'localhost' (using password: NO)
2026-09-28T14:43:09.722694Z 1313 [Note] Access denied for user 'root'@'localhost' (using password: NO)
2026-09-28T14:43:20.712345Z 1314 [Note] Access denied for user 'root'@'localhost' (using password: NO)
2026-09-28T14:43:31.722876Z 1315 [Note] Access denied for user 'root'@'localhost' (using password: NO)
2026-09-28T14:43:42.720721Z 1316 [Note] Access denied for user 'root'@'localhost' (using password: NO)
2026-09-28T14:43:53.747616Z 1317 [Note] Access denied for user 'root'@'localhost' (using password: NO)
2026-09-28T14:44:04.717693Z 1318 [Note] Access denied for user 'root'@'localhost' (using password: NO)
2026-09-28T14:44:15.724213Z 1319 [Note] Access denied for user 'root'@'localhost' (using password: NO)
2026-09-28T14:44:26.716864Z 1320 [Note] Access denied for user 'root'@'localhost' (using password: NO)
2026-09-28T14:44:37.718088Z 1321 [Note] Access denied for user 'root'@'localhost' (using password: NO)
2026-09-28T14:44:48.729197Z 1322 [Note] Access denied for user 'root'@'localhost' (using password: NO)
2026-09-28T14:44:59.720969Z 1323 [Note] Access denied for user 'root'@'localhost' (using password: NO)
2026-09-28T14:45:10.717429Z 1324 [Note] Access denied for user 'root'@'localhost' (using password: NO)
2026-09-28T14:45:21.720897Z 1325 [Note] Access denied for user 'root'@'localhost' (using password: NO)
2026-09-28T14:45:32.721161Z 1326 [Note] Access denied for user 'root'@'localhost' (using password: NO)
2026-09-28T14:45:43.727592Z 1327 [Note] Access denied for user 'root'@'localhost' (using password: NO)
2026-09-28T14:45:54.727742Z 1328 [Note] Access denied for user 'root'@'localhost' (using password: NO)
2026-09-28T14:46:05.721344Z 1329 [Note] Access denied for user 'root'@'localhost' (using password: NO)
2026-09-28T14:46:16.712534Z 1330 [Note] Access denied for user 'root'@'localhost' (using password: NO)
2026-09-28T14:46:27.723855Z 1331 [Note] Access denied for user 'root'@'localhost' (using password: NO)
2026-09-28T14:46:38.715675Z 1332 [Note] Access denied for user 'root'@'localhost' (using password: NO)
2026-09-28T14:46:49.726786Z 1333 [Note] Access denied for user 'root'@'localhost' (using password: NO)
2026-09-28T14:47:00.730567Z 1334 [Note] Access denied for user 'root'@'localhost' (using password: NO)
2026-09-28T14:47:11.728972Z 1335 [Note] Access denied for user 'root'@'localhost' (using password: NO)
2026-09-28T14:47:22.719001Z 1336 [Note] Access denied for user 'root'@'localhost' (using password: NO)
2026-09-28T14:47:33.731203Z 1337 [Note] Access denied for user 'root'@'localhost' (using password: NO)
2026-09-28T14:47:44.715864Z 1338 [Note] Access denied for user 'root'@'localhost' (using password: NO)
2026-09-28T14:47:55.726631Z 1339 [Note] Access denied for user 'root'@'localhost' (using password: NO)
2026-09-28T14:48:06.733644Z 1340 [Note] Access denied for user 'root'@'localhost' (using password: NO)
2026-09-28T14:48:17.719241Z 1341 [Note] Access denied for user 'root'@'localhost' (using password: NO)
2026-09-28T14:48:28.727309Z 1342 [Note] Access denied for user 'root'@'localhost' (using password: NO)
2026-09-28T14:48:39.728952Z 1343 [Note] Access denied for user 'root'@'localhost' (using password: NO)
2026-09-28T14:48:50.723047Z 1344 [Note] Access denied for user 'root'@'localhost' (using password: NO)
2026-09-28T14:49:01.707760Z 1345 [Note] Access denied for user 'root'@'localhost' (using password: NO)
2026-09-28T14:49:12.728222Z 1346 [Note] Access denied for user 'root'@'localhost' (using password: NO)
2026-09-28T14:49:23.715949Z 1347 [Note] Access denied for user 'root'@'localhost' (using password: NO)
2026-09-28T14:49:34.731136Z 1348 [Note] Access denied for user 'root'@'localhost' (using password: NO)
2026-09-28T14:49:45.736014Z 1349 [Note] Access denied for user 'root'@'localhost' (using password: NO)
2026-09-28T14:49:56.730357Z 1350 [Note] Access denied for user 'root'@'localhost' (using password: NO)
2026-09-28T14:50:07.733604Z 1351 [Note] Access denied for user 'root'@'localhost' (using password: NO)
2026-09-28T14:50:18.720787Z 1352 [Note] Access denied for user 'root'@'localhost' (using password: NO)
2026-09-28T14:50:29.714966Z 1353 [Note] Access denied for user 'root'@'localhost' (using password: NO)
2026-09-28T14:50:40.732927Z 1354 [Note] Access denied for user 'root'@'localhost' (using password: NO)
2026-09-28T14:50:51.730636Z 1355 [Note] Access denied for user 'root'@'localhost' (using password: NO)
2026-09-28T14:51:02.726234Z 1356 [Note] Access denied for user 'root'@'localhost' (using password: NO)
2026-09-28T14:51:13.740671Z 1357 [Note] Access denied for user 'root'@'localhost' (using password: NO)
2026-09-28T14:51:24.727662Z 1358 [Note] Access denied for user 'root'@'localhost' (using password: NO)
2026-09-28T14:51:35.721377Z 1359 [Note] Access denied for user 'root'@'localhost' (using password: NO)
2026-09-28T14:51:46.730100Z 1360 [Note] Access denied for user 'root'@'localhost' (using password: NO)
2026-09-28T14:51:57.724558Z 1361 [Note] Access denied for user 'root'@'localhost' (using password: NO)
2026-09-28T14:52:08.744622Z 1362 [Note] Access denied for user 'root'@'localhost' (using password: NO)
2026-09-28T14:52:19.713835Z 1363 [Note] Access denied for user 'root'@'localhost' (using password: NO)
2026-09-28T14:52:30.717122Z 1364 [Note] Access denied for user 'root'@'localhost' (using password: NO)
2026-09-28T14:52:41.736737Z 1365 [Note] Access denied for user 'root'@'localhost' (using password: NO)
2026-09-28T14:52:52.720771Z 1366 [Note] Access denied for user 'root'@'localhost' (using password: NO)
2026-09-28T14:53:03.714063Z 1367 [Note] Access denied for user 'root'@'localhost' (using password: NO)
2026-09-28T14:53:14.713716Z 1368 [Note] Access denied for user 'root'@'localhost' (using password: NO)
2026-09-28T14:53:25.721731Z 1369 [Note] Access denied for user 'root'@'localhost' (using password: NO)
2026-09-28T14:53:36.726809Z 1370 [Note] Access denied for user 'root'@'localhost' (using password: NO)
2026-09-28T14:53:47.711839Z 1371 [Note] Access denied for user 'root'@'localhost' (using password: NO)
2026-09-28T14:53:58.725992Z 1372 [Note] Access denied for user 'root'@'localhost' (using password: NO)
2026-09-28T14:54:09.716910Z 1373 [Note] Access denied for user 'root'@'localhost' (using password: NO)
2026-09-28T14:54:20.721371Z 1374 [Note] Access denied for user 'root'@'localhost' (using password: NO)
2026-09-28T14:54:31.732139Z 1375 [Note] Access denied for user 'root'@'localhost' (using password: NO)
2026-09-28T14:54:42.743217Z 1376 [Note] Access denied for user 'root'@'localhost' (using password: NO)
2026-09-28T14:54:53.725576Z 1377 [Note] Access denied for user 'root'@'localhost' (using password: NO)
2026-09-28T14:55:04.731708Z 1378 [Note] Access denied for user 'root'@'localhost' (using password: NO)
2026-09-28T14:55:15.710701Z 1379 [Note] Access denied for user 'root'@'localhost' (using password: NO)
2026-09-28T14:55:26.734866Z 1380 [Note] Access denied for user 'root'@'localhost' (using password: NO)
2026-09-28T14:55:37.727546Z 1381 [Note] Access denied for user 'root'@'localhost' (using password: NO)
2026-09-28T14:55:48.709091Z 1382 [Note] Access denied for user 'root'@'localhost' (using password: NO)
2026-09-28T14:55:59.711717Z 1383 [Note] Access denied for user 'root'@'localhost' (using password: NO)
2026-09-28T14:56:10.716761Z 1384 [Note] Access denied for user 'root'@'localhost' (using password: NO)
2026-09-28T14:56:21.714731Z 1385 [Note] Access denied for user 'root'@'localhost' (using password: NO)
2026-09-28T14:56:32.733093Z 1386 [Note] Access denied for user 'root'@'localhost' (using password: NO)
2026-09-28T14:56:43.711631Z 1387 [Note] Access denied for user 'root'@'localhost' (using password: NO)
2026-09-28T14:56:54.729580Z 1388 [Note] Access denied for user 'root'@'localhost' (using password: NO)
2026-09-28T14:57:05.731813Z 1389 [Note] Access denied for user 'root'@'localhost' (using password: NO)
2026-09-28T14:57:16.722131Z 1390 [Note] Access denied for user 'root'@'localhost' (using password: NO)
2026-09-28T14:57:27.718295Z 1391 [Note] Access denied for user 'root'@'localhost' (using password: NO)
2026-09-28T14:57:38.729383Z 1392 [Note] Access denied for user 'root'@'localhost' (using password: NO)
2026-09-28T14:57:49.719502Z 1393 [Note] Access denied for user 'root'@'localhost' (using password: NO)
2026-09-28T14:58:00.734787Z 1394 [Note] Access denied for user 'root'@'localhost' (using password: NO)
2026-09-28T14:58:11.715709Z 1395 [Note] Access denied for user 'root'@'localhost' (using password: NO)
2026-09-28T14:58:22.717079Z 1396 [Note] Access denied for user 'root'@'localhost' (using password: NO)
2026-09-28T14:58:33.737003Z 1397 [Note] Access denied for user 'root'@'localhost' (using password: NO)
2026-09-28T14:58:44.727923Z 1398 [Note] Access denied for user 'root'@'localhost' (using password: NO)
2026-09-28T14:58:55.715161Z 1399 [Note] Access denied for user 'root'@'localhost' (using password: NO)
2026-09-28T14:59:06.730691Z 1400 [Note] Access denied for user 'root'@'localhost' (using password: NO)
2026-09-28T14:59:17.724149Z 1401 [Note] Access denied for user 'root'@'localhost' (using password: NO)
2026-09-28T14:59:28.709222Z 1402 [Note] Access denied for user 'root'@'localhost' (using password: NO)
2026-09-28T14:59:40.326964Z 1403 [Note] Access denied for user 'root'@'localhost' (using password: NO)
2026-09-28T14:59:51.192610Z 1404 [Note] Access denied for user 'root'@'localhost' (using password: NO)
2026-09-28T15:00:01.803522Z 1405 [Note] Access denied for user 'root'@'localhost' (using password: NO)
2026-09-28T15:00:12.876567Z 1406 [Note] Access denied for user 'root'@'localhost' (using password: NO)
2026-09-28T15:00:23.769656Z 1407 [Note] Access denied for user 'root'@'localhost' (using password: NO)
2026-09-28T15:00:34.753934Z 1408 [Note] Access denied for user 'root'@'localhost' (using password: NO)
2026-09-28T15:00:45.776997Z 1409 [Note] Access denied for user 'root'@'localhost' (using password: NO)
2026-09-28T15:00:56.205470Z 1410 [Note] Access denied for user 'root'@'localhost' (using password: NO)
2026-09-28T15:01:06.791363Z 1411 [Note] Access denied for user 'root'@'localhost' (using password: NO)
2026-09-28T15:01:17.751877Z 1412 [Note] Access denied for user 'root'@'localhost' (using password: NO)
2026-09-28T15:01:28.733596Z 1413 [Note] Access denied for user 'root'@'localhost' (using password: NO)
2026-09-28T15:01:39.742012Z 1414 [Note] Access denied for user 'root'@'localhost' (using password: NO)
2026-09-28T15:01:50.780660Z 1415 [Note] Access denied for user 'root'@'localhost' (using password: NO)
2026-09-28T15:02:01.751269Z 1416 [Note] Access denied for user 'root'@'localhost' (using password: NO)
2026-09-28T15:02:12.765213Z 1417 [Note] Access denied for user 'root'@'localhost' (using password: NO)
2026-09-28T15:02:23.710428Z 1418 [Note] Access denied for user 'root'@'localhost' (using password: NO)
2026-09-28T15:02:34.762308Z 1419 [Note] Access denied for user 'root'@'localhost' (using password: NO)
2026-09-28T15:02:45.708664Z 1420 [Note] Access denied for user 'root'@'localhost' (using password: NO)
2026-09-28T15:02:56.719576Z 1421 [Note] Access denied for user 'root'@'localhost' (using password: NO)
2026-09-28T15:03:07.733395Z 1422 [Note] Access denied for user 'root'@'localhost' (using password: NO)
2026-09-28T15:03:18.732406Z 1423 [Note] Access denied for user 'root'@'localhost' (using password: NO)
2026-09-28T15:03:29.724163Z 1424 [Note] Access denied for user 'root'@'localhost' (using password: NO)
2026-09-28T15:03:40.756987Z 1425 [Note] Access denied for user 'root'@'localhost' (using password: NO)
2026-09-28T15:03:51.720466Z 1426 [Note] Access denied for user 'root'@'localhost' (using password: NO)
2026-09-28T15:04:02.726043Z 1427 [Note] Access denied for user 'root'@'localhost' (using password: NO)
2026-09-28T15:04:13.714893Z 1428 [Note] Access denied for user 'root'@'localhost' (using password: NO)
2026-09-28T15:04:24.722549Z 1429 [Note] Access denied for user 'root'@'localhost' (using password: NO)
2026-09-28T15:04:35.734462Z 1430 [Note] Access denied for user 'root'@'localhost' (using password: NO)
2026-09-28T15:04:46.733707Z 1431 [Note] Access denied for user 'root'@'localhost' (using password: NO)
2026-09-28T15:04:57.729290Z 1432 [Note] Access denied for user 'root'@'localhost' (using password: NO)
2026-09-28T15:05:08.725714Z 1433 [Note] Access denied for user 'root'@'localhost' (using password: NO)
2026-09-28T15:05:19.744780Z 1434 [Note] Access denied for user 'root'@'localhost' (using password: NO)
2026-09-28T15:05:30.729841Z 1435 [Note] Access denied for user 'root'@'localhost' (using password: NO)
2026-09-28T15:05:41.718668Z 1436 [Note] Access denied for user 'root'@'localhost' (using password: NO)
2026-09-28T15:05:52.718962Z 1437 [Note] Access denied for user 'root'@'localhost' (using password: NO)
2026-09-28T15:06:03.727576Z 1438 [Note] Access denied for user 'root'@'localhost' (using password: NO)
2026-09-28T15:06:14.755954Z 1439 [Note] Access denied for user 'root'@'localhost' (using password: NO)
2026-09-28T15:06:25.722518Z 1440 [Note] Access denied for user 'root'@'localhost' (using password: NO)
2026-09-28T15:06:36.718595Z 1441 [Note] Access denied for user 'root'@'localhost' (using password: NO)
2026-09-28T15:06:47.737719Z 1442 [Note] Access denied for user 'root'@'localhost' (using password: NO)
2026-09-28T15:06:58.727909Z 1443 [Note] Access denied for user 'root'@'localhost' (using password: NO)
2026-09-28T15:07:09.721096Z 1444 [Note] Access denied for user 'root'@'localhost' (using password: NO)
2026-09-28T15:07:20.712084Z 1445 [Note] Access denied for user 'root'@'localhost' (using password: NO)
2026-09-28T15:07:31.726080Z 1446 [Note] Access denied for user 'root'@'localhost' (using password: NO)
2026-09-28T15:07:42.722499Z 1447 [Note] Access denied for user 'root'@'localhost' (using password: NO)
2026-09-28T15:07:53.722835Z 1448 [Note] Access denied for user 'root'@'localhost' (using password: NO)
2026-09-28T15:08:04.716832Z 1449 [Note] Access denied for user 'root'@'localhost' (using password: NO)
2026-09-28T15:08:15.738425Z 1450 [Note] Access denied for user 'root'@'localhost' (using password: NO)
2026-09-28T15:08:26.724752Z 1451 [Note] Access denied for user 'root'@'localhost' (using password: NO)
2026-09-28T15:08:37.739518Z 1452 [Note] Access denied for user 'root'@'localhost' (using password: NO)
2026-09-28T15:08:48.723946Z 1453 [Note] Access denied for user 'root'@'localhost' (using password: NO)
2026-09-28T15:08:59.725441Z 1454 [Note] Access denied for user 'root'@'localhost' (using password: NO)
2026-09-28T15:09:10.717974Z 1455 [Note] Access denied for user 'root'@'localhost' (using password: NO)
2026-09-28T15:09:21.731320Z 1456 [Note] Access denied for user 'root'@'localhost' (using password: NO)
2026-09-28T15:09:32.744068Z 1457 [Note] Access denied for user 'root'@'localhost' (using password: NO)
2026-09-28T15:09:43.719785Z 1458 [Note] Access denied for user 'root'@'localhost' (using password: NO)
2026-09-28T15:09:54.737178Z 1459 [Note] Access denied for user 'root'@'localhost' (using password: NO)
2026-09-28T15:10:05.723829Z 1460 [Note] Access denied for user 'root'@'localhost' (using password: NO)
2026-09-28T15:10:16.732375Z 1461 [Note] Access denied for user 'root'@'localhost' (using password: NO)
2026-09-28T15:10:27.736021Z 1462 [Note] Access denied for user 'root'@'localhost' (using password: NO)
2026-09-28T15:10:38.724453Z 1463 [Note] Access denied for user 'root'@'localhost' (using password: NO)
2026-09-28T15:10:49.717444Z 1464 [Note] Access denied for user 'root'@'localhost' (using password: NO)
2026-09-28T15:11:00.721715Z 1465 [Note] Access denied for user 'root'@'localhost' (using password: NO)
2026-09-28T15:11:11.719943Z 1466 [Note] Access denied for user 'root'@'localhost' (using password: NO)
2026-09-28T15:11:22.744031Z 1467 [Note] Access denied for user 'root'@'localhost' (using password: NO)
2026-09-28T15:11:33.718412Z 1468 [Note] Access denied for user 'root'@'localhost' (using password: NO)
2026-09-28T15:11:44.719599Z 1469 [Note] Access denied for user 'root'@'localhost' (using password: NO)
2026-09-28T15:11:55.728689Z 1470 [Note] Access denied for user 'root'@'localhost' (using password: NO)
2026-09-28T15:12:06.731832Z 1471 [Note] Access denied for user 'root'@'localhost' (using password: NO)
2026-09-28T15:12:17.718245Z 1472 [Note] Access denied for user 'root'@'localhost' (using password: NO)
2026-09-28T15:12:28.710136Z 1473 [Note] Access denied for user 'root'@'localhost' (using password: NO)
2026-09-28T15:12:39.720819Z 1474 [Note] Access denied for user 'root'@'localhost' (using password: NO)
2026-09-28T15:12:50.722719Z 1475 [Note] Access denied for user 'root'@'localhost' (using password: NO)
2026-09-28T15:13:01.753559Z 1476 [Note] Access denied for user 'root'@'localhost' (using password: NO)
2026-09-28T15:13:12.730883Z 1477 [Note] Access denied for user 'root'@'localhost' (using password: NO)
2026-09-28T15:13:23.726143Z 1478 [Note] Access denied for user 'root'@'localhost' (using password: NO)
2026-09-28T15:13:34.725414Z 1479 [Note] Access denied for user 'root'@'localhost' (using password: NO)
2026-09-28T15:13:45.808300Z 1480 [Note] Access denied for user 'root'@'localhost' (using password: NO)
2026-09-28T15:13:56.755767Z 1481 [Note] Access denied for user 'root'@'localhost' (using password: NO)
2026-09-28T15:14:07.723644Z 1482 [Note] Access denied for user 'root'@'localhost' (using password: NO)
2026-09-28T15:14:18.719507Z 1483 [Note] Access denied for user 'root'@'localhost' (using password: NO)
2026-09-28T15:14:29.730945Z 1484 [Note] Access denied for user 'root'@'localhost' (using password: NO)
2026-09-28T15:14:40.774908Z 1485 [Note] Access denied for user 'root'@'localhost' (using password: NO)
2026-09-28T15:14:51.720060Z 1486 [Note] Access denied for user 'root'@'localhost' (using password: NO)
2026-09-28T15:15:02.715100Z 1487 [Note] Access denied for user 'root'@'localhost' (using password: NO)
2026-09-28T15:15:13.727333Z 1488 [Note] Access denied for user 'root'@'localhost' (using password: NO)
2026-09-28T15:15:24.725069Z 1489 [Note] Access denied for user 'root'@'localhost' (using password: NO)
2026-09-28T15:15:35.740134Z 1490 [Note] Access denied for user 'root'@'localhost' (using password: NO)
2026-09-28T15:15:46.735601Z 1491 [Note] Access denied for user 'root'@'localhost' (using password: NO)
2026-09-28T15:15:57.716462Z 1492 [Note] Access denied for user 'root'@'localhost' (using password: NO)
2026-09-28T15:16:08.723174Z 1493 [Note] Access denied for user 'root'@'localhost' (using password: NO)
2026-09-28T15:16:19.717620Z 1494 [Note] Access denied for user 'root'@'localhost' (using password: NO)
2026-09-28T15:16:30.719995Z 1495 [Note] Access denied for user 'root'@'localhost' (using password: NO)
2026-09-28T15:16:41.718712Z 1496 [Note] Access denied for user 'root'@'localhost' (using password: NO)
2026-09-28T15:16:52.715671Z 1497 [Note] Access denied for user 'root'@'localhost' (using password: NO)
2026-09-28T15:17:03.718790Z 1498 [Note] Access denied for user 'root'@'localhost' (using password: NO)
2026-09-28T15:17:14.713660Z 1499 [Note] Access denied for user 'root'@'localhost' (using password: NO)
2026-09-28T15:17:25.730386Z 1500 [Note] Access denied for user 'root'@'localhost' (using password: NO)
2026-09-28T15:17:36.724076Z 1501 [Note] Access denied for user 'root'@'localhost' (using password: NO)
2026-09-28T15:17:47.717779Z 1502 [Note] Access denied for user 'root'@'localhost' (using password: NO)
2026-09-28T15:17:58.717530Z 1503 [Note] Access denied for user 'root'@'localhost' (using password: NO)
2026-09-28T15:18:09.723829Z 1504 [Note] Access denied for user 'root'@'localhost' (using password: NO)
2026-09-28T15:18:20.722698Z 1505 [Note] Access denied for user 'root'@'localhost' (using password: NO)
2026-09-28T15:18:31.729229Z 1506 [Note] Access denied for user 'root'@'localhost' (using password: NO)
2026-09-28T15:18:42.739059Z 1507 [Note] Access denied for user 'root'@'localhost' (using password: NO)
2026-09-28T15:18:53.731995Z 1508 [Note] Access denied for user 'root'@'localhost' (using password: NO)
2026-09-28T15:19:04.716049Z 1509 [Note] Access denied for user 'root'@'localhost' (using password: NO)
2026-09-28T15:19:15.716853Z 1510 [Note] Access denied for user 'root'@'localhost' (using password: NO)
2026-09-28T15:19:26.713781Z 1511 [Note] Access denied for user 'root'@'localhost' (using password: NO)
2026-09-28T15:19:37.716999Z 1512 [Note] Access denied for user 'root'@'localhost' (using password: NO)
2026-09-28T15:19:48.732121Z 1513 [Note] Access denied for user 'root'@'localhost' (using password: NO)
2026-09-28T15:19:59.709222Z 1514 [Note] Access denied for user 'root'@'localhost' (using password: NO)
2026-09-28T15:20:10.728098Z 1515 [Note] Access denied for user 'root'@'localhost' (using password: NO)
2026-09-28T15:20:21.730200Z 1516 [Note] Access denied for user 'root'@'localhost' (using password: NO)
2026-09-28T15:20:32.719203Z 1517 [Note] Access denied for user 'root'@'localhost' (using password: NO)
2026-09-28T15:20:43.727338Z 1518 [Note] Access denied for user 'root'@'localhost' (using password: NO)
2026-09-28T15:20:54.722067Z 1519 [Note] Access denied for user 'root'@'localhost' (using password: NO)
2026-09-28T15:21:05.734353Z 1520 [Note] Access denied for user 'root'@'localhost' (using password: NO)
2026-09-28T15:21:16.722010Z 1521 [Note] Access denied for user 'root'@'localhost' (using password: NO)
2026-09-28T15:21:27.722015Z 1522 [Note] Access denied for user 'root'@'localhost' (using password: NO)
2026-09-28T15:21:38.730775Z 1523 [Note] Access denied for user 'root'@'localhost' (using password: NO)
2026-09-28T15:21:49.717253Z 1524 [Note] Access denied for user 'root'@'localhost' (using password: NO)
2026-09-28T15:22:00.717052Z 1525 [Note] Access denied for user 'root'@'localhost' (using password: NO)
2026-09-28T15:22:11.720839Z 1526 [Note] Access denied for user 'root'@'localhost' (using password: NO)
2026-09-28T15:22:22.727180Z 1527 [Note] Access denied for user 'root'@'localhost' (using password: NO)
2026-09-28T15:22:33.734674Z 1528 [Note] Access denied for user 'root'@'localhost' (using password: NO)
2026-09-28T15:22:44.723353Z 1529 [Note] Access denied for user 'root'@'localhost' (using password: NO)
2026-09-28T15:22:55.741411Z 1530 [Note] Access denied for user 'root'@'localhost' (using password: NO)
2026-09-28T15:23:06.729430Z 1531 [Note] Access denied for user 'root'@'localhost' (using password: NO)
2026-09-28T15:23:17.729622Z 1532 [Note] Access denied for user 'root'@'localhost' (using password: NO)
2026-09-28T15:23:28.723319Z 1533 [Note] Access denied for user 'root'@'localhost' (using password: NO)
2026-09-28T15:23:39.724267Z 1534 [Note] Access denied for user 'root'@'localhost' (using password: NO)
2026-09-28T15:23:50.718470Z 1535 [Note] Access denied for user 'root'@'localhost' (using password: NO)
2026-09-28T15:24:01.734502Z 1536 [Note] Access denied for user 'root'@'localhost' (using password: NO)
2026-09-28T15:24:12.715084Z 1537 [Note] Access denied for user 'root'@'localhost' (using password: NO)
2026-09-28T15:24:23.736657Z 1538 [Note] Access denied for user 'root'@'localhost' (using password: NO)
2026-09-28T15:24:34.715978Z 1539 [Note] Access denied for user 'root'@'localhost' (using password: NO)
2026-09-28T15:24:45.773208Z 1540 [Note] Access denied for user 'root'@'localhost' (using password: NO)
2026-09-28T15:24:56.361544Z 1541 [Note] Access denied for user 'root'@'localhost' (using password: NO)
2026-09-28T15:25:06.714626Z 1542 [Note] Access denied for user 'root'@'localhost' (using password: NO)
2026-09-28T15:25:17.720727Z 1543 [Note] Access denied for user 'root'@'localhost' (using password: NO)
2026-09-28T15:25:28.732748Z 1544 [Note] Access denied for user 'root'@'localhost' (using password: NO)
2026-09-28T15:25:39.742082Z 1545 [Note] Access denied for user 'root'@'localhost' (using password: NO)
2026-09-28T15:25:50.715815Z 1546 [Note] Access denied for user 'root'@'localhost' (using password: NO)
2026-09-28T15:26:01.715866Z 1547 [Note] Access denied for user 'root'@'localhost' (using password: NO)
2026-09-28T15:26:12.740413Z 1548 [Note] Access denied for user 'root'@'localhost' (using password: NO)
2026-09-28T15:26:23.719737Z 1549 [Note] Access denied for user 'root'@'localhost' (using password: NO)
2026-09-28T15:26:34.724112Z 1550 [Note] Access denied for user 'root'@'localhost' (using password: NO)
2026-09-28T15:26:45.713770Z 1551 [Note] Access denied for user 'root'@'localhost' (using password: NO)
2026-09-28T15:26:56.710622Z 1552 [Note] Access denied for user 'root'@'localhost' (using password: NO)
2026-09-28T15:27:07.721215Z 1553 [Note] Access denied for user 'root'@'localhost' (using password: NO)
2026-09-28T15:27:18.725145Z 1554 [Note] Access denied for user 'root'@'localhost' (using password: NO)
2026-09-28T15:27:29.711769Z 1555 [Note] Access denied for user 'root'@'localhost' (using password: NO)
2026-09-28T15:27:40.742167Z 1556 [Note] Access denied for user 'root'@'localhost' (using password: NO)
2026-09-28T15:27:51.720676Z 1557 [Note] Access denied for user 'root'@'localhost' (using password: NO)
2026-09-28T15:28:02.725308Z 1558 [Note] Access denied for user 'root'@'localhost' (using password: NO)
2026-09-28T15:28:13.721041Z 1559 [Note] Access denied for user 'root'@'localhost' (using password: NO)
2026-09-28T15:28:24.709923Z 1560 [Note] Access denied for user 'root'@'localhost' (using password: NO)
2026-09-28T15:28:35.718939Z 1561 [Note] Access denied for user 'root'@'localhost' (using password: NO)
2026-09-28T15:28:46.718451Z 1562 [Note] Access denied for user 'root'@'localhost' (using password: NO)
2026-09-28T15:28:57.719065Z 1563 [Note] Access denied for user 'root'@'localhost' (using password: NO)
2026-09-28T15:29:08.727838Z 1564 [Note] Access denied for user 'root'@'localhost' (using password: NO)
2026-09-28T15:29:19.721370Z 1565 [Note] Access denied for user 'root'@'localhost' (using password: NO)
2026-09-28T15:29:30.723497Z 1566 [Note] Access denied for user 'root'@'localhost' (using password: NO)
2026-09-28T15:29:41.740498Z 1567 [Note] Access denied for user 'root'@'localhost' (using password: NO)
2026-09-28T15:29:53.460723Z 1568 [Note] Access denied for user 'root'@'localhost' (using password: NO)
2026-09-28T15:30:03.881042Z 1569 [Note] Access denied for user 'root'@'localhost' (using password: NO)
2026-09-28T15:30:14.805720Z 1570 [Note] Access denied for user 'root'@'localhost' (using password: NO)
2026-09-28T15:30:25.771825Z 1571 [Note] Access denied for user 'root'@'localhost' (using password: NO)
2026-09-28T15:30:36.799375Z 1572 [Note] Access denied for user 'root'@'localhost' (using password: NO)
2026-09-28T15:30:47.784380Z 1573 [Note] Access denied for user 'root'@'localhost' (using password: NO)
2026-09-28T15:30:58.730706Z 1574 [Note] Access denied for user 'root'@'localhost' (using password: NO)
2026-09-28T15:31:09.755308Z 1575 [Note] Access denied for user 'root'@'localhost' (using password: NO)
2026-09-28T15:31:20.729325Z 1576 [Note] Access denied for user 'root'@'localhost' (using password: NO)
2026-09-28T15:31:31.719685Z 1577 [Note] Access denied for user 'root'@'localhost' (using password: NO)
2026-09-28T15:31:42.752471Z 1578 [Note] Access denied for user 'root'@'localhost' (using password: NO)
2026-09-28T15:31:53.725083Z 1579 [Note] Access denied for user 'root'@'localhost' (using password: NO)
2026-09-28T15:32:04.718052Z 1580 [Note] Access denied for user 'root'@'localhost' (using password: NO)
2026-09-28T15:32:15.741121Z 1581 [Note] Access denied for user 'root'@'localhost' (using password: NO)
2026-09-28T15:32:26.724870Z 1582 [Note] Access denied for user 'root'@'localhost' (using password: NO)
2026-09-28T15:32:37.735843Z 1583 [Note] Access denied for user 'root'@'localhost' (using password: NO)
2026-09-28T15:32:48.724373Z 1584 [Note] Access denied for user 'root'@'localhost' (using password: NO)
2026-09-28T15:32:59.721533Z 1585 [Note] Access denied for user 'root'@'localhost' (using password: NO)
2026-09-28T15:33:10.728242Z 1586 [Note] Access denied for user 'root'@'localhost' (using password: NO)
2026-09-28T15:33:21.725124Z 1587 [Note] Access denied for user 'root'@'localhost' (using password: NO)
2026-09-28T15:33:32.718462Z 1588 [Note] Access denied for user 'root'@'localhost' (using password: NO)
2026-09-28T15:33:43.724674Z 1589 [Note] Access denied for user 'root'@'localhost' (using password: NO)
2026-09-28T15:33:54.739999Z 1590 [Note] Access denied for user 'root'@'localhost' (using password: NO)
2026-09-28T15:34:05.728666Z 1591 [Note] Access denied for user 'root'@'localhost' (using password: NO)
2026-09-28T15:34:16.721728Z 1592 [Note] Access denied for user 'root'@'localhost' (using password: NO)
2026-09-28T15:34:27.734799Z 1593 [Note] Access denied for user 'root'@'localhost' (using password: NO)
2026-09-28T15:34:38.727579Z 1594 [Note] Access denied for user 'root'@'localhost' (using password: NO)
2026-09-28T15:34:49.839586Z 1595 [Note] Access denied for user 'root'@'localhost' (using password: NO)
2026-09-28T15:35:00.723367Z 1596 [Note] Access denied for user 'root'@'localhost' (using password: NO)
2026-09-28T15:35:11.723000Z 1597 [Note] Access denied for user 'root'@'localhost' (using password: NO)
2026-09-28T15:35:22.721150Z 1598 [Note] Access denied for user 'root'@'localhost' (using password: NO)
2026-09-28T15:35:33.735543Z 1599 [Note] Access denied for user 'root'@'localhost' (using password: NO)
2026-09-28T15:35:44.727370Z 1600 [Note] Access denied for user 'root'@'localhost' (using password: NO)
2026-09-28T15:35:55.739823Z 1601 [Note] Access denied for user 'root'@'localhost' (using password: NO)
2026-09-28T15:36:06.722157Z 1602 [Note] Access denied for user 'root'@'localhost' (using password: NO)
2026-09-28T15:36:17.713899Z 1603 [Note] Access denied for user 'root'@'localhost' (using password: NO)
2026-09-28T15:36:28.720989Z 1604 [Note] Access denied for user 'root'@'localhost' (using password: NO)
2026-09-28T15:36:39.732136Z 1605 [Note] Access denied for user 'root'@'localhost' (using password: NO)
2026-09-28T15:36:50.730617Z 1606 [Note] Access denied for user 'root'@'localhost' (using password: NO)
2026-09-28T15:37:01.723273Z 1607 [Note] Access denied for user 'root'@'localhost' (using password: NO)
2026-09-28T15:37:12.711779Z 1608 [Note] Access denied for user 'root'@'localhost' (using password: NO)
2026-09-28T15:37:23.757874Z 1609 [Note] Access denied for user 'root'@'localhost' (using password: NO)
2026-09-28T15:37:34.741032Z 1610 [Note] Access denied for user 'root'@'localhost' (using password: NO)
2026-09-28T15:37:45.724885Z 1611 [Note] Access denied for user 'root'@'localhost' (using password: NO)
2026-09-28T15:37:56.709942Z 1612 [Note] Access denied for user 'root'@'localhost' (using password: NO)
2026-09-28T15:38:07.721932Z 1613 [Note] Access denied for user 'root'@'localhost' (using password: NO)
2026-09-28T15:38:18.722981Z 1614 [Note] Access denied for user 'root'@'localhost' (using password: NO)
2026-09-28T15:38:29.738101Z 1615 [Note] Access denied for user 'root'@'localhost' (using password: NO)
2026-09-28T15:38:40.735880Z 1616 [Note] Access denied for user 'root'@'localhost' (using password: NO)
2026-09-28T15:38:51.724523Z 1617 [Note] Access denied for user 'root'@'localhost' (using password: NO)
2026-09-28T15:39:02.717618Z 1618 [Note] Access denied for user 'root'@'localhost' (using password: NO)
2026-09-28T15:39:13.726372Z 1619 [Note] Access denied for user 'root'@'localhost' (using password: NO)
2026-09-28T15:39:24.787366Z 1620 [Note] Access denied for user 'root'@'localhost' (using password: NO)
2026-09-28T15:39:35.722029Z 1621 [Note] Access denied for user 'root'@'localhost' (using password: NO)
2026-09-28T15:39:46.714924Z 1622 [Note] Access denied for user 'root'@'localhost' (using password: NO)
2026-09-28T15:39:57.718731Z 1623 [Note] Access denied for user 'root'@'localhost' (using password: NO)
2026-09-28T15:40:08.721670Z 1624 [Note] Access denied for user 'root'@'localhost' (using password: NO)
2026-09-28T15:40:19.724199Z 1625 [Note] Access denied for user 'root'@'localhost' (using password: NO)
2026-09-28T15:40:30.712626Z 1626 [Note] Access denied for user 'root'@'localhost' (using password: NO)
2026-09-28T15:40:41.743371Z 1627 [Note] Access denied for user 'root'@'localhost' (using password: NO)
2026-09-28T15:40:52.732758Z 1628 [Note] Access denied for user 'root'@'localhost' (using password: NO)
2026-09-28T15:41:03.728829Z 1629 [Note] Access denied for user 'root'@'localhost' (using password: NO)
2026-09-28T15:41:14.745498Z 1630 [Note] Access denied for user 'root'@'localhost' (using password: NO)
2026-09-28T15:41:25.767483Z 1631 [Note] Access denied for user 'root'@'localhost' (using password: NO)
2026-09-28T15:41:36.724541Z 1632 [Note] Access denied for user 'root'@'localhost' (using password: NO)
2026-09-28T15:41:47.717744Z 1633 [Note] Access denied for user 'root'@'localhost' (using password: NO)
2026-09-28T15:41:58.720023Z 1634 [Note] Access denied for user 'root'@'localhost' (using password: NO)
2026-09-28T15:42:09.737873Z 1635 [Note] Access denied for user 'root'@'localhost' (using password: NO)
2026-09-28T15:42:20.738895Z 1636 [Note] Access denied for user 'root'@'localhost' (using password: NO)
2026-09-28T15:42:31.727017Z 1637 [Note] Access denied for user 'root'@'localhost' (using password: NO)
2026-09-28T15:42:42.730080Z 1638 [Note] Access denied for user 'root'@'localhost' (using password: NO)
2026-09-28T15:42:53.729639Z 1639 [Note] Access denied for user 'root'@'localhost' (using password: NO)
2026-09-28T15:43:04.725254Z 1640 [Note] Access denied for user 'root'@'localhost' (using password: NO)
2026-09-28T15:43:15.777908Z 1641 [Note] Access denied for user 'root'@'localhost' (using password: NO)
2026-09-28T15:43:26.774038Z 1642 [Note] Access denied for user 'root'@'localhost' (using password: NO)
2026-09-28T15:43:37.726009Z 1643 [Note] Access denied for user 'root'@'localhost' (using password: NO)
2026-09-28T15:43:48.736386Z 1644 [Note] Access denied for user 'root'@'localhost' (using password: NO)
2026-09-28T15:43:59.731665Z 1645 [Note] Access denied for user 'root'@'localhost' (using password: NO)
2026-09-28T15:44:10.722332Z 1646 [Note] Access denied for user 'root'@'localhost' (using password: NO)
2026-09-28T15:44:21.714974Z 1647 [Note] Access denied for user 'root'@'localhost' (using password: NO)
2026-09-28T15:44:32.717959Z 1648 [Note] Access denied for user 'root'@'localhost' (using password: NO)
2026-09-28T15:44:43.740004Z 1649 [Note] Access denied for user 'root'@'localhost' (using password: NO)
2026-09-28T15:44:54.709033Z 1650 [Note] Access denied for user 'root'@'localhost' (using password: NO)
2026-09-28T15:45:05.757840Z 1651 [Note] Access denied for user 'root'@'localhost' (using password: NO)
2026-09-28T15:45:16.714373Z 1652 [Note] Access denied for user 'root'@'localhost' (using password: NO)
2026-09-28T15:45:27.738609Z 1653 [Note] Access denied for user 'root'@'localhost' (using password: NO)
2026-09-28T15:45:38.711526Z 1654 [Note] Access denied for user 'root'@'localhost' (using password: NO)
2026-09-28T15:45:49.726983Z 1655 [Note] Access denied for user 'root'@'localhost' (using password: NO)
2026-09-28T15:46:00.726543Z 1656 [Note] Access denied for user 'root'@'localhost' (using password: NO)
2026-09-28T15:46:11.719392Z 1657 [Note] Access denied for user 'root'@'localhost' (using password: NO)
2026-09-28T15:46:22.707230Z 1658 [Note] Access denied for user 'root'@'localhost' (using password: NO)
2026-09-28T15:46:33.724142Z 1659 [Note] Access denied for user 'root'@'localhost' (using password: NO)
2026-09-28T15:46:44.721739Z 1660 [Note] Access denied for user 'root'@'localhost' (using password: NO)
2026-09-28T15:46:55.748071Z 1661 [Note] Access denied for user 'root'@'localhost' (using password: NO)
2026-09-28T15:47:06.725214Z 1662 [Note] Access denied for user 'root'@'localhost' (using password: NO)
2026-09-28T15:47:17.724803Z 1663 [Note] Access denied for user 'root'@'localhost' (using password: NO)
2026-09-28T15:47:28.708231Z 1664 [Note] Access denied for user 'root'@'localhost' (using password: NO)
2026-09-28T15:47:39.720013Z 1665 [Note] Access denied for user 'root'@'localhost' (using password: NO)
2026-09-28T15:47:50.718051Z 1666 [Note] Access denied for user 'root'@'localhost' (using password: NO)
2026-09-28T15:48:01.731462Z 1667 [Note] Access denied for user 'root'@'localhost' (using password: NO)
2026-09-28T15:48:12.712328Z 1668 [Note] Access denied for user 'root'@'localhost' (using password: NO)
2026-09-28T15:48:23.725486Z 1669 [Note] Access denied for user 'root'@'localhost' (using password: NO)
2026-09-28T15:48:34.724056Z 1670 [Note] Access denied for user 'root'@'localhost' (using password: NO)
2026-09-28T15:48:45.742670Z 1671 [Note] Access denied for user 'root'@'localhost' (using password: NO)
2026-09-28T15:48:56.602693Z 1672 [Note] Access denied for user 'root'@'localhost' (using password: NO)
2026-09-28T15:49:06.739622Z 1673 [Note] Access denied for user 'root'@'localhost' (using password: NO)
2026-09-28T15:49:17.723898Z 1674 [Note] Access denied for user 'root'@'localhost' (using password: NO)
2026-09-28T15:49:28.719615Z 1675 [Note] Access denied for user 'root'@'localhost' (using password: NO)
2026-09-28T15:49:39.719360Z 1676 [Note] Access denied for user 'root'@'localhost' (using password: NO)
2026-09-28T15:49:50.731735Z 1677 [Note] Access denied for user 'root'@'localhost' (using password: NO)
2026-09-28T15:50:01.719157Z 1678 [Note] Access denied for user 'root'@'localhost' (using password: NO)
2026-09-28T15:50:12.713532Z 1679 [Note] Access denied for user 'root'@'localhost' (using password: NO)
2026-09-28T15:50:23.714973Z 1680 [Note] Access denied for user 'root'@'localhost' (using password: NO)
2026-09-28T15:50:34.720628Z 1681 [Note] Access denied for user 'root'@'localhost' (using password: NO)
2026-09-28T15:50:45.722369Z 1682 [Note] Access denied for user 'root'@'localhost' (using password: NO)
2026-09-28T15:50:56.722638Z 1683 [Note] Access denied for user 'root'@'localhost' (using password: NO)
2026-09-28T15:51:07.724867Z 1684 [Note] Access denied for user 'root'@'localhost' (using password: NO)
2026-09-28T15:51:18.720465Z 1685 [Note] Access denied for user 'root'@'localhost' (using password: NO)
2026-09-28T15:51:29.721835Z 1686 [Note] Access denied for user 'root'@'localhost' (using password: NO)
2026-09-28T15:51:40.740480Z 1687 [Note] Access denied for user 'root'@'localhost' (using password: NO)
2026-09-28T15:51:51.721194Z 1688 [Note] Access denied for user 'root'@'localhost' (using password: NO)
2026-09-28T15:52:02.719702Z 1689 [Note] Access denied for user 'root'@'localhost' (using password: NO)
2026-09-28T15:52:13.721825Z 1690 [Note] Access denied for user 'root'@'localhost' (using password: NO)
2026-09-28T15:52:24.722403Z 1691 [Note] Access denied for user 'root'@'localhost' (using password: NO)
2026-09-28T15:52:35.719760Z 1692 [Note] Access denied for user 'root'@'localhost' (using password: NO)
2026-09-28T15:52:46.731770Z 1693 [Note] Access denied for user 'root'@'localhost' (using password: NO)
2026-09-28T15:52:57.725056Z 1694 [Note] Access denied for user 'root'@'localhost' (using password: NO)
2026-09-28T15:53:08.711985Z 1695 [Note] Access denied for user 'root'@'localhost' (using password: NO)
2026-09-28T15:53:19.719191Z 1696 [Note] Access denied for user 'root'@'localhost' (using password: NO)
2026-09-28T15:53:30.722164Z 1697 [Note] Access denied for user 'root'@'localhost' (using password: NO)
2026-09-28T15:53:41.733382Z 1698 [Note] Access denied for user 'root'@'localhost' (using password: NO)
2026-09-28T15:53:52.717126Z 1699 [Note] Access denied for user 'root'@'localhost' (using password: NO)
2026-09-28T15:54:03.718514Z 1700 [Note] Access denied for user 'root'@'localhost' (using password: NO)
2026-09-28T15:54:14.725981Z 1701 [Note] Access denied for user 'root'@'localhost' (using password: NO)
2026-09-28T15:54:25.724089Z 1702 [Note] Access denied for user 'root'@'localhost' (using password: NO)
2026-09-28T15:54:36.717366Z 1703 [Note] Access denied for user 'root'@'localhost' (using password: NO)
2026-09-28T15:54:47.717725Z 1704 [Note] Access denied for user 'root'@'localhost' (using password: NO)
2026-09-28T15:54:58.718522Z 1705 [Note] Access denied for user 'root'@'localhost' (using password: NO)
2026-09-28T15:55:09.729439Z 1706 [Note] Access denied for user 'root'@'localhost' (using password: NO)
2026-09-28T15:55:20.732406Z 1707 [Note] Access denied for user 'root'@'localhost' (using password: NO)
2026-09-28T15:55:31.729859Z 1708 [Note] Access denied for user 'root'@'localhost' (using password: NO)
2026-09-28T15:55:42.715659Z 1709 [Note] Access denied for user 'root'@'localhost' (using password: NO)
2026-09-28T15:55:53.726752Z 1710 [Note] Access denied for user 'root'@'localhost' (using password: NO)
2026-09-28T15:56:04.720449Z 1711 [Note] Access denied for user 'root'@'localhost' (using password: NO)
2026-09-28T15:56:15.730432Z 1712 [Note] Access denied for user 'root'@'localhost' (using password: NO)
2026-09-28T15:56:26.720435Z 1713 [Note] Access denied for user 'root'@'localhost' (using password: NO)
2026-09-28T15:56:37.724143Z 1714 [Note] Access denied for user 'root'@'localhost' (using password: NO)
2026-09-28T15:56:48.718096Z 1715 [Note] Access denied for user 'root'@'localhost' (using password: NO)
2026-09-28T15:56:59.722340Z 1716 [Note] Access denied for user 'root'@'localhost' (using password: NO)
2026-09-28T15:57:10.720061Z 1717 [Note] Access denied for user 'root'@'localhost' (using password: NO)
2026-09-28T15:57:21.722618Z 1718 [Note] Access denied for user 'root'@'localhost' (using password: NO)
2026-09-28T15:57:32.715297Z 1719 [Note] Access denied for user 'root'@'localhost' (using password: NO)
2026-09-28T15:57:43.723798Z 1720 [Note] Access denied for user 'root'@'localhost' (using password: NO)
2026-09-28T15:57:54.710201Z 1721 [Note] Access denied for user 'root'@'localhost' (using password: NO)
2026-09-28T15:58:05.715051Z 1722 [Note] Access denied for user 'root'@'localhost' (using password: NO)
2026-09-28T15:58:16.725849Z 1723 [Note] Access denied for user 'root'@'localhost' (using password: NO)
2026-09-28T15:58:27.713108Z 1724 [Note] Access denied for user 'root'@'localhost' (using password: NO)
2026-09-28T15:58:38.725679Z 1725 [Note] Access denied for user 'root'@'localhost' (using password: NO)
2026-09-28T15:58:49.717614Z 1726 [Note] Access denied for user 'root'@'localhost' (using password: NO)
2026-09-28T15:59:00.738534Z 1727 [Note] Access denied for user 'root'@'localhost' (using password: NO)
2026-09-28T15:59:11.723797Z 1728 [Note] Access denied for user 'root'@'localhost' (using password: NO)
2026-09-28T15:59:22.714503Z 1729 [Note] Access denied for user 'root'@'localhost' (using password: NO)
2026-09-28T15:59:33.718897Z 1730 [Note] Access denied for user 'root'@'localhost' (using password: NO)
2026-09-28T15:59:44.737823Z 1731 [Note] Access denied for user 'root'@'localhost' (using password: NO)
2026-09-28T15:59:55.714230Z 1732 [Note] Access denied for user 'root'@'localhost' (using password: NO)
2026-09-28T16:00:06.753876Z 1733 [Note] Access denied for user 'root'@'localhost' (using password: NO)
2026-09-28T16:00:17.720858Z 1734 [Note] Access denied for user 'root'@'localhost' (using password: NO)
2026-09-28T16:00:28.712583Z 1735 [Note] Access denied for user 'root'@'localhost' (using password: NO)
2026-09-28T16:00:39.373387Z 1736 [Note] Access denied for user 'root'@'localhost' (using password: NO)
2026-09-28T16:00:49.716722Z 1737 [Note] Access denied for user 'root'@'localhost' (using password: NO)
2026-09-28T16:01:00.722261Z 1738 [Note] Access denied for user 'root'@'localhost' (using password: NO)
2026-09-28T16:01:11.740853Z 1739 [Note] Access denied for user 'root'@'localhost' (using password: NO)
2026-09-28T16:01:22.722734Z 1740 [Note] Access denied for user 'root'@'localhost' (using password: NO)
2026-09-28T16:01:33.709528Z 1741 [Note] Access denied for user 'root'@'localhost' (using password: NO)
2026-09-28T16:01:44.724849Z 1742 [Note] Access denied for user 'root'@'localhost' (using password: NO)
2026-09-28T16:01:55.725120Z 1743 [Note] Access denied for user 'root'@'localhost' (using password: NO)
2026-09-28T16:02:06.724102Z 1744 [Note] Access denied for user 'root'@'localhost' (using password: NO)
2026-09-28T16:02:17.721919Z 1745 [Note] Access denied for user 'root'@'localhost' (using password: NO)
2026-09-28T16:02:28.722405Z 1746 [Note] Access denied for user 'root'@'localhost' (using password: NO)
2026-09-28T16:02:39.713251Z 1747 [Note] Access denied for user 'root'@'localhost' (using password: NO)
2026-09-28T16:02:50.722078Z 1748 [Note] Access denied for user 'root'@'localhost' (using password: NO)
2026-09-28T16:03:01.728497Z 1749 [Note] Access denied for user 'root'@'localhost' (using password: NO)
2026-09-28T16:03:12.734873Z 1750 [Note] Access denied for user 'root'@'localhost' (using password: NO)
2026-09-28T16:03:23.717467Z 1751 [Note] Access denied for user 'root'@'localhost' (using password: NO)
2026-09-28T16:03:34.728631Z 1752 [Note] Access denied for user 'root'@'localhost' (using password: NO)
2026-09-28T16:03:45.720626Z 1753 [Note] Access denied for user 'root'@'localhost' (using password: NO)
2026-09-28T16:03:56.738602Z 1754 [Note] Access denied for user 'root'@'localhost' (using password: NO)
2026-09-28T16:04:07.717339Z 1755 [Note] Access denied for user 'root'@'localhost' (using password: NO)
2026-09-28T16:04:18.726557Z 1756 [Note] Access denied for user 'root'@'localhost' (using password: NO)
2026-09-28T16:04:29.739698Z 1757 [Note] Access denied for user 'root'@'localhost' (using password: NO)
2026-09-28T16:04:40.721425Z 1758 [Note] Access denied for user 'root'@'localhost' (using password: NO)
2026-09-28T16:04:51.749641Z 1759 [Note] Access denied for user 'root'@'localhost' (using password: NO)
2026-09-28T16:05:02.736536Z 1760 [Note] Access denied for user 'root'@'localhost' (using password: NO)
2026-09-28T16:05:13.717100Z 1761 [Note] Access denied for user 'root'@'localhost' (using password: NO)
2026-09-28T16:05:24.721924Z 1762 [Note] Access denied for user 'root'@'localhost' (using password: NO)
2026-09-28T16:05:35.719632Z 1763 [Note] Access denied for user 'root'@'localhost' (using password: NO)
2026-09-28T16:05:46.737924Z 1764 [Note] Access denied for user 'root'@'localhost' (using password: NO)
2026-09-28T16:05:57.721807Z 1765 [Note] Access denied for user 'root'@'localhost' (using password: NO)
2026-09-28T16:06:08.724881Z 1766 [Note] Access denied for user 'root'@'localhost' (using password: NO)
2026-09-28T16:06:19.716127Z 1767 [Note] Access denied for user 'root'@'localhost' (using password: NO)
2026-09-28T16:06:30.717189Z 1768 [Note] Access denied for user 'root'@'localhost' (using password: NO)
2026-09-28T16:06:41.718742Z 1769 [Note] Access denied for user 'root'@'localhost' (using password: NO)
2026-09-28T16:06:52.738861Z 1770 [Note] Access denied for user 'root'@'localhost' (using password: NO)
2026-09-28T16:07:03.709814Z 1771 [Note] Access denied for user 'root'@'localhost' (using password: NO)
2026-09-28T16:07:14.711406Z 1772 [Note] Access denied for user 'root'@'localhost' (using password: NO)
2026-09-28T16:07:25.714668Z 1773 [Note] Access denied for user 'root'@'localhost' (using password: NO)
2026-09-28T16:07:36.723194Z 1774 [Note] Access denied for user 'root'@'localhost' (using password: NO)
2026-09-28T16:07:47.763202Z 1775 [Note] Access denied for user 'root'@'localhost' (using password: NO)
2026-09-28T16:07:58.727242Z 1776 [Note] Access denied for user 'root'@'localhost' (using password: NO)
2026-09-28T16:08:09.717984Z 1777 [Note] Access denied for user 'root'@'localhost' (using password: NO)
2026-09-28T16:08:20.718926Z 1778 [Note] Access denied for user 'root'@'localhost' (using password: NO)
2026-09-28T16:08:31.740591Z 1779 [Note] Access denied for user 'root'@'localhost' (using password: NO)
2026-09-28T16:08:42.721498Z 1780 [Note] Access denied for user 'root'@'localhost' (using password: NO)
2026-09-28T16:08:53.714556Z 1781 [Note] Access denied for user 'root'@'localhost' (using password: NO)
2026-09-28T16:09:04.724887Z 1782 [Note] Access denied for user 'root'@'localhost' (using password: NO)
2026-09-28T16:09:15.720292Z 1783 [Note] Access denied for user 'root'@'localhost' (using password: NO)
2026-09-28T16:09:26.712890Z 1784 [Note] Access denied for user 'root'@'localhost' (using password: NO)
2026-09-28T16:09:37.714483Z 1785 [Note] Access denied for user 'root'@'localhost' (using password: NO)
2026-09-28T16:09:48.711753Z 1786 [Note] Access denied for user 'root'@'localhost' (using password: NO)
2026-09-28T16:09:59.717328Z 1787 [Note] Access denied for user 'root'@'localhost' (using password: NO)
2026-09-28T16:10:10.716064Z 1788 [Note] Access denied for user 'root'@'localhost' (using password: NO)
2026-09-28T16:10:21.716084Z 1789 [Note] Access denied for user 'root'@'localhost' (using password: NO)
2026-09-28T16:10:32.728448Z 1790 [Note] Access denied for user 'root'@'localhost' (using password: NO)
2026-09-28T16:10:43.717124Z 1791 [Note] Access denied for user 'root'@'localhost' (using password: NO)
2026-09-28T16:10:54.724715Z 1792 [Note] Access denied for user 'root'@'localhost' (using password: NO)
2026-09-28T16:11:05.712686Z 1793 [Note] Access denied for user 'root'@'localhost' (using password: NO)
2026-09-28T16:11:16.717320Z 1794 [Note] Access denied for user 'root'@'localhost' (using password: NO)
2026-09-28T16:11:27.727642Z 1795 [Note] Access denied for user 'root'@'localhost' (using password: NO)
2026-09-28T16:11:38.723369Z 1796 [Note] Access denied for user 'root'@'localhost' (using password: NO)
2026-09-28T16:11:49.725455Z 1797 [Note] Access denied for user 'root'@'localhost' (using password: NO)
2026-09-28T16:12:00.721031Z 1798 [Note] Access denied for user 'root'@'localhost' (using password: NO)
2026-09-28T16:12:11.709467Z 1799 [Note] Access denied for user 'root'@'localhost' (using password: NO)
2026-09-28T16:12:22.718779Z 1800 [Note] Access denied for user 'root'@'localhost' (using password: NO)
2026-09-28T16:12:33.724145Z 1801 [Note] Access denied for user 'root'@'localhost' (using password: NO)
2026-09-28T16:12:44.727005Z 1802 [Note] Access denied for user 'root'@'localhost' (using password: NO)
2026-09-28T16:12:55.728126Z 1803 [Note] Access denied for user 'root'@'localhost' (using password: NO)
2026-09-28T16:13:06.721285Z 1804 [Note] Access denied for user 'root'@'localhost' (using password: NO)
2026-09-28T16:13:17.717427Z 1805 [Note] Access denied for user 'root'@'localhost' (using password: NO)
2026-09-28T16:13:28.722781Z 1806 [Note] Access denied for user 'root'@'localhost' (using password: NO)
2026-09-28T16:13:39.759435Z 1807 [Note] Access denied for user 'root'@'localhost' (using password: NO)
2026-09-28T16:13:50.753080Z 1808 [Note] Access denied for user 'root'@'localhost' (using password: NO)
2026-09-28T16:14:01.734256Z 1809 [Note] Access denied for user 'root'@'localhost' (using password: NO)
2026-09-28T16:14:12.740755Z 1810 [Note] Access denied for user 'root'@'localhost' (using password: NO)
2026-09-28T16:14:23.719493Z 1811 [Note] Access denied for user 'root'@'localhost' (using password: NO)
2026-09-28T16:14:34.751300Z 1812 [Note] Access denied for user 'root'@'localhost' (using password: NO)
2026-09-28T16:14:45.721927Z 1813 [Note] Access denied for user 'root'@'localhost' (using password: NO)
2026-09-28T16:14:56.728840Z 1814 [Note] Access denied for user 'root'@'localhost' (using password: NO)
2026-09-28T16:15:07.716892Z 1815 [Note] Access denied for user 'root'@'localhost' (using password: NO)
2026-09-28T16:15:18.722744Z 1816 [Note] Access denied for user 'root'@'localhost' (using password: NO)
2026-09-28T16:15:29.328442Z 1817 [Note] Access denied for user 'root'@'localhost' (using password: NO)
2026-09-28T16:15:39.721283Z 1818 [Note] Access denied for user 'root'@'localhost' (using password: NO)
2026-09-28T16:15:50.736582Z 1819 [Note] Access denied for user 'root'@'localhost' (using password: NO)
2026-09-28T16:16:01.726101Z 1820 [Note] Access denied for user 'root'@'localhost' (using password: NO)
2026-09-28T16:16:12.709221Z 1821 [Note] Access denied for user 'root'@'localhost' (using password: NO)
2026-09-28T16:16:23.722169Z 1822 [Note] Access denied for user 'root'@'localhost' (using password: NO)
2026-09-28T16:16:34.731590Z 1823 [Note] Access denied for user 'root'@'localhost' (using password: NO)
2026-09-28T16:16:45.747601Z 1824 [Note] Access denied for user 'root'@'localhost' (using password: NO)
2026-09-28T16:16:56.719028Z 1825 [Note] Access denied for user 'root'@'localhost' (using password: NO)
2026-09-28T16:17:07.721222Z 1826 [Note] Access denied for user 'root'@'localhost' (using password: NO)
2026-09-28T16:17:18.721055Z 1827 [Note] Access denied for user 'root'@'localhost' (using password: NO)
2026-09-28T16:17:29.716756Z 1828 [Note] Access denied for user 'root'@'localhost' (using password: NO)
2026-09-28T16:17:40.717042Z 1829 [Note] Access denied for user 'root'@'localhost' (using password: NO)
2026-09-28T16:17:51.742070Z 1830 [Note] Access denied for user 'root'@'localhost' (using password: NO)
2026-09-28T16:18:02.722307Z 1831 [Note] Access denied for user 'root'@'localhost' (using password: NO)
2026-09-28T16:18:13.722113Z 1832 [Note] Access denied for user 'root'@'localhost' (using password: NO)
2026-09-28T16:18:24.714590Z 1833 [Note] Access denied for user 'root'@'localhost' (using password: NO)
2026-09-28T16:18:35.736241Z 1834 [Note] Access denied for user 'root'@'localhost' (using password: NO)
2026-09-28T16:18:46.732011Z 1835 [Note] Access denied for user 'root'@'localhost' (using password: NO)
2026-09-28T16:18:56.910981Z 1836 [Note] Access denied for user 'root'@'localhost' (using password: NO)
2026-09-28T16:19:07.728642Z 1837 [Note] Access denied for user 'root'@'localhost' (using password: NO)
2026-09-28T16:19:18.724163Z 1838 [Note] Access denied for user 'root'@'localhost' (using password: NO)
2026-09-28T16:19:29.726847Z 1839 [Note] Access denied for user 'root'@'localhost' (using password: NO)
2026-09-28T16:19:40.721307Z 1840 [Note] Access denied for user 'root'@'localhost' (using password: NO)
2026-09-28T16:19:51.725230Z 1841 [Note] Access denied for user 'root'@'localhost' (using password: NO)
2026-09-28T16:20:02.715041Z 1842 [Note] Access denied for user 'root'@'localhost' (using password: NO)
2026-09-28T16:20:13.735424Z 1843 [Note] Access denied for user 'root'@'localhost' (using password: NO)
2026-09-28T16:20:24.721708Z 1844 [Note] Access denied for user 'root'@'localhost' (using password: NO)
2026-09-28T16:20:35.718398Z 1845 [Note] Access denied for user 'root'@'localhost' (using password: NO)
2026-09-28T16:20:46.726719Z 1846 [Note] Access denied for user 'root'@'localhost' (using password: NO)
2026-09-28T16:20:57.723936Z 1847 [Note] Access denied for user 'root'@'localhost' (using password: NO)
2026-09-28T16:21:08.711732Z 1848 [Note] Access denied for user 'root'@'localhost' (using password: NO)
2026-09-28T16:21:19.712447Z 1849 [Note] Access denied for user 'root'@'localhost' (using password: NO)
2026-09-28T16:21:30.717444Z 1850 [Note] Access denied for user 'root'@'localhost' (using password: NO)
2026-09-28T16:21:41.737657Z 1851 [Note] Access denied for user 'root'@'localhost' (using password: NO)
2026-09-28T16:21:52.725016Z 1852 [Note] Access denied for user 'root'@'localhost' (using password: NO)
2026-09-28T16:22:03.715901Z 1853 [Note] Access denied for user 'root'@'localhost' (using password: NO)
2026-09-28T16:22:14.711767Z 1854 [Note] Access denied for user 'root'@'localhost' (using password: NO)
2026-09-28T16:22:25.732713Z 1855 [Note] Access denied for user 'root'@'localhost' (using password: NO)
2026-09-28T16:22:36.719386Z 1856 [Note] Access denied for user 'root'@'localhost' (using password: NO)
2026-09-28T16:22:47.727989Z 1857 [Note] Access denied for user 'root'@'localhost' (using password: NO)
2026-09-28T16:22:58.727054Z 1858 [Note] Access denied for user 'root'@'localhost' (using password: NO)
2026-09-28T16:23:09.714861Z 1859 [Note] Access denied for user 'root'@'localhost' (using password: NO)
2026-09-28T16:23:20.715567Z 1860 [Note] Access denied for user 'root'@'localhost' (using password: NO)
2026-09-28T16:23:31.719558Z 1861 [Note] Access denied for user 'root'@'localhost' (using password: NO)
2026-09-28T16:23:42.728337Z 1862 [Note] Access denied for user 'root'@'localhost' (using password: NO)
2026-09-28T16:23:53.722360Z 1863 [Note] Access denied for user 'root'@'localhost' (using password: NO)
2026-09-28T16:24:04.710626Z 1864 [Note] Access denied for user 'root'@'localhost' (using password: NO)
2026-09-28T16:24:15.731234Z 1865 [Note] Access denied for user 'root'@'localhost' (using password: NO)
2026-09-28T16:24:26.728930Z 1866 [Note] Access denied for user 'root'@'localhost' (using password: NO)
2026-09-28T16:24:37.729698Z 1867 [Note] Access denied for user 'root'@'localhost' (using password: NO)
2026-09-28T16:24:48.718243Z 1868 [Note] Access denied for user 'root'@'localhost' (using password: NO)
2026-09-28T16:24:59.724069Z 1869 [Note] Access denied for user 'root'@'localhost' (using password: NO)
2026-09-28T16:25:10.714931Z 1870 [Note] Access denied for user 'root'@'localhost' (using password: NO)
2026-09-28T16:25:21.710849Z 1871 [Note] Access denied for user 'root'@'localhost' (using password: NO)
2026-09-28T16:25:32.735130Z 1872 [Note] Access denied for user 'root'@'localhost' (using password: NO)
2026-09-28T16:25:43.729038Z 1873 [Note] Access denied for user 'root'@'localhost' (using password: NO)
2026-09-28T16:25:54.722082Z 1874 [Note] Access denied for user 'root'@'localhost' (using password: NO)
2026-09-28T16:26:05.719428Z 1875 [Note] Access denied for user 'root'@'localhost' (using password: NO)
2026-09-28T16:26:16.714203Z 1876 [Note] Access denied for user 'root'@'localhost' (using password: NO)
2026-09-28T16:26:27.711473Z 1877 [Note] Access denied for user 'root'@'localhost' (using password: NO)
2026-09-28T16:26:38.737459Z 1878 [Note] Access denied for user 'root'@'localhost' (using password: NO)
2026-09-28T16:26:49.721685Z 1879 [Note] Access denied for user 'root'@'localhost' (using password: NO)
2026-09-28T16:27:00.718609Z 1880 [Note] Access denied for user 'root'@'localhost' (using password: NO)
2026-09-28T16:27:11.713388Z 1881 [Note] Access denied for user 'root'@'localhost' (using password: NO)
2026-09-28T16:27:22.732379Z 1882 [Note] Access denied for user 'root'@'localhost' (using password: NO)
2026-09-28T16:27:33.721851Z 1883 [Note] Access denied for user 'root'@'localhost' (using password: NO)
2026-09-28T16:27:44.721077Z 1884 [Note] Access denied for user 'root'@'localhost' (using password: NO)
2026-09-28T16:27:55.728442Z 1885 [Note] Access denied for user 'root'@'localhost' (using password: NO)
2026-09-28T16:28:06.752111Z 1886 [Note] Access denied for user 'root'@'localhost' (using password: NO)
2026-09-28T16:28:17.731296Z 1887 [Note] Access denied for user 'root'@'localhost' (using password: NO)
2026-09-28T16:28:28.744115Z 1888 [Note] Access denied for user 'root'@'localhost' (using password: NO)
2026-09-28T16:28:39.718146Z 1889 [Note] Access denied for user 'root'@'localhost' (using password: NO)
2026-09-28T16:28:50.723406Z 1890 [Note] Access denied for user 'root'@'localhost' (using password: NO)
2026-09-28T16:29:01.715192Z 1891 [Note] Access denied for user 'root'@'localhost' (using password: NO)
2026-09-28T16:29:12.706715Z 1892 [Note] Access denied for user 'root'@'localhost' (using password: NO)
2026-09-28T16:29:23.731971Z 1893 [Note] Access denied for user 'root'@'localhost' (using password: NO)
2026-09-28T16:29:34.727033Z 1894 [Note] Access denied for user 'root'@'localhost' (using password: NO)
2026-09-28T16:29:45.711455Z 1895 [Note] Access denied for user 'root'@'localhost' (using password: NO)
2026-09-28T16:29:56.718743Z 1896 [Note] Access denied for user 'root'@'localhost' (using password: NO)
2026-09-28T16:30:07.727423Z 1897 [Note] Access denied for user 'root'@'localhost' (using password: NO)
2026-09-28T16:30:18.821524Z 1898 [Note] Access denied for user 'root'@'localhost' (using password: NO)
2026-09-28T16:30:29.326806Z 1899 [Note] Access denied for user 'root'@'localhost' (using password: NO)
2026-09-28T16:30:39.709810Z 1900 [Note] Access denied for user 'root'@'localhost' (using password: NO)
2026-09-28T16:30:50.720668Z 1901 [Note] Access denied for user 'root'@'localhost' (using password: NO)
2026-09-28T16:31:01.715706Z 1902 [Note] Access denied for user 'root'@'localhost' (using password: NO)
2026-09-28T16:31:12.750996Z 1903 [Note] Access denied for user 'root'@'localhost' (using password: NO)
2026-09-28T16:31:23.742289Z 1904 [Note] Access denied for user 'root'@'localhost' (using password: NO)
2026-09-28T16:31:34.717574Z 1905 [Note] Access denied for user 'root'@'localhost' (using password: NO)
2026-09-28T16:31:45.736091Z 1906 [Note] Access denied for user 'root'@'localhost' (using password: NO)
2026-09-28T16:31:56.736872Z 1907 [Note] Access denied for user 'root'@'localhost' (using password: NO)
2026-09-28T16:32:07.721601Z 1908 [Note] Access denied for user 'root'@'localhost' (using password: NO)
2026-09-28T16:32:18.720467Z 1909 [Note] Access denied for user 'root'@'localhost' (using password: NO)
2026-09-28T16:32:29.738934Z 1910 [Note] Access denied for user 'root'@'localhost' (using password: NO)
2026-09-28T16:32:40.729544Z 1911 [Note] Access denied for user 'root'@'localhost' (using password: NO)
2026-09-28T16:32:51.728779Z 1912 [Note] Access denied for user 'root'@'localhost' (using password: NO)
2026-09-28T16:33:02.720716Z 1913 [Note] Access denied for user 'root'@'localhost' (using password: NO)
2026-09-28T16:33:13.733770Z 1914 [Note] Access denied for user 'root'@'localhost' (using password: NO)
2026-09-28T16:33:24.724142Z 1915 [Note] Access denied for user 'root'@'localhost' (using password: NO)
2026-09-28T16:33:35.719632Z 1916 [Note] Access denied for user 'root'@'localhost' (using password: NO)
2026-09-28T16:33:46.726907Z 1917 [Note] Access denied for user 'root'@'localhost' (using password: NO)
2026-09-28T16:33:57.064620Z 1918 [Note] Access denied for user 'root'@'localhost' (using password: NO)
2026-09-28T16:34:07.732719Z 1919 [Note] Access denied for user 'root'@'localhost' (using password: NO)
2026-09-28T16:34:18.731137Z 1920 [Note] Access denied for user 'root'@'localhost' (using password: NO)
2026-09-28T16:34:29.724215Z 1921 [Note] Access denied for user 'root'@'localhost' (using password: NO)
2026-09-28T16:34:40.720790Z 1922 [Note] Access denied for user 'root'@'localhost' (using password: NO)
2026-09-28T16:34:51.710138Z 1923 [Note] Access denied for user 'root'@'localhost' (using password: NO)
2026-09-28T16:35:02.862385Z 1924 [Note] Access denied for user 'root'@'localhost' (using password: NO)
2026-09-28T16:35:13.720074Z 1925 [Note] Access denied for user 'root'@'localhost' (using password: NO)
2026-09-28T16:35:24.739023Z 1926 [Note] Access denied for user 'root'@'localhost' (using password: NO)
2026-09-28T16:35:35.729286Z 1927 [Note] Access denied for user 'root'@'localhost' (using password: NO)
2026-09-28T16:35:46.723826Z 1928 [Note] Access denied for user 'root'@'localhost' (using password: NO)
2026-09-28T16:35:57.718631Z 1929 [Note] Access denied for user 'root'@'localhost' (using password: NO)
2026-09-28T16:36:08.723908Z 1930 [Note] Access denied for user 'root'@'localhost' (using password: NO)
2026-09-28T16:36:19.732701Z 1931 [Note] Access denied for user 'root'@'localhost' (using password: NO)
2026-09-28T16:36:30.758043Z 1932 [Note] Access denied for user 'root'@'localhost' (using password: NO)
2026-09-28T16:36:41.736820Z 1933 [Note] Access denied for user 'root'@'localhost' (using password: NO)
2026-09-28T16:36:52.709674Z 1934 [Note] Access denied for user 'root'@'localhost' (using password: NO)
2026-09-28T16:37:03.718300Z 1935 [Note] Access denied for user 'root'@'localhost' (using password: NO)
2026-09-28T16:37:14.709801Z 1936 [Note] Access denied for user 'root'@'localhost' (using password: NO)
2026-09-28T16:37:25.740736Z 1937 [Note] Access denied for user 'root'@'localhost' (using password: NO)
2026-09-28T16:37:36.722816Z 1938 [Note] Access denied for user 'root'@'localhost' (using password: NO)
2026-09-28T16:37:47.727121Z 1939 [Note] Access denied for user 'root'@'localhost' (using password: NO)
2026-09-28T16:37:58.733111Z 1940 [Note] Access denied for user 'root'@'localhost' (using password: NO)
2026-09-28T16:38:09.720965Z 1941 [Note] Access denied for user 'root'@'localhost' (using password: NO)
2026-09-28T16:38:20.723594Z 1942 [Note] Access denied for user 'root'@'localhost' (using password: NO)
2026-09-28T16:38:31.723791Z 1943 [Note] Access denied for user 'root'@'localhost' (using password: NO)
2026-09-28T16:38:42.712866Z 1944 [Note] Access denied for user 'root'@'localhost' (using password: NO)
2026-09-28T16:38:53.718321Z 1945 [Note] Access denied for user 'root'@'localhost' (using password: NO)
2026-09-28T16:39:04.746116Z 1946 [Note] Access denied for user 'root'@'localhost' (using password: NO)
2026-09-28T16:39:15.726470Z 1947 [Note] Access denied for user 'root'@'localhost' (using password: NO)
2026-09-28T16:39:26.721301Z 1948 [Note] Access denied for user 'root'@'localhost' (using password: NO)
2026-09-28T16:39:37.715565Z 1949 [Note] Access denied for user 'root'@'localhost' (using password: NO)
2026-09-28T16:39:48.718989Z 1950 [Note] Access denied for user 'root'@'localhost' (using password: NO)
2026-09-28T16:39:59.731444Z 1951 [Note] Access denied for user 'root'@'localhost' (using password: NO)
2026-09-28T16:40:10.720279Z 1952 [Note] Access denied for user 'root'@'localhost' (using password: NO)
2026-09-28T16:40:21.711599Z 1953 [Note] Access denied for user 'root'@'localhost' (using password: NO)
2026-09-28T16:40:32.706790Z 1954 [Note] Access denied for user 'root'@'localhost' (using password: NO)
2026-09-28T16:40:43.718005Z 1955 [Note] Access denied for user 'root'@'localhost' (using password: NO)
2026-09-28T16:40:54.735264Z 1956 [Note] Access denied for user 'root'@'localhost' (using password: NO)
2026-09-28T16:41:05.723221Z 1957 [Note] Access denied for user 'root'@'localhost' (using password: NO)
2026-09-28T16:41:16.715187Z 1958 [Note] Access denied for user 'root'@'localhost' (using password: NO)
2026-09-28T16:41:27.719605Z 1959 [Note] Access denied for user 'root'@'localhost' (using password: NO)
2026-09-28T16:41:38.723573Z 1960 [Note] Access denied for user 'root'@'localhost' (using password: NO)
2026-09-28T16:41:49.708441Z 1961 [Note] Access denied for user 'root'@'localhost' (using password: NO)
2026-09-28T16:42:00.722849Z 1962 [Note] Access denied for user 'root'@'localhost' (using password: NO)
2026-09-28T16:42:11.718529Z 1963 [Note] Access denied for user 'root'@'localhost' (using password: NO)
2026-09-28T16:42:22.739489Z 1964 [Note] Access denied for user 'root'@'localhost' (using password: NO)
2026-09-28T16:42:33.709640Z 1965 [Note] Access denied for user 'root'@'localhost' (using password: NO)
2026-09-28T16:42:44.727245Z 1966 [Note] Access denied for user 'root'@'localhost' (using password: NO)
2026-09-28T16:42:55.722520Z 1967 [Note] Access denied for user 'root'@'localhost' (using password: NO)
2026-09-28T16:43:06.714858Z 1968 [Note] Access denied for user 'root'@'localhost' (using password: NO)
2026-09-28T16:43:17.733992Z 1969 [Note] Access denied for user 'root'@'localhost' (using password: NO)
2026-09-28T16:43:28.714733Z 1970 [Note] Access denied for user 'root'@'localhost' (using password: NO)
2026-09-28T16:43:39.743959Z 1971 [Note] Access denied for user 'root'@'localhost' (using password: NO)
2026-09-28T16:43:50.718140Z 1972 [Note] Access denied for user 'root'@'localhost' (using password: NO)
2026-09-28T16:44:01.724771Z 1973 [Note] Access denied for user 'root'@'localhost' (using password: NO)
2026-09-28T16:44:12.716358Z 1974 [Note] Access denied for user 'root'@'localhost' (using password: NO)
2026-09-28T16:44:23.715536Z 1975 [Note] Access denied for user 'root'@'localhost' (using password: NO)
2026-09-28T16:44:34.739190Z 1976 [Note] Access denied for user 'root'@'localhost' (using password: NO)
2026-09-28T16:44:45.720078Z 1977 [Note] Access denied for user 'root'@'localhost' (using password: NO)
2026-09-28T16:44:56.725744Z 1978 [Note] Access denied for user 'root'@'localhost' (using password: NO)
2026-09-28T16:45:07.717465Z 1979 [Note] Access denied for user 'root'@'localhost' (using password: NO)
2026-09-28T16:45:18.722751Z 1980 [Note] Access denied for user 'root'@'localhost' (using password: NO)
2026-09-28T16:45:29.326236Z 1981 [Note] Access denied for user 'root'@'localhost' (using password: NO)
2026-09-28T16:45:39.724658Z 1982 [Note] Access denied for user 'root'@'localhost' (using password: NO)
2026-09-28T16:45:50.710993Z 1983 [Note] Access denied for user 'root'@'localhost' (using password: NO)
2026-09-28T16:46:01.739979Z 1984 [Note] Access denied for user 'root'@'localhost' (using password: NO)
2026-09-28T16:46:12.730675Z 1985 [Note] Access denied for user 'root'@'localhost' (using password: NO)
2026-09-28T16:46:23.714287Z 1986 [Note] Access denied for user 'root'@'localhost' (using password: NO)
2026-09-28T16:46:34.718882Z 1987 [Note] Access denied for user 'root'@'localhost' (using password: NO)
2026-09-28T16:46:45.710349Z 1988 [Note] Access denied for user 'root'@'localhost' (using password: NO)
2026-09-28T16:46:56.719881Z 1989 [Note] Access denied for user 'root'@'localhost' (using password: NO)
2026-09-28T16:47:07.713933Z 1990 [Note] Access denied for user 'root'@'localhost' (using password: NO)
2026-09-28T16:47:18.751445Z 1991 [Note] Access denied for user 'root'@'localhost' (using password: NO)
2026-09-28T16:47:29.723694Z 1992 [Note] Access denied for user 'root'@'localhost' (using password: NO)
2026-09-28T16:47:40.733653Z 1993 [Note] Access denied for user 'root'@'localhost' (using password: NO)
2026-09-28T16:47:51.733241Z 1994 [Note] Access denied for user 'root'@'localhost' (using password: NO)
2026-09-28T16:48:02.731611Z 1995 [Note] Access denied for user 'root'@'localhost' (using password: NO)
2026-09-28T16:48:13.711569Z 1996 [Note] Access denied for user 'root'@'localhost' (using password: NO)
2026-09-28T16:48:24.719292Z 1997 [Note] Access denied for user 'root'@'localhost' (using password: NO)
2026-09-28T16:48:35.721852Z 1998 [Note] Access denied for user 'root'@'localhost' (using password: NO)
2026-09-28T16:48:46.720638Z 1999 [Note] Access denied for user 'root'@'localhost' (using password: NO)
2026-09-28T16:48:57.213955Z 2000 [Note] Access denied for user 'root'@'localhost' (using password: NO)
2026-09-28T16:49:07.716942Z 2001 [Note] Access denied for user 'root'@'localhost' (using password: NO)
2026-09-28T16:49:18.725962Z 2002 [Note] Access denied for user 'root'@'localhost' (using password: NO)
2026-09-28T16:49:29.737198Z 2003 [Note] Access denied for user 'root'@'localhost' (using password: NO)
2026-09-28T16:49:40.715695Z 2004 [Note] Access denied for user 'root'@'localhost' (using password: NO)
2026-09-28T16:49:51.712716Z 2005 [Note] Access denied for user 'root'@'localhost' (using password: NO)
2026-09-28T16:50:02.730272Z 2006 [Note] Access denied for user 'root'@'localhost' (using password: NO)
2026-09-28T16:50:13.726160Z 2007 [Note] Access denied for user 'root'@'localhost' (using password: NO)
2026-09-28T16:50:24.729193Z 2008 [Note] Access denied for user 'root'@'localhost' (using password: NO)
2026-09-28T16:50:35.734539Z 2009 [Note] Access denied for user 'root'@'localhost' (using password: NO)
2026-09-28T16:50:46.717107Z 2010 [Note] Access denied for user 'root'@'localhost' (using password: NO)
2026-09-28T16:50:57.728442Z 2011 [Note] Access denied for user 'root'@'localhost' (using password: NO)
2026-09-28T16:51:08.723004Z 2012 [Note] Access denied for user 'root'@'localhost' (using password: NO)
2026-09-28T16:51:19.715229Z 2013 [Note] Access denied for user 'root'@'localhost' (using password: NO)
2026-09-28T16:51:30.726518Z 2014 [Note] Access denied for user 'root'@'localhost' (using password: NO)
2026-09-28T16:51:41.736975Z 2015 [Note] Access denied for user 'root'@'localhost' (using password: NO)
2026-09-28T16:51:52.715754Z 2016 [Note] Access denied for user 'root'@'localhost' (using password: NO)
2026-09-28T16:52:03.724458Z 2017 [Note] Access denied for user 'root'@'localhost' (using password: NO)
2026-09-28T16:52:14.719447Z 2018 [Note] Access denied for user 'root'@'localhost' (using password: NO)
2026-09-28T16:52:25.740321Z 2019 [Note] Access denied for user 'root'@'localhost' (using password: NO)
2026-09-28T16:52:36.727757Z 2020 [Note] Access denied for user 'root'@'localhost' (using password: NO)
2026-09-28T16:52:47.712009Z 2021 [Note] Access denied for user 'root'@'localhost' (using password: NO)
2026-09-28T16:52:58.720629Z 2022 [Note] Access denied for user 'root'@'localhost' (using password: NO)
2026-09-28T16:53:09.726582Z 2023 [Note] Access denied for user 'root'@'localhost' (using password: NO)
2026-09-28T16:53:20.739828Z 2024 [Note] Access denied for user 'root'@'localhost' (using password: NO)
2026-09-28T16:53:31.732627Z 2025 [Note] Access denied for user 'root'@'localhost' (using password: NO)
2026-09-28T16:53:42.736107Z 2026 [Note] Access denied for user 'root'@'localhost' (using password: NO)
2026-09-28T16:53:53.726348Z 2027 [Note] Access denied for user 'root'@'localhost' (using password: NO)
2026-09-28T16:54:04.733661Z 2028 [Note] Access denied for user 'root'@'localhost' (using password: NO)
2026-09-28T16:54:15.726578Z 2029 [Note] Access denied for user 'root'@'localhost' (using password: NO)
2026-09-28T16:54:26.725577Z 2030 [Note] Access denied for user 'root'@'localhost' (using password: NO)
2026-09-28T16:54:37.720404Z 2031 [Note] Access denied for user 'root'@'localhost' (using password: NO)
2026-09-28T16:54:48.736270Z 2032 [Note] Access denied for user 'root'@'localhost' (using password: NO)
2026-09-28T16:54:59.725770Z 2033 [Note] Access denied for user 'root'@'localhost' (using password: NO)
2026-09-28T16:55:10.724450Z 2034 [Note] Access denied for user 'root'@'localhost' (using password: NO)
2026-09-28T16:55:21.719186Z 2035 [Note] Access denied for user 'root'@'localhost' (using password: NO)
2026-09-28T16:55:32.708625Z 2036 [Note] Access denied for user 'root'@'localhost' (using password: NO)
2026-09-28T16:55:43.721752Z 2037 [Note] Access denied for user 'root'@'localhost' (using password: NO)
2026-09-28T16:55:54.717607Z 2038 [Note] Access denied for user 'root'@'localhost' (using password: NO)
2026-09-28T16:56:05.725126Z 2039 [Note] Access denied for user 'root'@'localhost' (using password: NO)
2026-09-28T16:56:16.726468Z 2040 [Note] Access denied for user 'root'@'localhost' (using password: NO)
2026-09-28T16:56:27.719283Z 2041 [Note] Access denied for user 'root'@'localhost' (using password: NO)
2026-09-28T16:56:38.729650Z 2042 [Note] Access denied for user 'root'@'localhost' (using password: NO)
2026-09-28T16:56:49.719478Z 2043 [Note] Access denied for user 'root'@'localhost' (using password: NO)
2026-09-28T16:57:00.718779Z 2044 [Note] Access denied for user 'root'@'localhost' (using password: NO)
2026-09-28T16:57:11.719674Z 2045 [Note] Access denied for user 'root'@'localhost' (using password: NO)
2026-09-28T16:57:22.716310Z 2046 [Note] Access denied for user 'root'@'localhost' (using password: NO)
2026-09-28T16:57:33.732659Z 2047 [Note] Access denied for user 'root'@'localhost' (using password: NO)
2026-09-28T16:57:44.724268Z 2048 [Note] Access denied for user 'root'@'localhost' (using password: NO)
2026-09-28T16:57:55.738464Z 2049 [Note] Access denied for user 'root'@'localhost' (using password: NO)
2026-09-28T16:58:06.768028Z 2050 [Note] Access denied for user 'root'@'localhost' (using password: NO)
2026-09-28T16:58:17.732457Z 2051 [Note] Access denied for user 'root'@'localhost' (using password: NO)
2026-09-28T16:58:28.723817Z 2052 [Note] Access denied for user 'root'@'localhost' (using password: NO)
2026-09-28T16:58:39.713431Z 2053 [Note] Access denied for user 'root'@'localhost' (using password: NO)
2026-09-28T16:58:50.724767Z 2054 [Note] Access denied for user 'root'@'localhost' (using password: NO)
2026-09-28T16:59:01.727623Z 2055 [Note] Access denied for user 'root'@'localhost' (using password: NO)
2026-09-28T16:59:12.718976Z 2056 [Note] Access denied for user 'root'@'localhost' (using password: NO)
2026-09-28T16:59:23.722808Z 2057 [Note] Access denied for user 'root'@'localhost' (using password: NO)
2026-09-28T16:59:34.725633Z 2058 [Note] Access denied for user 'root'@'localhost' (using password: NO)
2026-09-28T16:59:45.719478Z 2059 [Note] Access denied for user 'root'@'localhost' (using password: NO)
2026-09-28T16:59:56.737442Z 2060 [Note] Access denied for user 'root'@'localhost' (using password: NO)
2026-09-28T17:00:07.725700Z 2061 [Note] Access denied for user 'root'@'localhost' (using password: NO)
2026-09-28T17:00:18.742612Z 2062 [Note] Access denied for user 'root'@'localhost' (using password: NO)
2026-09-28T17:00:29.325418Z 2063 [Note] Access denied for user 'root'@'localhost' (using password: NO)
2026-09-28T17:00:39.722612Z 2064 [Note] Access denied for user 'root'@'localhost' (using password: NO)
2026-09-28T17:00:50.719127Z 2065 [Note] Access denied for user 'root'@'localhost' (using password: NO)
2026-09-28T17:01:01.349713Z 2066 [Note] Access denied for user 'root'@'localhost' (using password: NO)
2026-09-28T17:01:11.714841Z 2067 [Note] Access denied for user 'root'@'localhost' (using password: NO)
2026-09-28T17:01:22.729623Z 2068 [Note] Access denied for user 'root'@'localhost' (using password: NO)
2026-09-28T17:01:33.723161Z 2069 [Note] Access denied for user 'root'@'localhost' (using password: NO)
2026-09-28T17:01:44.714083Z 2070 [Note] Access denied for user 'root'@'localhost' (using password: NO)
2026-09-28T17:01:55.714564Z 2071 [Note] Access denied for user 'root'@'localhost' (using password: NO)
2026-09-28T17:02:06.716727Z 2072 [Note] Access denied for user 'root'@'localhost' (using password: NO)
2026-09-28T17:02:17.710302Z 2073 [Note] Access denied for user 'root'@'localhost' (using password: NO)
2026-09-28T17:02:28.717265Z 2074 [Note] Access denied for user 'root'@'localhost' (using password: NO)
2026-09-28T17:02:39.725506Z 2075 [Note] Access denied for user 'root'@'localhost' (using password: NO)
2026-09-28T17:02:50.713929Z 2076 [Note] Access denied for user 'root'@'localhost' (using password: NO)
2026-09-28T17:03:01.719672Z 2077 [Note] Access denied for user 'root'@'localhost' (using password: NO)
2026-09-28T17:03:12.724463Z 2078 [Note] Access denied for user 'root'@'localhost' (using password: NO)
2026-09-28T17:03:23.716603Z 2079 [Note] Access denied for user 'root'@'localhost' (using password: NO)
2026-09-28T17:03:34.712396Z 2080 [Note] Access denied for user 'root'@'localhost' (using password: NO)
2026-09-28T17:03:45.711041Z 2081 [Note] Access denied for user 'root'@'localhost' (using password: NO)
2026-09-28T17:03:56.723762Z 2082 [Note] Access denied for user 'root'@'localhost' (using password: NO)
2026-09-28T17:04:07.724760Z 2083 [Note] Access denied for user 'root'@'localhost' (using password: NO)
2026-09-28T17:04:18.715835Z 2084 [Note] Access denied for user 'root'@'localhost' (using password: NO)
2026-09-28T17:04:29.724907Z 2085 [Note] Access denied for user 'root'@'localhost' (using password: NO)
2026-09-28T17:04:40.726417Z 2086 [Note] Access denied for user 'root'@'localhost' (using password: NO)
2026-09-28T17:04:51.716926Z 2087 [Note] Access denied for user 'root'@'localhost' (using password: NO)
2026-09-28T17:05:02.715613Z 2088 [Note] Access denied for user 'root'@'localhost' (using password: NO)
2026-09-28T17:05:13.715836Z 2089 [Note] Access denied for user 'root'@'localhost' (using password: NO)
2026-09-28T17:05:24.705394Z 2090 [Note] Access denied for user 'root'@'localhost' (using password: NO)
2026-09-28T17:05:35.704884Z 2091 [Note] Access denied for user 'root'@'localhost' (using password: NO)
2026-09-28T17:05:46.721183Z 2092 [Note] Access denied for user 'root'@'localhost' (using password: NO)
2026-09-28T17:05:57.727793Z 2093 [Note] Access denied for user 'root'@'localhost' (using password: NO)
2026-09-28T17:06:08.722909Z 2094 [Note] Access denied for user 'root'@'localhost' (using password: NO)
2026-09-28T17:06:19.722409Z 2095 [Note] Access denied for user 'root'@'localhost' (using password: NO)
2026-09-28T17:06:30.725914Z 2096 [Note] Access denied for user 'root'@'localhost' (using password: NO)
2026-09-28T17:06:41.742353Z 2097 [Note] Access denied for user 'root'@'localhost' (using password: NO)
2026-09-28T17:06:52.723260Z 2098 [Note] Access denied for user 'root'@'localhost' (using password: NO)
2026-09-28T17:07:03.717659Z 2099 [Note] Access denied for user 'root'@'localhost' (using password: NO)
2026-09-28T17:07:14.717451Z 2100 [Note] Access denied for user 'root'@'localhost' (using password: NO)
2026-09-28T17:07:25.721930Z 2101 [Note] Access denied for user 'root'@'localhost' (using password: NO)
2026-09-28T17:07:36.724981Z 2102 [Note] Access denied for user 'root'@'localhost' (using password: NO)
2026-09-28T17:07:47.714504Z 2103 [Note] Access denied for user 'root'@'localhost' (using password: NO)
2026-09-28T17:07:58.720764Z 2104 [Note] Access denied for user 'root'@'localhost' (using password: NO)
2026-09-28T17:08:09.715485Z 2105 [Note] Access denied for user 'root'@'localhost' (using password: NO)
2026-09-28T17:08:20.715141Z 2106 [Note] Access denied for user 'root'@'localhost' (using password: NO)
2026-09-28T17:08:31.729896Z 2107 [Note] Access denied for user 'root'@'localhost' (using password: NO)
2026-09-28T17:08:42.716850Z 2108 [Note] Access denied for user 'root'@'localhost' (using password: NO)
2026-09-28T17:08:53.718928Z 2109 [Note] Access denied for user 'root'@'localhost' (using password: NO)
2026-09-28T17:09:04.713315Z 2110 [Note] Access denied for user 'root'@'localhost' (using password: NO)
2026-09-28T17:09:15.732089Z 2111 [Note] Access denied for user 'root'@'localhost' (using password: NO)
2026-09-28T17:09:26.725161Z 2112 [Note] Access denied for user 'root'@'localhost' (using password: NO)
2026-09-28T17:09:37.703857Z 2113 [Note] Access denied for user 'root'@'localhost' (using password: NO)
2026-09-28T17:09:48.717603Z 2114 [Note] Access denied for user 'root'@'localhost' (using password: NO)
2026-09-28T17:09:59.718482Z 2115 [Note] Access denied for user 'root'@'localhost' (using password: NO)
2026-09-28T17:10:10.709682Z 2116 [Note] Access denied for user 'root'@'localhost' (using password: NO)
2026-09-28T17:10:21.758905Z 2117 [Note] Access denied for user 'root'@'localhost' (using password: NO)
2026-09-28T17:10:32.723760Z 2118 [Note] Access denied for user 'root'@'localhost' (using password: NO)
2026-09-28T17:10:43.718685Z 2119 [Note] Access denied for user 'root'@'localhost' (using password: NO)
2026-09-28T17:10:54.723263Z 2120 [Note] Access denied for user 'root'@'localhost' (using password: NO)
2026-09-28T17:11:05.715475Z 2121 [Note] Access denied for user 'root'@'localhost' (using password: NO)
2026-09-28T17:11:16.731230Z 2122 [Note] Access denied for user 'root'@'localhost' (using password: NO)
2026-09-28T17:11:27.716655Z 2123 [Note] Access denied for user 'root'@'localhost' (using password: NO)
2026-09-28T17:11:38.719978Z 2124 [Note] Access denied for user 'root'@'localhost' (using password: NO)
2026-09-28T17:11:49.717247Z 2125 [Note] Access denied for user 'root'@'localhost' (using password: NO)
2026-09-28T17:12:00.730369Z 2126 [Note] Access denied for user 'root'@'localhost' (using password: NO)
2026-09-28T17:12:11.723227Z 2127 [Note] Access denied for user 'root'@'localhost' (using password: NO)
2026-09-28T17:12:22.719938Z 2128 [Note] Access denied for user 'root'@'localhost' (using password: NO)
2026-09-28T17:12:33.729914Z 2129 [Note] Access denied for user 'root'@'localhost' (using password: NO)
2026-09-28T17:12:44.725940Z 2130 [Note] Access denied for user 'root'@'localhost' (using password: NO)
2026-09-28T17:12:55.717659Z 2131 [Note] Access denied for user 'root'@'localhost' (using password: NO)
2026-09-28T17:13:06.729743Z 2132 [Note] Access denied for user 'root'@'localhost' (using password: NO)
2026-09-28T17:13:17.714303Z 2133 [Note] Access denied for user 'root'@'localhost' (using password: NO)
2026-09-28T17:13:28.730556Z 2134 [Note] Access denied for user 'root'@'localhost' (using password: NO)
2026-09-28T17:13:39.743923Z 2135 [Note] Access denied for user 'root'@'localhost' (using password: NO)
2026-09-28T17:13:50.728661Z 2136 [Note] Access denied for user 'root'@'localhost' (using password: NO)
2026-09-28T17:14:01.746599Z 2137 [Note] Access denied for user 'root'@'localhost' (using password: NO)
2026-09-28T17:14:12.739167Z 2138 [Note] Access denied for user 'root'@'localhost' (using password: NO)
2026-09-28T17:14:23.723581Z 2139 [Note] Access denied for user 'root'@'localhost' (using password: NO)
2026-09-28T17:14:34.718327Z 2140 [Note] Access denied for user 'root'@'localhost' (using password: NO)
2026-09-28T17:14:45.707084Z 2141 [Note] Access denied for user 'root'@'localhost' (using password: NO)
2026-09-28T17:14:56.738441Z 2142 [Note] Access denied for user 'root'@'localhost' (using password: NO)
2026-09-28T17:15:07.699848Z 2143 [Note] Access denied for user 'root'@'localhost' (using password: NO)
2026-09-28T17:15:18.725624Z 2144 [Note] Access denied for user 'root'@'localhost' (using password: NO)
2026-09-28T17:15:29.315446Z 2145 [Note] Access denied for user 'root'@'localhost' (using password: NO)
2026-09-28T17:15:39.721787Z 2146 [Note] Access denied for user 'root'@'localhost' (using password: NO)
2026-09-28T17:15:50.726362Z 2147 [Note] Access denied for user 'root'@'localhost' (using password: NO)
2026-09-28T17:16:01.761772Z 2148 [Note] Access denied for user 'root'@'localhost' (using password: NO)
2026-09-28T17:16:12.717697Z 2149 [Note] Access denied for user 'root'@'localhost' (using password: NO)
2026-09-28T17:16:23.724379Z 2150 [Note] Access denied for user 'root'@'localhost' (using password: NO)
2026-09-28T17:16:34.720433Z 2151 [Note] Access denied for user 'root'@'localhost' (using password: NO)
2026-09-28T17:16:45.731013Z 2152 [Note] Access denied for user 'root'@'localhost' (using password: NO)
2026-09-28T17:16:56.720744Z 2153 [Note] Access denied for user 'root'@'localhost' (using password: NO)
2026-09-28T17:17:07.721835Z 2154 [Note] Access denied for user 'root'@'localhost' (using password: NO)
2026-09-28T17:17:18.721078Z 2155 [Note] Access denied for user 'root'@'localhost' (using password: NO)
2026-09-28T17:17:29.724214Z 2156 [Note] Access denied for user 'root'@'localhost' (using password: NO)
2026-09-28T17:17:40.721197Z 2157 [Note] Access denied for user 'root'@'localhost' (using password: NO)
2026-09-28T17:17:51.732226Z 2158 [Note] Access denied for user 'root'@'localhost' (using password: NO)
2026-09-28T17:18:02.719439Z 2159 [Note] Access denied for user 'root'@'localhost' (using password: NO)
2026-09-28T17:18:13.726689Z 2160 [Note] Access denied for user 'root'@'localhost' (using password: NO)
2026-09-28T17:18:24.802268Z 2161 [Note] Access denied for user 'root'@'localhost' (using password: NO)
2026-09-28T17:18:35.717877Z 2162 [Note] Access denied for user 'root'@'localhost' (using password: NO)
2026-09-28T17:18:46.721935Z 2163 [Note] Access denied for user 'root'@'localhost' (using password: NO)
2026-09-28T17:18:57.501230Z 2164 [Note] Access denied for user 'root'@'localhost' (using password: NO)
2026-09-28T17:19:07.736607Z 2165 [Note] Access denied for user 'root'@'localhost' (using password: NO)
2026-09-28T17:19:18.717358Z 2166 [Note] Access denied for user 'root'@'localhost' (using password: NO)
2026-09-28T17:19:29.711718Z 2167 [Note] Access denied for user 'root'@'localhost' (using password: NO)
2026-09-28T17:19:40.724168Z 2168 [Note] Access denied for user 'root'@'localhost' (using password: NO)
2026-09-28T17:19:51.719707Z 2169 [Note] Access denied for user 'root'@'localhost' (using password: NO)
2026-09-28T17:20:02.736109Z 2170 [Note] Access denied for user 'root'@'localhost' (using password: NO)
2026-09-28T17:20:13.726160Z 2171 [Note] Access denied for user 'root'@'localhost' (using password: NO)
2026-09-28T17:20:24.716391Z 2172 [Note] Access denied for user 'root'@'localhost' (using password: NO)
2026-09-28T17:20:35.721200Z 2173 [Note] Access denied for user 'root'@'localhost' (using password: NO)
2026-09-28T17:20:46.711850Z 2174 [Note] Access denied for user 'root'@'localhost' (using password: NO)
2026-09-28T17:20:57.745415Z 2175 [Note] Access denied for user 'root'@'localhost' (using password: NO)
2026-09-28T17:21:08.725767Z 2176 [Note] Access denied for user 'root'@'localhost' (using password: NO)
2026-09-28T17:21:19.717383Z 2177 [Note] Access denied for user 'root'@'localhost' (using password: NO)
2026-09-28T17:21:30.724550Z 2178 [Note] Access denied for user 'root'@'localhost' (using password: NO)
2026-09-28T17:21:41.739076Z 2179 [Note] Access denied for user 'root'@'localhost' (using password: NO)
2026-09-28T17:21:52.742885Z 2180 [Note] Access denied for user 'root'@'localhost' (using password: NO)
2026-09-28T17:22:03.725815Z 2181 [Note] Access denied for user 'root'@'localhost' (using password: NO)
2026-09-28T17:22:14.737348Z 2182 [Note] Access denied for user 'root'@'localhost' (using password: NO)
2026-09-28T17:22:25.712741Z 2183 [Note] Access denied for user 'root'@'localhost' (using password: NO)
2026-09-28T17:22:36.722561Z 2184 [Note] Access denied for user 'root'@'localhost' (using password: NO)
2026-09-28T17:22:47.725803Z 2185 [Note] Access denied for user 'root'@'localhost' (using password: NO)
2026-09-28T17:22:58.734102Z 2186 [Note] Access denied for user 'root'@'localhost' (using password: NO)
2026-09-28T17:23:09.719455Z 2187 [Note] Access denied for user 'root'@'localhost' (using password: NO)
2026-09-28T17:23:20.720842Z 2188 [Note] Access denied for user 'root'@'localhost' (using password: NO)
2026-09-28T17:23:31.713653Z 2189 [Note] Access denied for user 'root'@'localhost' (using password: NO)
2026-09-28T17:23:42.733766Z 2190 [Note] Access denied for user 'root'@'localhost' (using password: NO)
2026-09-28T17:23:53.730353Z 2191 [Note] Access denied for user 'root'@'localhost' (using password: NO)
2026-09-28T17:24:04.722375Z 2192 [Note] Access denied for user 'root'@'localhost' (using password: NO)
2026-09-28T17:24:15.716912Z 2193 [Note] Access denied for user 'root'@'localhost' (using password: NO)
2026-09-28T17:24:26.722512Z 2194 [Note] Access denied for user 'root'@'localhost' (using password: NO)
2026-09-28T17:24:37.732753Z 2195 [Note] Access denied for user 'root'@'localhost' (using password: NO)
2026-09-28T17:24:48.735768Z 2196 [Note] Access denied for user 'root'@'localhost' (using password: NO)
2026-09-28T17:24:59.717151Z 2197 [Note] Access denied for user 'root'@'localhost' (using password: NO)
2026-09-28T17:25:10.720606Z 2198 [Note] Access denied for user 'root'@'localhost' (using password: NO)
2026-09-28T17:25:21.710431Z 2199 [Note] Access denied for user 'root'@'localhost' (using password: NO)
2026-09-28T17:25:32.726386Z 2200 [Note] Access denied for user 'root'@'localhost' (using password: NO)
2026-09-28T17:25:43.754789Z 2201 [Note] Access denied for user 'root'@'localhost' (using password: NO)
2026-09-28T17:25:54.735689Z 2202 [Note] Access denied for user 'root'@'localhost' (using password: NO)
2026-09-28T17:26:05.727009Z 2203 [Note] Access denied for user 'root'@'localhost' (using password: NO)
2026-09-28T17:26:16.711829Z 2204 [Note] Access denied for user 'root'@'localhost' (using password: NO)
2026-09-28T17:26:27.727030Z 2205 [Note] Access denied for user 'root'@'localhost' (using password: NO)
2026-09-28T17:26:38.715183Z 2206 [Note] Access denied for user 'root'@'localhost' (using password: NO)
2026-09-28T17:26:49.723675Z 2207 [Note] Access denied for user 'root'@'localhost' (using password: NO)
2026-09-28T17:27:00.716730Z 2208 [Note] Access denied for user 'root'@'localhost' (using password: NO)
2026-09-28T17:27:11.715625Z 2209 [Note] Access denied for user 'root'@'localhost' (using password: NO)
2026-09-28T17:27:22.738700Z 2210 [Note] Access denied for user 'root'@'localhost' (using password: NO)
2026-09-28T17:27:33.768198Z 2211 [Note] Access denied for user 'root'@'localhost' (using password: NO)
2026-09-28T17:27:44.734700Z 2212 [Note] Access denied for user 'root'@'localhost' (using password: NO)
2026-09-28T17:27:55.738233Z 2213 [Note] Access denied for user 'root'@'localhost' (using password: NO)
2026-09-28T17:28:06.728875Z 2214 [Note] Access denied for user 'root'@'localhost' (using password: NO)
2026-09-28T17:28:17.747904Z 2215 [Note] Access denied for user 'root'@'localhost' (using password: NO)
2026-09-28T17:28:28.724858Z 2216 [Note] Access denied for user 'root'@'localhost' (using password: NO)
2026-09-28T17:28:39.730238Z 2217 [Note] Access denied for user 'root'@'localhost' (using password: NO)
2026-09-28T17:28:50.724165Z 2218 [Note] Access denied for user 'root'@'localhost' (using password: NO)
2026-09-28T17:29:01.727649Z 2219 [Note] Access denied for user 'root'@'localhost' (using password: NO)
2026-09-28T17:29:12.722800Z 2220 [Note] Access denied for user 'root'@'localhost' (using password: NO)
2026-09-28T17:29:23.736483Z 2221 [Note] Access denied for user 'root'@'localhost' (using password: NO)
2026-09-28T17:29:34.739461Z 2222 [Note] Access denied for user 'root'@'localhost' (using password: NO)
2026-09-28T17:29:45.732228Z 2223 [Note] Access denied for user 'root'@'localhost' (using password: NO)
2026-09-28T17:29:56.720906Z 2224 [Note] Access denied for user 'root'@'localhost' (using password: NO)
2026-09-28T17:30:07.731565Z 2225 [Note] Access denied for user 'root'@'localhost' (using password: NO)
2026-09-28T17:30:18.723452Z 2226 [Note] Access denied for user 'root'@'localhost' (using password: NO)
2026-09-28T17:30:29.336061Z 2227 [Note] Access denied for user 'root'@'localhost' (using password: NO)
2026-09-28T17:30:39.727629Z 2228 [Note] Access denied for user 'root'@'localhost' (using password: NO)
2026-09-28T17:30:50.732651Z 2229 [Note] Access denied for user 'root'@'localhost' (using password: NO)
2026-09-28T17:31:01.720252Z 2230 [Note] Access denied for user 'root'@'localhost' (using password: NO)
2026-09-28T17:31:12.734115Z 2231 [Note] Access denied for user 'root'@'localhost' (using password: NO)
2026-09-28T17:31:23.722995Z 2232 [Note] Access denied for user 'root'@'localhost' (using password: NO)
2026-09-28T17:31:34.731955Z 2233 [Note] Access denied for user 'root'@'localhost' (using password: NO)
2026-09-28T17:31:45.721986Z 2234 [Note] Access denied for user 'root'@'localhost' (using password: NO)
2026-09-28T17:31:56.737677Z 2235 [Note] Access denied for user 'root'@'localhost' (using password: NO)
2026-09-28T17:32:07.711476Z 2236 [Note] Access denied for user 'root'@'localhost' (using password: NO)
2026-09-28T17:32:18.736120Z 2237 [Note] Access denied for user 'root'@'localhost' (using password: NO)
2026-09-28T17:32:29.721416Z 2238 [Note] Access denied for user 'root'@'localhost' (using password: NO)
2026-09-28T17:32:40.754815Z 2239 [Note] Access denied for user 'root'@'localhost' (using password: NO)
2026-09-28T17:32:51.736906Z 2240 [Note] Access denied for user 'root'@'localhost' (using password: NO)
2026-09-28T17:33:02.737404Z 2241 [Note] Access denied for user 'root'@'localhost' (using password: NO)
2026-09-28T17:33:13.715898Z 2242 [Note] Access denied for user 'root'@'localhost' (using password: NO)
2026-09-28T17:33:24.734971Z 2243 [Note] Access denied for user 'root'@'localhost' (using password: NO)
2026-09-28T17:33:35.722813Z 2244 [Note] Access denied for user 'root'@'localhost' (using password: NO)
2026-09-28T17:33:46.727540Z 2245 [Note] Access denied for user 'root'@'localhost' (using password: NO)
2026-09-28T17:33:57.645764Z 2246 [Note] Access denied for user 'root'@'localhost' (using password: NO)
2026-09-28T17:34:08.724878Z 2247 [Note] Access denied for user 'root'@'localhost' (using password: NO)
2026-09-28T17:34:19.716557Z 2248 [Note] Access denied for user 'root'@'localhost' (using password: NO)
2026-09-28T17:34:30.718776Z 2249 [Note] Access denied for user 'root'@'localhost' (using password: NO)
2026-09-28T17:34:41.725867Z 2250 [Note] Access denied for user 'root'@'localhost' (using password: NO)
2026-09-28T17:34:52.712273Z 2251 [Note] Access denied for user 'root'@'localhost' (using password: NO)
2026-09-28T17:35:03.736717Z 2252 [Note] Access denied for user 'root'@'localhost' (using password: NO)
2026-09-28T17:35:14.713147Z 2253 [Note] Access denied for user 'root'@'localhost' (using password: NO)
2026-09-28T17:35:25.734970Z 2254 [Note] Access denied for user 'root'@'localhost' (using password: NO)
2026-09-28T17:35:36.724379Z 2255 [Note] Access denied for user 'root'@'localhost' (using password: NO)
2026-09-28T17:35:47.732910Z 2256 [Note] Access denied for user 'root'@'localhost' (using password: NO)
2026-09-28T17:35:58.719237Z 2257 [Note] Access denied for user 'root'@'localhost' (using password: NO)
2026-09-28T17:36:09.726122Z 2258 [Note] Access denied for user 'root'@'localhost' (using password: NO)
2026-09-28T17:36:20.725904Z 2259 [Note] Access denied for user 'root'@'localhost' (using password: NO)
2026-09-28T17:36:31.714636Z 2260 [Note] Access denied for user 'root'@'localhost' (using password: NO)
2026-09-28T17:36:42.728080Z 2261 [Note] Access denied for user 'root'@'localhost' (using password: NO)
2026-09-28T17:36:53.727735Z 2262 [Note] Access denied for user 'root'@'localhost' (using password: NO)
2026-09-28T17:37:04.740343Z 2263 [Note] Access denied for user 'root'@'localhost' (using password: NO)
2026-09-28T17:37:15.721196Z 2264 [Note] Access denied for user 'root'@'localhost' (using password: NO)
2026-09-28T17:37:26.712724Z 2265 [Note] Access denied for user 'root'@'localhost' (using password: NO)
2026-09-28T17:37:37.719850Z 2266 [Note] Access denied for user 'root'@'localhost' (using password: NO)
2026-09-28T17:37:48.759444Z 2267 [Note] Access denied for user 'root'@'localhost' (using password: NO)
2026-09-28T17:37:59.715369Z 2268 [Note] Access denied for user 'root'@'localhost' (using password: NO)
2026-09-28T17:38:10.715266Z 2269 [Note] Access denied for user 'root'@'localhost' (using password: NO)
2026-09-28T17:38:21.721694Z 2270 [Note] Access denied for user 'root'@'localhost' (using password: NO)
2026-09-28T17:38:32.733547Z 2271 [Note] Access denied for user 'root'@'localhost' (using password: NO)
2026-09-28T17:38:43.754601Z 2272 [Note] Access denied for user 'root'@'localhost' (using password: NO)
2026-09-28T17:38:54.740546Z 2273 [Note] Access denied for user 'root'@'localhost' (using password: NO)
2026-09-28T17:39:05.761538Z 2274 [Note] Access denied for user 'root'@'localhost' (using password: NO)
2026-09-28T17:39:16.718766Z 2275 [Note] Access denied for user 'root'@'localhost' (using password: NO)
2026-09-28T17:39:27.732840Z 2276 [Note] Access denied for user 'root'@'localhost' (using password: NO)
2026-09-28T17:39:38.727458Z 2277 [Note] Access denied for user 'root'@'localhost' (using password: NO)
2026-09-28T17:39:49.713603Z 2278 [Note] Access denied for user 'root'@'localhost' (using password: NO)
2026-09-28T17:40:00.737944Z 2279 [Note] Access denied for user 'root'@'localhost' (using password: NO)
2026-09-28T17:40:11.718032Z 2280 [Note] Access denied for user 'root'@'localhost' (using password: NO)
2026-09-28T17:40:22.732103Z 2281 [Note] Access denied for user 'root'@'localhost' (using password: NO)
2026-09-28T17:40:33.755587Z 2282 [Note] Access denied for user 'root'@'localhost' (using password: NO)
2026-09-28T17:40:44.713408Z 2283 [Note] Access denied for user 'root'@'localhost' (using password: NO)
2026-09-28T17:40:55.720047Z 2284 [Note] Access denied for user 'root'@'localhost' (using password: NO)
2026-09-28T17:41:06.784063Z 2285 [Note] Access denied for user 'root'@'localhost' (using password: NO)
2026-09-28T17:41:17.718068Z 2286 [Note] Access denied for user 'root'@'localhost' (using password: NO)
2026-09-28T17:41:28.720644Z 2287 [Note] Access denied for user 'root'@'localhost' (using password: NO)
2026-09-28T17:41:39.717612Z 2288 [Note] Access denied for user 'root'@'localhost' (using password: NO)
2026-09-28T17:41:50.719737Z 2289 [Note] Access denied for user 'root'@'localhost' (using password: NO)
2026-09-28T17:42:01.728615Z 2290 [Note] Access denied for user 'root'@'localhost' (using password: NO)
2026-09-28T17:42:12.731791Z 2291 [Note] Access denied for user 'root'@'localhost' (using password: NO)
2026-09-28T17:42:23.722216Z 2292 [Note] Access denied for user 'root'@'localhost' (using password: NO)
2026-09-28T17:42:34.712696Z 2293 [Note] Access denied for user 'root'@'localhost' (using password: NO)
2026-09-28T17:42:45.729718Z 2294 [Note] Access denied for user 'root'@'localhost' (using password: NO)
2026-09-28T17:42:56.726425Z 2295 [Note] Access denied for user 'root'@'localhost' (using password: NO)
2026-09-28T17:43:07.725669Z 2296 [Note] Access denied for user 'root'@'localhost' (using password: NO)
2026-09-28T17:43:18.732145Z 2297 [Note] Access denied for user 'root'@'localhost' (using password: NO)
2026-09-28T17:43:29.714133Z 2298 [Note] Access denied for user 'root'@'localhost' (using password: NO)
2026-09-28T17:43:40.722370Z 2299 [Note] Access denied for user 'root'@'localhost' (using password: NO)
2026-09-28T17:43:51.714761Z 2300 [Note] Access denied for user 'root'@'localhost' (using password: NO)
2026-09-28T17:44:02.730197Z 2301 [Note] Access denied for user 'root'@'localhost' (using password: NO)
2026-09-28T17:44:13.714917Z 2302 [Note] Access denied for user 'root'@'localhost' (using password: NO)
2026-09-28T17:44:24.718733Z 2303 [Note] Access denied for user 'root'@'localhost' (using password: NO)
2026-09-28T17:44:35.734917Z 2304 [Note] Access denied for user 'root'@'localhost' (using password: NO)
2026-09-28T17:44:46.715357Z 2305 [Note] Access denied for user 'root'@'localhost' (using password: NO)
2026-09-28T17:44:57.720619Z 2306 [Note] Access denied for user 'root'@'localhost' (using password: NO)
2026-09-28T17:45:08.712096Z 2307 [Note] Access denied for user 'root'@'localhost' (using password: NO)
2026-09-28T17:45:19.715766Z 2308 [Note] Access denied for user 'root'@'localhost' (using password: NO)
2026-09-28T17:45:30.708620Z 2309 [Note] Access denied for user 'root'@'localhost' (using password: NO)
2026-09-28T17:45:41.730312Z 2310 [Note] Access denied for user 'root'@'localhost' (using password: NO)
2026-09-28T17:45:52.716669Z 2311 [Note] Access denied for user 'root'@'localhost' (using password: NO)
2026-09-28T17:46:03.729722Z 2312 [Note] Access denied for user 'root'@'localhost' (using password: NO)
2026-09-28T17:46:14.726059Z 2313 [Note] Access denied for user 'root'@'localhost' (using password: NO)
2026-09-28T17:46:25.714573Z 2314 [Note] Access denied for user 'root'@'localhost' (using password: NO)
2026-09-28T17:46:36.731297Z 2315 [Note] Access denied for user 'root'@'localhost' (using password: NO)
2026-09-28T17:46:47.724953Z 2316 [Note] Access denied for user 'root'@'localhost' (using password: NO)
2026-09-28T17:46:58.721806Z 2317 [Note] Access denied for user 'root'@'localhost' (using password: NO)
2026-09-28T17:47:09.721717Z 2318 [Note] Access denied for user 'root'@'localhost' (using password: NO)
2026-09-28T17:47:20.736440Z 2319 [Note] Access denied for user 'root'@'localhost' (using password: NO)
2026-09-28T17:47:31.710613Z 2320 [Note] Access denied for user 'root'@'localhost' (using password: NO)
2026-09-28T17:47:42.750888Z 2321 [Note] Access denied for user 'root'@'localhost' (using password: NO)
2026-09-28T17:47:53.730399Z 2322 [Note] Access denied for user 'root'@'localhost' (using password: NO)
2026-09-28T17:48:04.712815Z 2323 [Note] Access denied for user 'root'@'localhost' (using password: NO)
2026-09-28T17:48:15.714957Z 2324 [Note] Access denied for user 'root'@'localhost' (using password: NO)
2026-09-28T17:48:26.716802Z 2325 [Note] Access denied for user 'root'@'localhost' (using password: NO)
2026-09-28T17:48:37.723154Z 2326 [Note] Access denied for user 'root'@'localhost' (using password: NO)
2026-09-28T17:48:48.713259Z 2327 [Note] Access denied for user 'root'@'localhost' (using password: NO)
2026-09-28T17:48:59.967162Z 2328 [Note] Access denied for user 'root'@'localhost' (using password: NO)
2026-09-28T17:49:10.724713Z 2329 [Note] Access denied for user 'root'@'localhost' (using password: NO)
2026-09-28T17:49:21.713373Z 2330 [Note] Access denied for user 'root'@'localhost' (using password: NO)
2026-09-28T17:49:32.715933Z 2331 [Note] Access denied for user 'root'@'localhost' (using password: NO)
2026-09-28T17:49:43.713606Z 2332 [Note] Access denied for user 'root'@'localhost' (using password: NO)
2026-09-28T17:49:54.718643Z 2333 [Note] Access denied for user 'root'@'localhost' (using password: NO)
2026-09-28T17:50:05.723469Z 2334 [Note] Access denied for user 'root'@'localhost' (using password: NO)
2026-09-28T17:50:16.720931Z 2335 [Note] Access denied for user 'root'@'localhost' (using password: NO)
2026-09-28T17:50:27.723531Z 2336 [Note] Access denied for user 'root'@'localhost' (using password: NO)
2026-09-28T17:50:38.737222Z 2337 [Note] Access denied for user 'root'@'localhost' (using password: NO)
2026-09-28T17:50:49.739664Z 2338 [Note] Access denied for user 'root'@'localhost' (using password: NO)
2026-09-28T17:51:00.711258Z 2339 [Note] Access denied for user 'root'@'localhost' (using password: NO)
2026-09-28T17:51:11.731659Z 2340 [Note] Access denied for user 'root'@'localhost' (using password: NO)
2026-09-28T17:51:22.712640Z 2341 [Note] Access denied for user 'root'@'localhost' (using password: NO)
2026-09-28T17:51:33.724056Z 2342 [Note] Access denied for user 'root'@'localhost' (using password: NO)
2026-09-28T17:51:44.726806Z 2343 [Note] Access denied for user 'root'@'localhost' (using password: NO)
2026-09-28T17:51:55.715319Z 2344 [Note] Access denied for user 'root'@'localhost' (using password: NO)
2026-09-28T17:52:06.732101Z 2345 [Note] Access denied for user 'root'@'localhost' (using password: NO)
2026-09-28T17:52:17.730347Z 2346 [Note] Access denied for user 'root'@'localhost' (using password: NO)
2026-09-28T17:52:28.714139Z 2347 [Note] Access denied for user 'root'@'localhost' (using password: NO)
2026-09-28T17:52:39.727054Z 2348 [Note] Access denied for user 'root'@'localhost' (using password: NO)
2026-09-28T17:52:50.723180Z 2349 [Note] Access denied for user 'root'@'localhost' (using password: NO)
2026-09-28T17:53:01.719575Z 2350 [Note] Access denied for user 'root'@'localhost' (using password: NO)
2026-09-28T17:53:12.718929Z 2351 [Note] Access denied for user 'root'@'localhost' (using password: NO)
2026-09-28T17:53:23.726192Z 2352 [Note] Access denied for user 'root'@'localhost' (using password: NO)
2026-09-28T17:53:34.726461Z 2353 [Note] Access denied for user 'root'@'localhost' (using password: NO)
2026-09-28T17:53:45.719186Z 2354 [Note] Access denied for user 'root'@'localhost' (using password: NO)
2026-09-28T17:53:56.727617Z 2355 [Note] Access denied for user 'root'@'localhost' (using password: NO)
2026-09-28T17:54:07.722258Z 2356 [Note] Access denied for user 'root'@'localhost' (using password: NO)
2026-09-28T17:54:18.717032Z 2357 [Note] Access denied for user 'root'@'localhost' (using password: NO)
2026-09-28T17:54:29.726036Z 2358 [Note] Access denied for user 'root'@'localhost' (using password: NO)
2026-09-28T17:54:40.724394Z 2359 [Note] Access denied for user 'root'@'localhost' (using password: NO)
2026-09-28T17:54:51.725076Z 2360 [Note] Access denied for user 'root'@'localhost' (using password: NO)
2026-09-28T17:55:02.729879Z 2361 [Note] Access denied for user 'root'@'localhost' (using password: NO)
2026-09-28T17:55:13.714851Z 2362 [Note] Access denied for user 'root'@'localhost' (using password: NO)
2026-09-28T17:55:24.730551Z 2363 [Note] Access denied for user 'root'@'localhost' (using password: NO)
2026-09-28T17:55:35.712009Z 2364 [Note] Access denied for user 'root'@'localhost' (using password: NO)
2026-09-28T17:55:46.722967Z 2365 [Note] Access denied for user 'root'@'localhost' (using password: NO)
2026-09-28T17:55:57.725809Z 2366 [Note] Access denied for user 'root'@'localhost' (using password: NO)
2026-09-28T17:56:08.737649Z 2367 [Note] Access denied for user 'root'@'localhost' (using password: NO)
2026-09-28T17:56:19.724609Z 2368 [Note] Access denied for user 'root'@'localhost' (using password: NO)
2026-09-28T17:56:30.741739Z 2369 [Note] Access denied for user 'root'@'localhost' (using password: NO)
2026-09-28T17:56:41.750074Z 2370 [Note] Access denied for user 'root'@'localhost' (using password: NO)
2026-09-28T17:56:52.722969Z 2371 [Note] Access denied for user 'root'@'localhost' (using password: NO)
2026-09-28T17:57:03.714058Z 2372 [Note] Access denied for user 'root'@'localhost' (using password: NO)
2026-09-28T17:57:14.729100Z 2373 [Note] Access denied for user 'root'@'localhost' (using password: NO)
2026-09-28T17:57:25.722804Z 2374 [Note] Access denied for user 'root'@'localhost' (using password: NO)
2026-09-28T17:57:36.712494Z 2375 [Note] Access denied for user 'root'@'localhost' (using password: NO)
2026-09-28T17:57:47.730434Z 2376 [Note] Access denied for user 'root'@'localhost' (using password: NO)
2026-09-28T17:57:57.881447Z 2377 [Note] Access denied for user 'root'@'localhost' (using password: NO)
2026-09-28T17:58:08.715764Z 2378 [Note] Access denied for user 'root'@'localhost' (using password: NO)
2026-09-28T17:58:19.715041Z 2379 [Note] Access denied for user 'root'@'localhost' (using password: NO)
2026-09-28T17:58:30.727353Z 2380 [Note] Access denied for user 'root'@'localhost' (using password: NO)
2026-09-28T17:58:41.718080Z 2381 [Note] Access denied for user 'root'@'localhost' (using password: NO)
2026-09-28T17:58:52.716243Z 2382 [Note] Access denied for user 'root'@'localhost' (using password: NO)
2026-09-28T17:59:03.727417Z 2383 [Note] Access denied for user 'root'@'localhost' (using password: NO)
2026-09-28T17:59:14.734804Z 2384 [Note] Access denied for user 'root'@'localhost' (using password: NO)
2026-09-28T17:59:25.719918Z 2385 [Note] Access denied for user 'root'@'localhost' (using password: NO)
2026-09-28T17:59:36.725719Z 2386 [Note] Access denied for user 'root'@'localhost' (using password: NO)
2026-09-28T17:59:47.740985Z 2387 [Note] Access denied for user 'root'@'localhost' (using password: NO)
2026-09-28T17:59:58.722975Z 2388 [Note] Access denied for user 'root'@'localhost' (using password: NO)
2026-09-28T18:00:09.926777Z 2389 [Note] Access denied for user 'root'@'localhost' (using password: NO)
2026-09-28T18:00:20.722091Z 2390 [Note] Access denied for user 'root'@'localhost' (using password: NO)
2026-09-28T18:00:31.720157Z 2391 [Note] Access denied for user 'root'@'localhost' (using password: NO)
2026-09-28T18:00:42.718912Z 2392 [Note] Access denied for user 'root'@'localhost' (using password: NO)
2026-09-28T18:00:53.724538Z 2393 [Note] Access denied for user 'root'@'localhost' (using password: NO)
2026-09-28T18:01:04.721709Z 2394 [Note] Access denied for user 'root'@'localhost' (using password: NO)
2026-09-28T18:01:15.721604Z 2395 [Note] Access denied for user 'root'@'localhost' (using password: NO)
2026-09-28T18:01:26.723594Z 2396 [Note] Access denied for user 'root'@'localhost' (using password: NO)
2026-09-28T18:01:37.717820Z 2397 [Note] Access denied for user 'root'@'localhost' (using password: NO)
2026-09-28T18:01:48.724562Z 2398 [Note] Access denied for user 'root'@'localhost' (using password: NO)
2026-09-28T18:01:59.721358Z 2399 [Note] Access denied for user 'root'@'localhost' (using password: NO)
2026-09-28T18:02:10.711689Z 2400 [Note] Access denied for user 'root'@'localhost' (using password: NO)
2026-09-28T18:02:21.715942Z 2401 [Note] Access denied for user 'root'@'localhost' (using password: NO)
2026-09-28T18:02:32.715520Z 2402 [Note] Access denied for user 'root'@'localhost' (using password: NO)
2026-09-28T18:02:43.721572Z 2403 [Note] Access denied for user 'root'@'localhost' (using password: NO)
2026-09-28T18:02:54.737602Z 2404 [Note] Access denied for user 'root'@'localhost' (using password: NO)
2026-09-28T18:03:05.742253Z 2405 [Note] Access denied for user 'root'@'localhost' (using password: NO)
2026-09-28T18:03:16.717497Z 2406 [Note] Access denied for user 'root'@'localhost' (using password: NO)
2026-09-28T18:03:27.728605Z 2407 [Note] Access denied for user 'root'@'localhost' (using password: NO)
2026-09-28T18:03:38.725264Z 2408 [Note] Access denied for user 'root'@'localhost' (using password: NO)
2026-09-28T18:03:49.735433Z 2409 [Note] Access denied for user 'root'@'localhost' (using password: NO)
2026-09-28T18:04:00.736971Z 2410 [Note] Access denied for user 'root'@'localhost' (using password: NO)
2026-09-28T18:04:11.727574Z 2411 [Note] Access denied for user 'root'@'localhost' (using password: NO)
2026-09-28T18:04:22.717608Z 2412 [Note] Access denied for user 'root'@'localhost' (using password: NO)
2026-09-28T18:04:33.713869Z 2413 [Note] Access denied for user 'root'@'localhost' (using password: NO)
2026-09-28T18:04:44.724684Z 2414 [Note] Access denied for user 'root'@'localhost' (using password: NO)
2026-09-28T18:04:55.735534Z 2415 [Note] Access denied for user 'root'@'localhost' (using password: NO)
2026-09-28T18:05:06.807443Z 2416 [Note] Access denied for user 'root'@'localhost' (using password: NO)
2026-09-28T18:05:17.718567Z 2417 [Note] Access denied for user 'root'@'localhost' (using password: NO)
2026-09-28T18:05:28.721164Z 2418 [Note] Access denied for user 'root'@'localhost' (using password: NO)
2026-09-28T18:05:39.724330Z 2419 [Note] Access denied for user 'root'@'localhost' (using password: NO)
2026-09-28T18:05:50.723663Z 2420 [Note] Access denied for user 'root'@'localhost' (using password: NO)
2026-09-28T18:06:01.714205Z 2421 [Note] Access denied for user 'root'@'localhost' (using password: NO)
2026-09-28T18:06:12.736025Z 2422 [Note] Access denied for user 'root'@'localhost' (using password: NO)
2026-09-28T18:06:23.720413Z 2423 [Note] Access denied for user 'root'@'localhost' (using password: NO)
2026-09-28T18:06:34.718905Z 2424 [Note] Access denied for user 'root'@'localhost' (using password: NO)
2026-09-28T18:06:45.735034Z 2425 [Note] Access denied for user 'root'@'localhost' (using password: NO)
2026-09-28T18:06:56.730859Z 2426 [Note] Access denied for user 'root'@'localhost' (using password: NO)
2026-09-28T18:07:07.730846Z 2427 [Note] Access denied for user 'root'@'localhost' (using password: NO)
2026-09-28T18:07:18.716112Z 2428 [Note] Access denied for user 'root'@'localhost' (using password: NO)
2026-09-28T18:07:29.714045Z 2429 [Note] Access denied for user 'root'@'localhost' (using password: NO)
2026-09-28T18:07:40.729453Z 2430 [Note] Access denied for user 'root'@'localhost' (using password: NO)
2026-09-28T18:07:51.724657Z 2431 [Note] Access denied for user 'root'@'localhost' (using password: NO)
2026-09-28T18:08:02.711667Z 2432 [Note] Access denied for user 'root'@'localhost' (using password: NO)
2026-09-28T18:08:13.726481Z 2433 [Note] Access denied for user 'root'@'localhost' (using password: NO)
2026-09-28T18:08:24.726122Z 2434 [Note] Access denied for user 'root'@'localhost' (using password: NO)
2026-09-28T18:08:35.745750Z 2435 [Note] Access denied for user 'root'@'localhost' (using password: NO)
2026-09-28T18:08:46.743461Z 2436 [Note] Access denied for user 'root'@'localhost' (using password: NO)
2026-09-28T18:08:57.715603Z 2437 [Note] Access denied for user 'root'@'localhost' (using password: NO)
2026-09-28T18:09:08.711154Z 2438 [Note] Access denied for user 'root'@'localhost' (using password: NO)
2026-09-28T18:09:19.736506Z 2439 [Note] Access denied for user 'root'@'localhost' (using password: NO)
2026-09-28T18:09:30.738148Z 2440 [Note] Access denied for user 'root'@'localhost' (using password: NO)
2026-09-28T18:09:41.723647Z 2441 [Note] Access denied for user 'root'@'localhost' (using password: NO)
2026-09-28T18:09:52.718643Z 2442 [Note] Access denied for user 'root'@'localhost' (using password: NO)
2026-09-28T18:10:03.716623Z 2443 [Note] Access denied for user 'root'@'localhost' (using password: NO)
2026-09-28T18:10:14.719426Z 2444 [Note] Access denied for user 'root'@'localhost' (using password: NO)
2026-09-28T18:10:25.715842Z 2445 [Note] Access denied for user 'root'@'localhost' (using password: NO)
2026-09-28T18:10:36.737940Z 2446 [Note] Access denied for user 'root'@'localhost' (using password: NO)
2026-09-28T18:10:47.716879Z 2447 [Note] Access denied for user 'root'@'localhost' (using password: NO)
2026-09-28T18:10:58.717780Z 2448 [Note] Access denied for user 'root'@'localhost' (using password: NO)
2026-09-28T18:11:09.730881Z 2449 [Note] Access denied for user 'root'@'localhost' (using password: NO)
2026-09-28T18:11:20.721717Z 2450 [Note] Access denied for user 'root'@'localhost' (using password: NO)
2026-09-28T18:11:31.721232Z 2451 [Note] Access denied for user 'root'@'localhost' (using password: NO)
2026-09-28T18:11:42.725903Z 2452 [Note] Access denied for user 'root'@'localhost' (using password: NO)
2026-09-28T18:11:53.732095Z 2453 [Note] Access denied for user 'root'@'localhost' (using password: NO)
2026-09-28T18:12:04.718466Z 2454 [Note] Access denied for user 'root'@'localhost' (using password: NO)
2026-09-28T18:12:15.713864Z 2455 [Note] Access denied for user 'root'@'localhost' (using password: NO)
2026-09-28T18:12:26.727467Z 2456 [Note] Access denied for user 'root'@'localhost' (using password: NO)
2026-09-28T18:12:37.721953Z 2457 [Note] Access denied for user 'root'@'localhost' (using password: NO)
2026-09-28T18:12:48.720479Z 2458 [Note] Access denied for user 'root'@'localhost' (using password: NO)
2026-09-28T18:12:59.716865Z 2459 [Note] Access denied for user 'root'@'localhost' (using password: NO)
2026-09-28T18:13:10.719107Z 2460 [Note] Access denied for user 'root'@'localhost' (using password: NO)
2026-09-28T18:13:21.721384Z 2461 [Note] Access denied for user 'root'@'localhost' (using password: NO)
2026-09-28T18:13:32.728490Z 2462 [Note] Access denied for user 'root'@'localhost' (using password: NO)
2026-09-28T18:13:43.714141Z 2463 [Note] Access denied for user 'root'@'localhost' (using password: NO)
2026-09-28T18:13:54.716800Z 2464 [Note] Access denied for user 'root'@'localhost' (using password: NO)
2026-09-28T18:14:05.720543Z 2465 [Note] Access denied for user 'root'@'localhost' (using password: NO)
2026-09-28T18:14:16.730745Z 2466 [Note] Access denied for user 'root'@'localhost' (using password: NO)
2026-09-28T18:14:27.722668Z 2467 [Note] Access denied for user 'root'@'localhost' (using password: NO)
2026-09-28T18:14:38.722362Z 2468 [Note] Access denied for user 'root'@'localhost' (using password: NO)
2026-09-28T18:14:49.717324Z 2469 [Note] Access denied for user 'root'@'localhost' (using password: NO)
2026-09-28T18:15:00.727391Z 2470 [Note] Access denied for user 'root'@'localhost' (using password: NO)
2026-09-28T18:15:11.776056Z 2471 [Note] Access denied for user 'root'@'localhost' (using password: NO)
2026-09-28T18:15:22.816469Z 2472 [Note] Access denied for user 'root'@'localhost' (using password: NO)
2026-09-28T18:15:33.718247Z 2473 [Note] Access denied for user 'root'@'localhost' (using password: NO)
2026-09-28T18:15:44.726491Z 2474 [Note] Access denied for user 'root'@'localhost' (using password: NO)
2026-09-28T18:15:55.723759Z 2475 [Note] Access denied for user 'root'@'localhost' (using password: NO)
2026-09-28T18:16:06.735431Z 2476 [Note] Access denied for user 'root'@'localhost' (using password: NO)
2026-09-28T18:16:17.736248Z 2477 [Note] Access denied for user 'root'@'localhost' (using password: NO)
2026-09-28T18:16:28.724680Z 2478 [Note] Access denied for user 'root'@'localhost' (using password: NO)
2026-09-28T18:16:39.719043Z 2479 [Note] Access denied for user 'root'@'localhost' (using password: NO)
2026-09-28T18:16:50.755273Z 2480 [Note] Access denied for user 'root'@'localhost' (using password: NO)
2026-09-28T18:17:01.735846Z 2481 [Note] Access denied for user 'root'@'localhost' (using password: NO)
2026-09-28T18:17:12.717469Z 2482 [Note] Access denied for user 'root'@'localhost' (using password: NO)
2026-09-28T18:17:23.724552Z 2483 [Note] Access denied for user 'root'@'localhost' (using password: NO)
2026-09-28T18:17:34.715824Z 2484 [Note] Access denied for user 'root'@'localhost' (using password: NO)
2026-09-28T18:17:45.735137Z 2485 [Note] Access denied for user 'root'@'localhost' (using password: NO)
2026-09-28T18:17:56.729059Z 2486 [Note] Access denied for user 'root'@'localhost' (using password: NO)
2026-09-28T18:18:07.714943Z 2487 [Note] Access denied for user 'root'@'localhost' (using password: NO)
2026-09-28T18:18:18.720299Z 2488 [Note] Access denied for user 'root'@'localhost' (using password: NO)
2026-09-28T18:18:29.721967Z 2489 [Note] Access denied for user 'root'@'localhost' (using password: NO)
2026-09-28T18:18:40.723100Z 2490 [Note] Access denied for user 'root'@'localhost' (using password: NO)
2026-09-28T18:18:51.724932Z 2491 [Note] Access denied for user 'root'@'localhost' (using password: NO)
2026-09-28T18:19:02.733801Z 2492 [Note] Access denied for user 'root'@'localhost' (using password: NO)
2026-09-28T18:19:13.720237Z 2493 [Note] Access denied for user 'root'@'localhost' (using password: NO)
2026-09-28T18:19:24.717273Z 2494 [Note] Access denied for user 'root'@'localhost' (using password: NO)
2026-09-28T18:19:35.724590Z 2495 [Note] Access denied for user 'root'@'localhost' (using password: NO)
2026-09-28T18:19:46.729579Z 2496 [Note] Access denied for user 'root'@'localhost' (using password: NO)
2026-09-28T18:19:57.726600Z 2497 [Note] Access denied for user 'root'@'localhost' (using password: NO)
2026-09-28T18:20:08.720677Z 2498 [Note] Access denied for user 'root'@'localhost' (using password: NO)
2026-09-28T18:20:19.730822Z 2499 [Note] Access denied for user 'root'@'localhost' (using password: NO)
2026-09-28T18:20:30.732925Z 2500 [Note] Access denied for user 'root'@'localhost' (using password: NO)
2026-09-28T18:20:41.732112Z 2501 [Note] Access denied for user 'root'@'localhost' (using password: NO)
2026-09-28T18:20:52.713701Z 2502 [Note] Access denied for user 'root'@'localhost' (using password: NO)
2026-09-28T18:21:03.708732Z 2503 [Note] Access denied for user 'root'@'localhost' (using password: NO)
2026-09-28T18:21:14.751363Z 2504 [Note] Access denied for user 'root'@'localhost' (using password: NO)
2026-09-28T18:21:25.729400Z 2505 [Note] Access denied for user 'root'@'localhost' (using password: NO)
2026-09-28T18:21:36.740102Z 2506 [Note] Access denied for user 'root'@'localhost' (using password: NO)
2026-09-28T18:21:47.716840Z 2507 [Note] Access denied for user 'root'@'localhost' (using password: NO)
2026-09-28T18:21:58.120859Z 2508 [Note] Access denied for user 'root'@'localhost' (using password: NO)
2026-09-28T18:22:08.719849Z 2509 [Note] Access denied for user 'root'@'localhost' (using password: NO)
2026-09-28T18:22:19.717734Z 2510 [Note] Access denied for user 'root'@'localhost' (using password: NO)
2026-09-28T18:22:30.716774Z 2511 [Note] Access denied for user 'root'@'localhost' (using password: NO)
2026-09-28T18:22:41.727189Z 2512 [Note] Access denied for user 'root'@'localhost' (using password: NO)
2026-09-28T18:22:52.715167Z 2513 [Note] Access denied for user 'root'@'localhost' (using password: NO)
2026-09-28T18:23:03.730326Z 2514 [Note] Access denied for user 'root'@'localhost' (using password: NO)
2026-09-28T18:23:14.722534Z 2515 [Note] Access denied for user 'root'@'localhost' (using password: NO)
2026-09-28T18:23:25.717793Z 2516 [Note] Access denied for user 'root'@'localhost' (using password: NO)
2026-09-28T18:23:36.729442Z 2517 [Note] Access denied for user 'root'@'localhost' (using password: NO)
2026-09-28T18:23:47.731848Z 2518 [Note] Access denied for user 'root'@'localhost' (using password: NO)
2026-09-28T18:23:58.723870Z 2519 [Note] Access denied for user 'root'@'localhost' (using password: NO)
2026-09-28T18:24:09.729355Z 2520 [Note] Access denied for user 'root'@'localhost' (using password: NO)
2026-09-28T18:24:20.720280Z 2521 [Note] Access denied for user 'root'@'localhost' (using password: NO)
2026-09-28T18:24:31.718658Z 2522 [Note] Access denied for user 'root'@'localhost' (using password: NO)
2026-09-28T18:24:42.738585Z 2523 [Note] Access denied for user 'root'@'localhost' (using password: NO)
2026-09-28T18:24:53.713393Z 2524 [Note] Access denied for user 'root'@'localhost' (using password: NO)
2026-09-28T18:25:04.717882Z 2525 [Note] Access denied for user 'root'@'localhost' (using password: NO)
2026-09-28T18:25:15.725970Z 2526 [Note] Access denied for user 'root'@'localhost' (using password: NO)
2026-09-28T18:25:26.717970Z 2527 [Note] Access denied for user 'root'@'localhost' (using password: NO)
2026-09-28T18:25:37.738643Z 2528 [Note] Access denied for user 'root'@'localhost' (using password: NO)
2026-09-28T18:25:48.714293Z 2529 [Note] Access denied for user 'root'@'localhost' (using password: NO)
2026-09-28T18:25:59.727769Z 2530 [Note] Access denied for user 'root'@'localhost' (using password: NO)
2026-09-28T18:26:10.713989Z 2531 [Note] Access denied for user 'root'@'localhost' (using password: NO)
2026-09-28T18:26:21.745700Z 2532 [Note] Access denied for user 'root'@'localhost' (using password: NO)
2026-09-28T18:26:32.718862Z 2533 [Note] Access denied for user 'root'@'localhost' (using password: NO)
2026-09-28T18:26:43.718722Z 2534 [Note] Access denied for user 'root'@'localhost' (using password: NO)
2026-09-28T18:26:54.725473Z 2535 [Note] Access denied for user 'root'@'localhost' (using password: NO)
2026-09-28T18:27:05.714664Z 2536 [Note] Access denied for user 'root'@'localhost' (using password: NO)
2026-09-28T18:27:16.722380Z 2537 [Note] Access denied for user 'root'@'localhost' (using password: NO)
2026-09-28T18:27:27.728241Z 2538 [Note] Access denied for user 'root'@'localhost' (using password: NO)
2026-09-28T18:27:38.714234Z 2539 [Note] Access denied for user 'root'@'localhost' (using password: NO)
2026-09-28T18:27:49.722611Z 2540 [Note] Access denied for user 'root'@'localhost' (using password: NO)
2026-09-28T18:28:00.722139Z 2541 [Note] Access denied for user 'root'@'localhost' (using password: NO)
2026-09-28T18:28:11.766416Z 2542 [Note] Access denied for user 'root'@'localhost' (using password: NO)
2026-09-28T18:28:22.729277Z 2543 [Note] Access denied for user 'root'@'localhost' (using password: NO)
2026-09-28T18:28:33.716915Z 2544 [Note] Access denied for user 'root'@'localhost' (using password: NO)
2026-09-28T18:28:44.731353Z 2545 [Note] Access denied for user 'root'@'localhost' (using password: NO)
2026-09-28T18:28:55.741196Z 2546 [Note] Access denied for user 'root'@'localhost' (using password: NO)
2026-09-28T18:29:06.715328Z 2547 [Note] Access denied for user 'root'@'localhost' (using password: NO)
2026-09-28T18:29:17.720908Z 2548 [Note] Access denied for user 'root'@'localhost' (using password: NO)
2026-09-28T18:29:28.717146Z 2549 [Note] Access denied for user 'root'@'localhost' (using password: NO)
2026-09-28T18:29:39.716431Z 2550 [Note] Access denied for user 'root'@'localhost' (using password: NO)
2026-09-28T18:29:50.730736Z 2551 [Note] Access denied for user 'root'@'localhost' (using password: NO)
2026-09-28T18:30:01.714516Z 2552 [Note] Access denied for user 'root'@'localhost' (using password: NO)
2026-09-28T18:30:12.742577Z 2553 [Note] Access denied for user 'root'@'localhost' (using password: NO)
2026-09-28T18:30:23.769344Z 2554 [Note] Access denied for user 'root'@'localhost' (using password: NO)
2026-09-28T18:30:34.735569Z 2555 [Note] Access denied for user 'root'@'localhost' (using password: NO)
2026-09-28T18:30:45.716578Z 2556 [Note] Access denied for user 'root'@'localhost' (using password: NO)
2026-09-28T18:30:56.718549Z 2557 [Note] Access denied for user 'root'@'localhost' (using password: NO)
2026-09-28T18:31:07.741402Z 2558 [Note] Access denied for user 'root'@'localhost' (using password: NO)
2026-09-28T18:31:18.727305Z 2559 [Note] Access denied for user 'root'@'localhost' (using password: NO)
2026-09-28T18:31:29.740532Z 2560 [Note] Access denied for user 'root'@'localhost' (using password: NO)
2026-09-28T18:31:40.712356Z 2561 [Note] Access denied for user 'root'@'localhost' (using password: NO)
2026-09-28T18:31:51.720448Z 2562 [Note] Access denied for user 'root'@'localhost' (using password: NO)
2026-09-28T18:32:02.722034Z 2563 [Note] Access denied for user 'root'@'localhost' (using password: NO)
2026-09-28T18:32:13.716987Z 2564 [Note] Access denied for user 'root'@'localhost' (using password: NO)
2026-09-28T18:32:24.722880Z 2565 [Note] Access denied for user 'root'@'localhost' (using password: NO)
2026-09-28T18:32:35.711000Z 2566 [Note] Access denied for user 'root'@'localhost' (using password: NO)
2026-09-28T18:32:46.713426Z 2567 [Note] Access denied for user 'root'@'localhost' (using password: NO)
2026-09-28T18:32:57.732709Z 2568 [Note] Access denied for user 'root'@'localhost' (using password: NO)
2026-09-28T18:33:08.721935Z 2569 [Note] Access denied for user 'root'@'localhost' (using password: NO)
2026-09-28T18:33:19.712116Z 2570 [Note] Access denied for user 'root'@'localhost' (using password: NO)
2026-09-28T18:33:30.715507Z 2571 [Note] Access denied for user 'root'@'localhost' (using password: NO)
2026-09-28T18:33:41.737570Z 2572 [Note] Access denied for user 'root'@'localhost' (using password: NO)
2026-09-28T18:33:52.737834Z 2573 [Note] Access denied for user 'root'@'localhost' (using password: NO)
2026-09-28T18:34:03.722840Z 2574 [Note] Access denied for user 'root'@'localhost' (using password: NO)
2026-09-28T18:34:14.722980Z 2575 [Note] Access denied for user 'root'@'localhost' (using password: NO)
2026-09-28T18:34:25.729319Z 2576 [Note] Access denied for user 'root'@'localhost' (using password: NO)
2026-09-28T18:34:36.726293Z 2577 [Note] Access denied for user 'root'@'localhost' (using password: NO)
2026-09-28T18:34:47.727595Z 2578 [Note] Access denied for user 'root'@'localhost' (using password: NO)
2026-09-28T18:34:58.727691Z 2579 [Note] Access denied for user 'root'@'localhost' (using password: NO)
2026-09-28T18:35:09.715458Z 2580 [Note] Access denied for user 'root'@'localhost' (using password: NO)
2026-09-28T18:35:20.719380Z 2581 [Note] Access denied for user 'root'@'localhost' (using password: NO)
2026-09-28T18:35:31.730389Z 2582 [Note] Access denied for user 'root'@'localhost' (using password: NO)
2026-09-28T18:35:42.749377Z 2583 [Note] Access denied for user 'root'@'localhost' (using password: NO)
2026-09-28T18:35:53.720615Z 2584 [Note] Access denied for user 'root'@'localhost' (using password: NO)
2026-09-28T18:36:04.719353Z 2585 [Note] Access denied for user 'root'@'localhost' (using password: NO)
2026-09-28T18:36:15.716287Z 2586 [Note] Access denied for user 'root'@'localhost' (using password: NO)
2026-09-28T18:36:26.717722Z 2587 [Note] Access denied for user 'root'@'localhost' (using password: NO)
2026-09-28T18:36:37.729531Z 2588 [Note] Access denied for user 'root'@'localhost' (using password: NO)
2026-09-28T18:36:48.729706Z 2589 [Note] Access denied for user 'root'@'localhost' (using password: NO)
2026-09-28T18:36:59.719398Z 2590 [Note] Access denied for user 'root'@'localhost' (using password: NO)
2026-09-28T18:37:10.717799Z 2591 [Note] Access denied for user 'root'@'localhost' (using password: NO)
2026-09-28T18:37:21.712999Z 2592 [Note] Access denied for user 'root'@'localhost' (using password: NO)
2026-09-28T18:37:32.735075Z 2593 [Note] Access denied for user 'root'@'localhost' (using password: NO)
2026-09-28T18:37:43.720537Z 2594 [Note] Access denied for user 'root'@'localhost' (using password: NO)
2026-09-28T18:37:54.717599Z 2595 [Note] Access denied for user 'root'@'localhost' (using password: NO)
2026-09-28T18:38:05.720668Z 2596 [Note] Access denied for user 'root'@'localhost' (using password: NO)
2026-09-28T18:38:16.740458Z 2597 [Note] Access denied for user 'root'@'localhost' (using password: NO)
2026-09-28T18:38:27.754499Z 2598 [Note] Access denied for user 'root'@'localhost' (using password: NO)
2026-09-28T18:38:38.722179Z 2599 [Note] Access denied for user 'root'@'localhost' (using password: NO)
2026-09-28T18:38:49.721826Z 2600 [Note] Access denied for user 'root'@'localhost' (using password: NO)
2026-09-28T18:39:00.712907Z 2601 [Note] Access denied for user 'root'@'localhost' (using password: NO)
2026-09-28T18:39:11.730762Z 2602 [Note] Access denied for user 'root'@'localhost' (using password: NO)
2026-09-28T18:39:22.720395Z 2603 [Note] Access denied for user 'root'@'localhost' (using password: NO)
2026-09-28T18:39:33.721959Z 2604 [Note] Access denied for user 'root'@'localhost' (using password: NO)
2026-09-28T18:39:44.719489Z 2605 [Note] Access denied for user 'root'@'localhost' (using password: NO)
2026-09-28T18:39:55.721180Z 2606 [Note] Access denied for user 'root'@'localhost' (using password: NO)
2026-09-28T18:40:06.740326Z 2607 [Note] Access denied for user 'root'@'localhost' (using password: NO)
2026-09-28T18:40:17.703656Z 2608 [Note] Access denied for user 'root'@'localhost' (using password: NO)
2026-09-28T18:40:28.720510Z 2609 [Note] Access denied for user 'root'@'localhost' (using password: NO)
2026-09-28T18:40:39.721703Z 2610 [Note] Access denied for user 'root'@'localhost' (using password: NO)
2026-09-28T18:40:50.724452Z 2611 [Note] Access denied for user 'root'@'localhost' (using password: NO)
2026-09-28T18:41:01.714029Z 2612 [Note] Access denied for user 'root'@'localhost' (using password: NO)
2026-09-28T18:41:12.717401Z 2613 [Note] Access denied for user 'root'@'localhost' (using password: NO)
2026-09-28T18:41:23.715394Z 2614 [Note] Access denied for user 'root'@'localhost' (using password: NO)
2026-09-28T18:41:34.717861Z 2615 [Note] Access denied for user 'root'@'localhost' (using password: NO)
2026-09-28T18:41:45.727647Z 2616 [Note] Access denied for user 'root'@'localhost' (using password: NO)
2026-09-28T18:41:56.717865Z 2617 [Note] Access denied for user 'root'@'localhost' (using password: NO)
2026-09-28T18:42:07.707151Z 2618 [Note] Access denied for user 'root'@'localhost' (using password: NO)
2026-09-28T18:42:18.721432Z 2619 [Note] Access denied for user 'root'@'localhost' (using password: NO)
2026-09-28T18:42:29.722397Z 2620 [Note] Access denied for user 'root'@'localhost' (using password: NO)
2026-09-28T18:42:40.714432Z 2621 [Note] Access denied for user 'root'@'localhost' (using password: NO)
2026-09-28T18:42:51.724333Z 2622 [Note] Access denied for user 'root'@'localhost' (using password: NO)
2026-09-28T18:43:02.736779Z 2623 [Note] Access denied for user 'root'@'localhost' (using password: NO)
2026-09-28T18:43:13.730131Z 2624 [Note] Access denied for user 'root'@'localhost' (using password: NO)
2026-09-28T18:43:24.712592Z 2625 [Note] Access denied for user 'root'@'localhost' (using password: NO)
2026-09-28T18:43:35.724105Z 2626 [Note] Access denied for user 'root'@'localhost' (using password: NO)
2026-09-28T18:43:46.712839Z 2627 [Note] Access denied for user 'root'@'localhost' (using password: NO)
2026-09-28T18:43:57.718953Z 2628 [Note] Access denied for user 'root'@'localhost' (using password: NO)
2026-09-28T18:44:08.724921Z 2629 [Note] Access denied for user 'root'@'localhost' (using password: NO)
2026-09-28T18:44:19.709720Z 2630 [Note] Access denied for user 'root'@'localhost' (using password: NO)
2026-09-28T18:44:30.718711Z 2631 [Note] Access denied for user 'root'@'localhost' (using password: NO)
2026-09-28T18:44:41.721296Z 2632 [Note] Access denied for user 'root'@'localhost' (using password: NO)
2026-09-28T18:44:52.728065Z 2633 [Note] Access denied for user 'root'@'localhost' (using password: NO)
2026-09-28T18:45:03.717423Z 2634 [Note] Access denied for user 'root'@'localhost' (using password: NO)
2026-09-28T18:45:14.720869Z 2635 [Note] Access denied for user 'root'@'localhost' (using password: NO)
2026-09-28T18:45:25.722850Z 2636 [Note] Access denied for user 'root'@'localhost' (using password: NO)
2026-09-28T18:45:36.732032Z 2637 [Note] Access denied for user 'root'@'localhost' (using password: NO)
2026-09-28T18:45:47.721039Z 2638 [Note] Access denied for user 'root'@'localhost' (using password: NO)
2026-09-28T18:45:58.729779Z 2639 [Note] Access denied for user 'root'@'localhost' (using password: NO)
2026-09-28T18:46:09.722939Z 2640 [Note] Access denied for user 'root'@'localhost' (using password: NO)
2026-09-28T18:46:20.734954Z 2641 [Note] Access denied for user 'root'@'localhost' (using password: NO)
2026-09-28T18:46:31.723715Z 2642 [Note] Access denied for user 'root'@'localhost' (using password: NO)
2026-09-28T18:46:42.729653Z 2643 [Note] Access denied for user 'root'@'localhost' (using password: NO)
2026-09-28T18:46:53.737508Z 2644 [Note] Access denied for user 'root'@'localhost' (using password: NO)
2026-09-28T18:47:04.721808Z 2645 [Note] Access denied for user 'root'@'localhost' (using password: NO)
2026-09-28T18:47:15.712674Z 2646 [Note] Access denied for user 'root'@'localhost' (using password: NO)
2026-09-28T18:47:26.723751Z 2647 [Note] Access denied for user 'root'@'localhost' (using password: NO)
2026-09-28T18:47:37.724626Z 2648 [Note] Access denied for user 'root'@'localhost' (using password: NO)
2026-09-28T18:47:48.726766Z 2649 [Note] Access denied for user 'root'@'localhost' (using password: NO)
2026-09-28T18:47:59.721773Z 2650 [Note] Access denied for user 'root'@'localhost' (using password: NO)
2026-09-28T18:48:10.721308Z 2651 [Note] Access denied for user 'root'@'localhost' (using password: NO)
2026-09-28T18:48:21.723266Z 2652 [Note] Access denied for user 'root'@'localhost' (using password: NO)
2026-09-28T18:48:32.718695Z 2653 [Note] Access denied for user 'root'@'localhost' (using password: NO)
2026-09-28T18:48:43.730122Z 2654 [Note] Access denied for user 'root'@'localhost' (using password: NO)
2026-09-28T18:48:54.743479Z 2655 [Note] Access denied for user 'root'@'localhost' (using password: NO)
2026-09-28T18:49:05.717378Z 2656 [Note] Access denied for user 'root'@'localhost' (using password: NO)
2026-09-28T18:49:16.722225Z 2657 [Note] Access denied for user 'root'@'localhost' (using password: NO)
2026-09-28T18:49:27.718615Z 2658 [Note] Access denied for user 'root'@'localhost' (using password: NO)
2026-09-28T18:49:38.733126Z 2659 [Note] Access denied for user 'root'@'localhost' (using password: NO)
2026-09-28T18:49:49.718997Z 2660 [Note] Access denied for user 'root'@'localhost' (using password: NO)
2026-09-28T18:50:00.715658Z 2661 [Note] Access denied for user 'root'@'localhost' (using password: NO)
2026-09-28T18:50:11.717565Z 2662 [Note] Access denied for user 'root'@'localhost' (using password: NO)
2026-09-28T18:50:22.723231Z 2663 [Note] Access denied for user 'root'@'localhost' (using password: NO)
2026-09-28T18:50:33.726946Z 2664 [Note] Access denied for user 'root'@'localhost' (using password: NO)
2026-09-28T18:50:44.731109Z 2665 [Note] Access denied for user 'root'@'localhost' (using password: NO)
2026-09-28T18:50:55.722588Z 2666 [Note] Access denied for user 'root'@'localhost' (using password: NO)
2026-09-28T18:51:06.724938Z 2667 [Note] Access denied for user 'root'@'localhost' (using password: NO)
2026-09-28T18:51:17.715817Z 2668 [Note] Access denied for user 'root'@'localhost' (using password: NO)
2026-09-28T18:51:28.735671Z 2669 [Note] Access denied for user 'root'@'localhost' (using password: NO)
2026-09-28T18:51:39.719169Z 2670 [Note] Access denied for user 'root'@'localhost' (using password: NO)
2026-09-28T18:51:50.725129Z 2671 [Note] Access denied for user 'root'@'localhost' (using password: NO)
2026-09-28T18:52:01.728735Z 2672 [Note] Access denied for user 'root'@'localhost' (using password: NO)
2026-09-28T18:52:12.713341Z 2673 [Note] Access denied for user 'root'@'localhost' (using password: NO)
2026-09-28T18:52:23.720435Z 2674 [Note] Access denied for user 'root'@'localhost' (using password: NO)
2026-09-28T18:52:34.717326Z 2675 [Note] Access denied for user 'root'@'localhost' (using password: NO)
2026-09-28T18:52:45.724568Z 2676 [Note] Access denied for user 'root'@'localhost' (using password: NO)
2026-09-28T18:52:56.725556Z 2677 [Note] Access denied for user 'root'@'localhost' (using password: NO)
2026-09-28T18:53:07.717805Z 2678 [Note] Access denied for user 'root'@'localhost' (using password: NO)
2026-09-28T18:53:18.724782Z 2679 [Note] Access denied for user 'root'@'localhost' (using password: NO)
2026-09-28T18:53:29.729913Z 2680 [Note] Access denied for user 'root'@'localhost' (using password: NO)
2026-09-28T18:53:40.723779Z 2681 [Note] Access denied for user 'root'@'localhost' (using password: NO)
2026-09-28T18:53:51.714264Z 2682 [Note] Access denied for user 'root'@'localhost' (using password: NO)
2026-09-28T18:54:02.719526Z 2683 [Note] Access denied for user 'root'@'localhost' (using password: NO)
2026-09-28T18:54:13.738570Z 2684 [Note] Access denied for user 'root'@'localhost' (using password: NO)
2026-09-28T18:54:24.722515Z 2685 [Note] Access denied for user 'root'@'localhost' (using password: NO)
2026-09-28T18:54:35.734655Z 2686 [Note] Access denied for user 'root'@'localhost' (using password: NO)
2026-09-28T18:54:46.718759Z 2687 [Note] Access denied for user 'root'@'localhost' (using password: NO)
2026-09-28T18:54:57.716935Z 2688 [Note] Access denied for user 'root'@'localhost' (using password: NO)
2026-09-28T18:55:08.738624Z 2689 [Note] Access denied for user 'root'@'localhost' (using password: NO)
2026-09-28T18:55:19.723105Z 2690 [Note] Access denied for user 'root'@'localhost' (using password: NO)
2026-09-28T18:55:30.720965Z 2691 [Note] Access denied for user 'root'@'localhost' (using password: NO)
2026-09-28T18:55:41.720408Z 2692 [Note] Access denied for user 'root'@'localhost' (using password: NO)
2026-09-28T18:55:52.726597Z 2693 [Note] Access denied for user 'root'@'localhost' (using password: NO)
2026-09-28T18:56:03.726487Z 2694 [Note] Access denied for user 'root'@'localhost' (using password: NO)
2026-09-28T18:56:14.734574Z 2695 [Note] Access denied for user 'root'@'localhost' (using password: NO)
2026-09-28T18:56:25.714370Z 2696 [Note] Access denied for user 'root'@'localhost' (using password: NO)
2026-09-28T18:56:36.720928Z 2697 [Note] Access denied for user 'root'@'localhost' (using password: NO)
2026-09-28T18:56:47.714216Z 2698 [Note] Access denied for user 'root'@'localhost' (using password: NO)
2026-09-28T18:56:58.720538Z 2699 [Note] Access denied for user 'root'@'localhost' (using password: NO)
2026-09-28T18:57:09.724323Z 2700 [Note] Access denied for user 'root'@'localhost' (using password: NO)
2026-09-28T18:57:20.716646Z 2701 [Note] Access denied for user 'root'@'localhost' (using password: NO)
2026-09-28T18:57:31.726960Z 2702 [Note] Access denied for user 'root'@'localhost' (using password: NO)
2026-09-28T18:57:42.750637Z 2703 [Note] Access denied for user 'root'@'localhost' (using password: NO)
2026-09-28T18:57:53.524654Z 2704 [Note] Access denied for user 'root'@'localhost' (using password: NO)
2026-09-28T18:58:03.721022Z 2705 [Note] Access denied for user 'root'@'localhost' (using password: NO)
2026-09-28T18:58:14.748994Z 2706 [Note] Access denied for user 'root'@'localhost' (using password: NO)
2026-09-28T18:58:25.723863Z 2707 [Note] Access denied for user 'root'@'localhost' (using password: NO)
2026-09-28T18:58:36.728571Z 2708 [Note] Access denied for user 'root'@'localhost' (using password: NO)
2026-09-28T18:58:47.717697Z 2709 [Note] Access denied for user 'root'@'localhost' (using password: NO)
2026-09-28T18:58:58.721173Z 2710 [Note] Access denied for user 'root'@'localhost' (using password: NO)
2026-09-28T18:59:09.726605Z 2711 [Note] Access denied for user 'root'@'localhost' (using password: NO)
2026-09-28T18:59:20.727186Z 2712 [Note] Access denied for user 'root'@'localhost' (using password: NO)
2026-09-28T18:59:31.720203Z 2713 [Note] Access denied for user 'root'@'localhost' (using password: NO)
2026-09-28T18:59:42.750535Z 2714 [Note] Access denied for user 'root'@'localhost' (using password: NO)
2026-09-28T18:59:53.718034Z 2715 [Note] Access denied for user 'root'@'localhost' (using password: NO)
2026-09-28T19:00:04.738018Z 2716 [Note] Access denied for user 'root'@'localhost' (using password: NO)
2026-09-28T19:00:15.723849Z 2717 [Note] Access denied for user 'root'@'localhost' (using password: NO)
2026-09-28T19:00:26.719779Z 2718 [Note] Access denied for user 'root'@'localhost' (using password: NO)
2026-09-28T19:00:37.716006Z 2719 [Note] Access denied for user 'root'@'localhost' (using password: NO)
2026-09-28T19:00:48.737725Z 2720 [Note] Access denied for user 'root'@'localhost' (using password: NO)
2026-09-28T19:00:59.718619Z 2721 [Note] Access denied for user 'root'@'localhost' (using password: NO)
2026-09-28T19:01:10.721754Z 2722 [Note] Access denied for user 'root'@'localhost' (using password: NO)
2026-09-28T19:01:21.722954Z 2723 [Note] Access denied for user 'root'@'localhost' (using password: NO)
2026-09-28T19:01:32.721574Z 2724 [Note] Access denied for user 'root'@'localhost' (using password: NO)
2026-09-28T19:01:43.722709Z 2725 [Note] Access denied for user 'root'@'localhost' (using password: NO)
2026-09-28T19:01:54.724783Z 2726 [Note] Access denied for user 'root'@'localhost' (using password: NO)
2026-09-28T19:02:05.730293Z 2727 [Note] Access denied for user 'root'@'localhost' (using password: NO)
2026-09-28T19:02:16.724032Z 2728 [Note] Access denied for user 'root'@'localhost' (using password: NO)
2026-09-28T19:02:27.722521Z 2729 [Note] Access denied for user 'root'@'localhost' (using password: NO)
2026-09-28T19:02:38.717524Z 2730 [Note] Access denied for user 'root'@'localhost' (using password: NO)
2026-09-28T19:02:49.727837Z 2731 [Note] Access denied for user 'root'@'localhost' (using password: NO)
2026-09-28T19:03:00.726410Z 2732 [Note] Access denied for user 'root'@'localhost' (using password: NO)
2026-09-28T19:03:11.729326Z 2733 [Note] Access denied for user 'root'@'localhost' (using password: NO)
2026-09-28T19:03:22.715504Z 2734 [Note] Access denied for user 'root'@'localhost' (using password: NO)
2026-09-28T19:03:33.732744Z 2735 [Note] Access denied for user 'root'@'localhost' (using password: NO)
2026-09-28T19:03:44.726417Z 2736 [Note] Access denied for user 'root'@'localhost' (using password: NO)
2026-09-28T19:03:55.728675Z 2737 [Note] Access denied for user 'root'@'localhost' (using password: NO)
2026-09-28T19:04:06.713217Z 2738 [Note] Access denied for user 'root'@'localhost' (using password: NO)
2026-09-28T19:04:17.716801Z 2739 [Note] Access denied for user 'root'@'localhost' (using password: NO)
2026-09-28T19:04:28.719355Z 2740 [Note] Access denied for user 'root'@'localhost' (using password: NO)
2026-09-28T19:04:39.718332Z 2741 [Note] Access denied for user 'root'@'localhost' (using password: NO)
2026-09-28T19:04:50.710581Z 2742 [Note] Access denied for user 'root'@'localhost' (using password: NO)
2026-09-28T19:05:01.722115Z 2743 [Note] Access denied for user 'root'@'localhost' (using password: NO)
2026-09-28T19:05:12.720118Z 2744 [Note] Access denied for user 'root'@'localhost' (using password: NO)
2026-09-28T19:05:23.729167Z 2745 [Note] Access denied for user 'root'@'localhost' (using password: NO)
2026-09-28T19:05:34.730531Z 2746 [Note] Access denied for user 'root'@'localhost' (using password: NO)
2026-09-28T19:05:45.756410Z 2747 [Note] Access denied for user 'root'@'localhost' (using password: NO)
2026-09-28T19:05:56.721838Z 2748 [Note] Access denied for user 'root'@'localhost' (using password: NO)
2026-09-28T19:06:07.714547Z 2749 [Note] Access denied for user 'root'@'localhost' (using password: NO)
2026-09-28T19:06:18.714612Z 2750 [Note] Access denied for user 'root'@'localhost' (using password: NO)
2026-09-28T19:06:29.719168Z 2751 [Note] Access denied for user 'root'@'localhost' (using password: NO)
2026-09-28T19:06:40.708481Z 2752 [Note] Access denied for user 'root'@'localhost' (using password: NO)
2026-09-28T19:06:51.719471Z 2753 [Note] Access denied for user 'root'@'localhost' (using password: NO)
2026-09-28T19:07:02.719259Z 2754 [Note] Access denied for user 'root'@'localhost' (using password: NO)
2026-09-28T19:07:13.713237Z 2755 [Note] Access denied for user 'root'@'localhost' (using password: NO)
2026-09-28T19:07:24.725527Z 2756 [Note] Access denied for user 'root'@'localhost' (using password: NO)
2026-09-28T19:07:35.719688Z 2757 [Note] Access denied for user 'root'@'localhost' (using password: NO)
2026-09-28T19:07:46.713723Z 2758 [Note] Access denied for user 'root'@'localhost' (using password: NO)
2026-09-28T19:07:57.716040Z 2759 [Note] Access denied for user 'root'@'localhost' (using password: NO)
2026-09-28T19:08:08.720858Z 2760 [Note] Access denied for user 'root'@'localhost' (using password: NO)
2026-09-28T19:08:19.713548Z 2761 [Note] Access denied for user 'root'@'localhost' (using password: NO)
2026-09-28T19:08:30.735291Z 2762 [Note] Access denied for user 'root'@'localhost' (using password: NO)
2026-09-28T19:08:41.723883Z 2763 [Note] Access denied for user 'root'@'localhost' (using password: NO)
2026-09-28T19:08:52.715978Z 2764 [Note] Access denied for user 'root'@'localhost' (using password: NO)
2026-09-28T19:09:03.738013Z 2765 [Note] Access denied for user 'root'@'localhost' (using password: NO)
2026-09-28T19:09:14.719990Z 2766 [Note] Access denied for user 'root'@'localhost' (using password: NO)
2026-09-28T19:09:25.724863Z 2767 [Note] Access denied for user 'root'@'localhost' (using password: NO)
2026-09-28T19:09:36.751197Z 2768 [Note] Access denied for user 'root'@'localhost' (using password: NO)
2026-09-28T19:09:47.722115Z 2769 [Note] Access denied for user 'root'@'localhost' (using password: NO)
2026-09-28T19:09:58.716973Z 2770 [Note] Access denied for user 'root'@'localhost' (using password: NO)
2026-09-28T19:10:09.716868Z 2771 [Note] Access denied for user 'root'@'localhost' (using password: NO)
2026-09-28T19:10:20.732975Z 2772 [Note] Access denied for user 'root'@'localhost' (using password: NO)
2026-09-28T19:10:31.719621Z 2773 [Note] Access denied for user 'root'@'localhost' (using password: NO)
2026-09-28T19:10:42.732765Z 2774 [Note] Access denied for user 'root'@'localhost' (using password: NO)
2026-09-28T19:10:53.719795Z 2775 [Note] Access denied for user 'root'@'localhost' (using password: NO)
2026-09-28T19:11:04.712799Z 2776 [Note] Access denied for user 'root'@'localhost' (using password: NO)
2026-09-28T19:11:15.719543Z 2777 [Note] Access denied for user 'root'@'localhost' (using password: NO)
2026-09-28T19:11:26.723359Z 2778 [Note] Access denied for user 'root'@'localhost' (using password: NO)
2026-09-28T19:11:37.761808Z 2779 [Note] Access denied for user 'root'@'localhost' (using password: NO)
2026-09-28T19:11:48.715874Z 2780 [Note] Access denied for user 'root'@'localhost' (using password: NO)
2026-09-28T19:11:59.713594Z 2781 [Note] Access denied for user 'root'@'localhost' (using password: NO)
2026-09-28T19:12:10.727764Z 2782 [Note] Access denied for user 'root'@'localhost' (using password: NO)
2026-09-28T19:12:21.729100Z 2783 [Note] Access denied for user 'root'@'localhost' (using password: NO)
2026-09-28T19:12:32.737889Z 2784 [Note] Access denied for user 'root'@'localhost' (using password: NO)
2026-09-28T19:12:43.710567Z 2785 [Note] Access denied for user 'root'@'localhost' (using password: NO)
2026-09-28T19:12:54.731418Z 2786 [Note] Access denied for user 'root'@'localhost' (using password: NO)
2026-09-28T19:13:05.724418Z 2787 [Note] Access denied for user 'root'@'localhost' (using password: NO)
2026-09-28T19:13:16.724056Z 2788 [Note] Access denied for user 'root'@'localhost' (using password: NO)
2026-09-28T19:13:27.715443Z 2789 [Note] Access denied for user 'root'@'localhost' (using password: NO)
2026-09-28T19:13:38.710355Z 2790 [Note] Access denied for user 'root'@'localhost' (using password: NO)
2026-09-28T19:13:49.722930Z 2791 [Note] Access denied for user 'root'@'localhost' (using password: NO)
2026-09-28T19:14:00.740482Z 2792 [Note] Access denied for user 'root'@'localhost' (using password: NO)
2026-09-28T19:14:11.720274Z 2793 [Note] Access denied for user 'root'@'localhost' (using password: NO)
2026-09-28T19:14:22.722456Z 2794 [Note] Access denied for user 'root'@'localhost' (using password: NO)
2026-09-28T19:14:33.717092Z 2795 [Note] Access denied for user 'root'@'localhost' (using password: NO)
2026-09-28T19:14:44.712036Z 2796 [Note] Access denied for user 'root'@'localhost' (using password: NO)
2026-09-28T19:14:55.723858Z 2797 [Note] Access denied for user 'root'@'localhost' (using password: NO)
2026-09-28T19:15:06.716489Z 2798 [Note] Access denied for user 'root'@'localhost' (using password: NO)
2026-09-28T19:15:17.716347Z 2799 [Note] Access denied for user 'root'@'localhost' (using password: NO)
2026-09-28T19:15:28.718262Z 2800 [Note] Access denied for user 'root'@'localhost' (using password: NO)
2026-09-28T19:15:39.397140Z 2801 [Note] Access denied for user 'root'@'localhost' (using password: NO)
2026-09-28T19:15:49.727061Z 2802 [Note] Access denied for user 'root'@'localhost' (using password: NO)
2026-09-28T19:16:00.718369Z 2803 [Note] Access denied for user 'root'@'localhost' (using password: NO)
2026-09-28T19:16:11.723797Z 2804 [Note] Access denied for user 'root'@'localhost' (using password: NO)
2026-09-28T19:16:22.727346Z 2805 [Note] Access denied for user 'root'@'localhost' (using password: NO)
2026-09-28T19:16:33.720471Z 2806 [Note] Access denied for user 'root'@'localhost' (using password: NO)
2026-09-28T19:16:44.715450Z 2807 [Note] Access denied for user 'root'@'localhost' (using password: NO)
2026-09-28T19:16:55.725475Z 2808 [Note] Access denied for user 'root'@'localhost' (using password: NO)
2026-09-28T19:17:06.716494Z 2809 [Note] Access denied for user 'root'@'localhost' (using password: NO)
2026-09-28T19:17:17.722907Z 2810 [Note] Access denied for user 'root'@'localhost' (using password: NO)
2026-09-28T19:17:28.726045Z 2811 [Note] Access denied for user 'root'@'localhost' (using password: NO)
2026-09-28T19:17:39.714690Z 2812 [Note] Access denied for user 'root'@'localhost' (using password: NO)
2026-09-28T19:17:50.720140Z 2813 [Note] Access denied for user 'root'@'localhost' (using password: NO)
2026-09-28T19:18:01.720317Z 2814 [Note] Access denied for user 'root'@'localhost' (using password: NO)
2026-09-28T19:18:12.717975Z 2815 [Note] Access denied for user 'root'@'localhost' (using password: NO)
2026-09-28T19:18:23.722141Z 2816 [Note] Access denied for user 'root'@'localhost' (using password: NO)
2026-09-28T19:18:34.721371Z 2817 [Note] Access denied for user 'root'@'localhost' (using password: NO)
2026-09-28T19:18:45.726133Z 2818 [Note] Access denied for user 'root'@'localhost' (using password: NO)
2026-09-28T19:18:56.722558Z 2819 [Note] Access denied for user 'root'@'localhost' (using password: NO)
2026-09-28T19:19:07.715944Z 2820 [Note] Access denied for user 'root'@'localhost' (using password: NO)
2026-09-28T19:19:18.725574Z 2821 [Note] Access denied for user 'root'@'localhost' (using password: NO)
2026-09-28T19:19:29.727524Z 2822 [Note] Access denied for user 'root'@'localhost' (using password: NO)
2026-09-28T19:19:40.729613Z 2823 [Note] Access denied for user 'root'@'localhost' (using password: NO)
2026-09-28T19:19:51.719907Z 2824 [Note] Access denied for user 'root'@'localhost' (using password: NO)
2026-09-28T19:20:02.721459Z 2825 [Note] Access denied for user 'root'@'localhost' (using password: NO)
2026-09-28T19:20:13.708533Z 2826 [Note] Access denied for user 'root'@'localhost' (using password: NO)
2026-09-28T19:20:24.719959Z 2827 [Note] Access denied for user 'root'@'localhost' (using password: NO)
2026-09-28T19:20:35.714584Z 2828 [Note] Access denied for user 'root'@'localhost' (using password: NO)
2026-09-28T19:20:46.712020Z 2829 [Note] Access denied for user 'root'@'localhost' (using password: NO)
2026-09-28T19:20:57.736076Z 2830 [Note] Access denied for user 'root'@'localhost' (using password: NO)
2026-09-28T19:21:08.717316Z 2831 [Note] Access denied for user 'root'@'localhost' (using password: NO)
2026-09-28T19:21:19.712898Z 2832 [Note] Access denied for user 'root'@'localhost' (using password: NO)
2026-09-28T19:21:30.736111Z 2833 [Note] Access denied for user 'root'@'localhost' (using password: NO)
2026-09-28T19:21:41.726816Z 2834 [Note] Access denied for user 'root'@'localhost' (using password: NO)
2026-09-28T19:21:52.724058Z 2835 [Note] Access denied for user 'root'@'localhost' (using password: NO)
2026-09-28T19:22:03.720483Z 2836 [Note] Access denied for user 'root'@'localhost' (using password: NO)
2026-09-28T19:22:14.727702Z 2837 [Note] Access denied for user 'root'@'localhost' (using password: NO)
2026-09-28T19:22:25.726620Z 2838 [Note] Access denied for user 'root'@'localhost' (using password: NO)
2026-09-28T19:22:36.739221Z 2839 [Note] Access denied for user 'root'@'localhost' (using password: NO)
2026-09-28T19:22:47.716422Z 2840 [Note] Access denied for user 'root'@'localhost' (using password: NO)
2026-09-28T19:22:58.730989Z 2841 [Note] Access denied for user 'root'@'localhost' (using password: NO)
2026-09-28T19:23:09.722729Z 2842 [Note] Access denied for user 'root'@'localhost' (using password: NO)
2026-09-28T19:23:20.739003Z 2843 [Note] Access denied for user 'root'@'localhost' (using password: NO)
2026-09-28T19:23:31.720759Z 2844 [Note] Access denied for user 'root'@'localhost' (using password: NO)
2026-09-28T19:23:42.759965Z 2845 [Note] Access denied for user 'root'@'localhost' (using password: NO)
2026-09-28T19:23:53.758173Z 2846 [Note] Access denied for user 'root'@'localhost' (using password: NO)
2026-09-28T19:24:04.720835Z 2847 [Note] Access denied for user 'root'@'localhost' (using password: NO)
2026-09-28T19:24:15.715221Z 2848 [Note] Access denied for user 'root'@'localhost' (using password: NO)
2026-09-28T19:24:26.734448Z 2849 [Note] Access denied for user 'root'@'localhost' (using password: NO)
2026-09-28T19:24:37.736298Z 2850 [Note] Access denied for user 'root'@'localhost' (using password: NO)
2026-09-28T19:24:48.733438Z 2851 [Note] Access denied for user 'root'@'localhost' (using password: NO)
2026-09-28T19:24:59.717783Z 2852 [Note] Access denied for user 'root'@'localhost' (using password: NO)
2026-09-28T19:25:10.725766Z 2853 [Note] Access denied for user 'root'@'localhost' (using password: NO)
2026-09-28T19:25:21.730994Z 2854 [Note] Access denied for user 'root'@'localhost' (using password: NO)
2026-09-28T19:25:32.719238Z 2855 [Note] Access denied for user 'root'@'localhost' (using password: NO)
2026-09-28T19:25:43.720519Z 2856 [Note] Access denied for user 'root'@'localhost' (using password: NO)
2026-09-28T19:25:54.723147Z 2857 [Note] Access denied for user 'root'@'localhost' (using password: NO)
2026-09-28T19:26:05.718923Z 2858 [Note] Access denied for user 'root'@'localhost' (using password: NO)
2026-09-28T19:26:16.718518Z 2859 [Note] Access denied for user 'root'@'localhost' (using password: NO)
2026-09-28T19:26:27.730498Z 2860 [Note] Access denied for user 'root'@'localhost' (using password: NO)
2026-09-28T19:26:38.715379Z 2861 [Note] Access denied for user 'root'@'localhost' (using password: NO)
2026-09-28T19:26:49.719423Z 2862 [Note] Access denied for user 'root'@'localhost' (using password: NO)
2026-09-28T19:27:00.716158Z 2863 [Note] Access denied for user 'root'@'localhost' (using password: NO)
2026-09-28T19:27:11.717336Z 2864 [Note] Access denied for user 'root'@'localhost' (using password: NO)
2026-09-28T19:27:22.725438Z 2865 [Note] Access denied for user 'root'@'localhost' (using password: NO)
2026-09-28T19:27:33.718354Z 2866 [Note] Access denied for user 'root'@'localhost' (using password: NO)
2026-09-28T19:27:44.715637Z 2867 [Note] Access denied for user 'root'@'localhost' (using password: NO)
2026-09-28T19:27:55.725749Z 2868 [Note] Access denied for user 'root'@'localhost' (using password: NO)
2026-09-28T19:28:06.741779Z 2869 [Note] Access denied for user 'root'@'localhost' (using password: NO)
2026-09-28T19:28:17.715641Z 2870 [Note] Access denied for user 'root'@'localhost' (using password: NO)
2026-09-28T19:28:28.713802Z 2871 [Note] Access denied for user 'root'@'localhost' (using password: NO)
2026-09-28T19:28:39.719672Z 2872 [Note] Access denied for user 'root'@'localhost' (using password: NO)
2026-09-28T19:28:50.718396Z 2873 [Note] Access denied for user 'root'@'localhost' (using password: NO)
2026-09-28T19:29:01.715822Z 2874 [Note] Access denied for user 'root'@'localhost' (using password: NO)
2026-09-28T19:29:12.719815Z 2875 [Note] Access denied for user 'root'@'localhost' (using password: NO)
2026-09-28T19:29:23.722160Z 2876 [Note] Access denied for user 'root'@'localhost' (using password: NO)
2026-09-28T19:29:34.721990Z 2877 [Note] Access denied for user 'root'@'localhost' (using password: NO)
2026-09-28T19:29:45.719359Z 2878 [Note] Access denied for user 'root'@'localhost' (using password: NO)
2026-09-28T19:29:56.733757Z 2879 [Note] Access denied for user 'root'@'localhost' (using password: NO)
2026-09-28T19:30:07.711598Z 2880 [Note] Access denied for user 'root'@'localhost' (using password: NO)
2026-09-28T19:30:18.734830Z 2881 [Note] Access denied for user 'root'@'localhost' (using password: NO)
2026-09-28T19:30:29.337720Z 2882 [Note] Access denied for user 'root'@'localhost' (using password: NO)
2026-09-28T19:30:39.720430Z 2883 [Note] Access denied for user 'root'@'localhost' (using password: NO)
2026-09-28T19:30:50.707811Z 2884 [Note] Access denied for user 'root'@'localhost' (using password: NO)
2026-09-28T19:31:01.731659Z 2885 [Note] Access denied for user 'root'@'localhost' (using password: NO)
2026-09-28T19:31:12.716279Z 2886 [Note] Access denied for user 'root'@'localhost' (using password: NO)
2026-09-28T19:31:23.717369Z 2887 [Note] Access denied for user 'root'@'localhost' (using password: NO)
2026-09-28T19:31:34.713911Z 2888 [Note] Access denied for user 'root'@'localhost' (using password: NO)
2026-09-28T19:31:45.736917Z 2889 [Note] Access denied for user 'root'@'localhost' (using password: NO)
2026-09-28T19:31:56.721444Z 2890 [Note] Access denied for user 'root'@'localhost' (using password: NO)
2026-09-28T19:32:07.724455Z 2891 [Note] Access denied for user 'root'@'localhost' (using password: NO)
2026-09-28T19:32:18.711576Z 2892 [Note] Access denied for user 'root'@'localhost' (using password: NO)
2026-09-28T19:32:29.725126Z 2893 [Note] Access denied for user 'root'@'localhost' (using password: NO)
2026-09-28T19:32:40.762179Z 2894 [Note] Access denied for user 'root'@'localhost' (using password: NO)
2026-09-28T19:32:51.719161Z 2895 [Note] Access denied for user 'root'@'localhost' (using password: NO)
2026-09-28T19:33:02.711848Z 2896 [Note] Access denied for user 'root'@'localhost' (using password: NO)
2026-09-28T19:33:13.724125Z 2897 [Note] Access denied for user 'root'@'localhost' (using password: NO)
2026-09-28T19:33:24.738298Z 2898 [Note] Access denied for user 'root'@'localhost' (using password: NO)
2026-09-28T19:33:35.720790Z 2899 [Note] Access denied for user 'root'@'localhost' (using password: NO)
2026-09-28T19:33:46.724496Z 2900 [Note] Access denied for user 'root'@'localhost' (using password: NO)
2026-09-28T19:33:57.716753Z 2901 [Note] Access denied for user 'root'@'localhost' (using password: NO)
2026-09-28T19:34:08.721592Z 2902 [Note] Access denied for user 'root'@'localhost' (using password: NO)
2026-09-28T19:34:19.718744Z 2903 [Note] Access denied for user 'root'@'localhost' (using password: NO)
2026-09-28T19:34:30.728527Z 2904 [Note] Access denied for user 'root'@'localhost' (using password: NO)
2026-09-28T19:34:41.728345Z 2905 [Note] Access denied for user 'root'@'localhost' (using password: NO)
2026-09-28T19:34:52.721730Z 2906 [Note] Access denied for user 'root'@'localhost' (using password: NO)
2026-09-28T19:35:03.711799Z 2907 [Note] Access denied for user 'root'@'localhost' (using password: NO)
2026-09-28T19:35:14.720365Z 2908 [Note] Access denied for user 'root'@'localhost' (using password: NO)
2026-09-28T19:35:25.719956Z 2909 [Note] Access denied for user 'root'@'localhost' (using password: NO)
2026-09-28T19:35:36.755436Z 2910 [Note] Access denied for user 'root'@'localhost' (using password: NO)
2026-09-28T19:35:47.721142Z 2911 [Note] Access denied for user 'root'@'localhost' (using password: NO)
2026-09-28T19:35:58.711557Z 2912 [Note] Access denied for user 'root'@'localhost' (using password: NO)
2026-09-28T19:36:09.727982Z 2913 [Note] Access denied for user 'root'@'localhost' (using password: NO)
2026-09-28T19:36:20.720756Z 2914 [Note] Access denied for user 'root'@'localhost' (using password: NO)
2026-09-28T19:36:31.715533Z 2915 [Note] Access denied for user 'root'@'localhost' (using password: NO)
2026-09-28T19:36:42.744481Z 2916 [Note] Access denied for user 'root'@'localhost' (using password: NO)
2026-09-28T19:36:53.718625Z 2917 [Note] Access denied for user 'root'@'localhost' (using password: NO)
2026-09-28T19:37:04.717607Z 2918 [Note] Access denied for user 'root'@'localhost' (using password: NO)
2026-09-28T19:37:15.716068Z 2919 [Note] Access denied for user 'root'@'localhost' (using password: NO)
2026-09-28T19:37:26.722435Z 2920 [Note] Access denied for user 'root'@'localhost' (using password: NO)
2026-09-28T19:37:37.724849Z 2921 [Note] Access denied for user 'root'@'localhost' (using password: NO)
2026-09-28T19:37:48.723036Z 2922 [Note] Access denied for user 'root'@'localhost' (using password: NO)
2026-09-28T19:37:59.724988Z 2923 [Note] Access denied for user 'root'@'localhost' (using password: NO)
2026-09-28T19:38:10.719244Z 2924 [Note] Access denied for user 'root'@'localhost' (using password: NO)
2026-09-28T19:38:21.717778Z 2925 [Note] Access denied for user 'root'@'localhost' (using password: NO)
2026-09-28T19:38:32.731086Z 2926 [Note] Access denied for user 'root'@'localhost' (using password: NO)
2026-09-28T19:38:43.721747Z 2927 [Note] Access denied for user 'root'@'localhost' (using password: NO)
2026-09-28T19:38:54.718476Z 2928 [Note] Access denied for user 'root'@'localhost' (using password: NO)
2026-09-28T19:39:05.717680Z 2929 [Note] Access denied for user 'root'@'localhost' (using password: NO)
2026-09-28T19:39:16.729181Z 2930 [Note] Access denied for user 'root'@'localhost' (using password: NO)
2026-09-28T19:39:27.726751Z 2931 [Note] Access denied for user 'root'@'localhost' (using password: NO)
2026-09-28T19:39:38.719273Z 2932 [Note] Access denied for user 'root'@'localhost' (using password: NO)
2026-09-28T19:39:49.729085Z 2933 [Note] Access denied for user 'root'@'localhost' (using password: NO)
2026-09-28T19:40:00.715499Z 2934 [Note] Access denied for user 'root'@'localhost' (using password: NO)
2026-09-28T19:40:11.715055Z 2935 [Note] Access denied for user 'root'@'localhost' (using password: NO)
2026-09-28T19:40:22.721507Z 2936 [Note] Access denied for user 'root'@'localhost' (using password: NO)
2026-09-28T19:40:33.711232Z 2937 [Note] Access denied for user 'root'@'localhost' (using password: NO)
2026-09-28T19:40:44.717938Z 2938 [Note] Access denied for user 'root'@'localhost' (using password: NO)
2026-09-28T19:40:55.718668Z 2939 [Note] Access denied for user 'root'@'localhost' (using password: NO)
2026-09-28T19:41:06.724343Z 2940 [Note] Access denied for user 'root'@'localhost' (using password: NO)
2026-09-28T19:41:17.723755Z 2941 [Note] Access denied for user 'root'@'localhost' (using password: NO)
2026-09-28T19:41:28.718059Z 2942 [Note] Access denied for user 'root'@'localhost' (using password: NO)
2026-09-28T19:41:39.715860Z 2943 [Note] Access denied for user 'root'@'localhost' (using password: NO)
2026-09-28T19:41:50.720678Z 2944 [Note] Access denied for user 'root'@'localhost' (using password: NO)
2026-09-28T19:42:01.725042Z 2945 [Note] Access denied for user 'root'@'localhost' (using password: NO)
2026-09-28T19:42:12.740723Z 2946 [Note] Access denied for user 'root'@'localhost' (using password: NO)
2026-09-28T19:42:23.726204Z 2947 [Note] Access denied for user 'root'@'localhost' (using password: NO)
2026-09-28T19:42:34.718089Z 2948 [Note] Access denied for user 'root'@'localhost' (using password: NO)
2026-09-28T19:42:45.726457Z 2949 [Note] Access denied for user 'root'@'localhost' (using password: NO)
2026-09-28T19:42:56.722166Z 2950 [Note] Access denied for user 'root'@'localhost' (using password: NO)
2026-09-28T19:43:07.724860Z 2951 [Note] Access denied for user 'root'@'localhost' (using password: NO)
2026-09-28T19:43:18.715654Z 2952 [Note] Access denied for user 'root'@'localhost' (using password: NO)
2026-09-28T19:43:29.724343Z 2953 [Note] Access denied for user 'root'@'localhost' (using password: NO)
2026-09-28T19:43:40.725869Z 2954 [Note] Access denied for user 'root'@'localhost' (using password: NO)
2026-09-28T19:43:51.732273Z 2955 [Note] Access denied for user 'root'@'localhost' (using password: NO)
2026-09-28T19:44:02.720559Z 2956 [Note] Access denied for user 'root'@'localhost' (using password: NO)
2026-09-28T19:44:13.728332Z 2957 [Note] Access denied for user 'root'@'localhost' (using password: NO)
2026-09-28T19:44:24.719585Z 2958 [Note] Access denied for user 'root'@'localhost' (using password: NO)
2026-09-28T19:44:35.729202Z 2959 [Note] Access denied for user 'root'@'localhost' (using password: NO)
2026-09-28T19:44:46.720610Z 2960 [Note] Access denied for user 'root'@'localhost' (using password: NO)
2026-09-28T19:44:57.720131Z 2961 [Note] Access denied for user 'root'@'localhost' (using password: NO)
2026-09-28T19:45:08.716938Z 2962 [Note] Access denied for user 'root'@'localhost' (using password: NO)
2026-09-28T19:45:19.716620Z 2963 [Note] Access denied for user 'root'@'localhost' (using password: NO)
2026-09-28T19:45:30.734793Z 2964 [Note] Access denied for user 'root'@'localhost' (using password: NO)
2026-09-28T19:45:41.721740Z 2965 [Note] Access denied for user 'root'@'localhost' (using password: NO)
2026-09-28T19:45:52.720261Z 2966 [Note] Access denied for user 'root'@'localhost' (using password: NO)
2026-09-28T19:46:03.718608Z 2967 [Note] Access denied for user 'root'@'localhost' (using password: NO)
2026-09-28T19:46:14.729339Z 2968 [Note] Access denied for user 'root'@'localhost' (using password: NO)
2026-09-28T19:46:25.719898Z 2969 [Note] Access denied for user 'root'@'localhost' (using password: NO)
2026-09-28T19:46:36.722865Z 2970 [Note] Access denied for user 'root'@'localhost' (using password: NO)
2026-09-28T19:46:47.713570Z 2971 [Note] Access denied for user 'root'@'localhost' (using password: NO)
2026-09-28T19:46:58.721105Z 2972 [Note] Access denied for user 'root'@'localhost' (using password: NO)
2026-09-28T19:47:09.745974Z 2973 [Note] Access denied for user 'root'@'localhost' (using password: NO)
2026-09-28T19:47:20.727615Z 2974 [Note] Access denied for user 'root'@'localhost' (using password: NO)
2026-09-28T19:47:31.726083Z 2975 [Note] Access denied for user 'root'@'localhost' (using password: NO)
2026-09-28T19:47:42.731024Z 2976 [Note] Access denied for user 'root'@'localhost' (using password: NO)
2026-09-28T19:47:53.737912Z 2977 [Note] Access denied for user 'root'@'localhost' (using password: NO)
2026-09-28T19:48:04.724795Z 2978 [Note] Access denied for user 'root'@'localhost' (using password: NO)
2026-09-28T19:48:15.720376Z 2979 [Note] Access denied for user 'root'@'localhost' (using password: NO)
2026-09-28T19:48:26.719644Z 2980 [Note] Access denied for user 'root'@'localhost' (using password: NO)
2026-09-28T19:48:37.711544Z 2981 [Note] Access denied for user 'root'@'localhost' (using password: NO)
2026-09-28T19:48:48.728155Z 2982 [Note] Access denied for user 'root'@'localhost' (using password: NO)
2026-09-28T19:48:59.723376Z 2983 [Note] Access denied for user 'root'@'localhost' (using password: NO)
2026-09-28T19:49:10.717863Z 2984 [Note] Access denied for user 'root'@'localhost' (using password: NO)
2026-09-28T19:49:21.723434Z 2985 [Note] Access denied for user 'root'@'localhost' (using password: NO)
2026-09-28T19:49:32.729131Z 2986 [Note] Access denied for user 'root'@'localhost' (using password: NO)
2026-09-28T19:49:43.717098Z 2987 [Note] Access denied for user 'root'@'localhost' (using password: NO)
2026-09-28T19:49:54.715153Z 2988 [Note] Access denied for user 'root'@'localhost' (using password: NO)
2026-09-28T19:50:05.716483Z 2989 [Note] Access denied for user 'root'@'localhost' (using password: NO)
2026-09-28T19:50:16.721396Z 2990 [Note] Access denied for user 'root'@'localhost' (using password: NO)
2026-09-28T19:50:27.715499Z 2991 [Note] Access denied for user 'root'@'localhost' (using password: NO)
2026-09-28T19:50:38.713771Z 2992 [Note] Access denied for user 'root'@'localhost' (using password: NO)
2026-09-28T19:50:49.736072Z 2993 [Note] Access denied for user 'root'@'localhost' (using password: NO)
2026-09-28T19:51:00.719444Z 2994 [Note] Access denied for user 'root'@'localhost' (using password: NO)
2026-09-28T19:51:11.718799Z 2995 [Note] Access denied for user 'root'@'localhost' (using password: NO)
2026-09-28T19:51:22.727081Z 2996 [Note] Access denied for user 'root'@'localhost' (using password: NO)
2026-09-28T19:51:33.723239Z 2997 [Note] Access denied for user 'root'@'localhost' (using password: NO)
2026-09-28T19:51:44.715206Z 2998 [Note] Access denied for user 'root'@'localhost' (using password: NO)
2026-09-28T19:51:55.717906Z 2999 [Note] Access denied for user 'root'@'localhost' (using password: NO)
2026-09-28T19:52:06.713525Z 3000 [Note] Access denied for user 'root'@'localhost' (using password: NO)
2026-09-28T19:52:17.714212Z 3001 [Note] Access denied for user 'root'@'localhost' (using password: NO)
2026-09-28T19:52:28.734496Z 3002 [Note] Access denied for user 'root'@'localhost' (using password: NO)
2026-09-28T19:52:39.714007Z 3003 [Note] Access denied for user 'root'@'localhost' (using password: NO)
2026-09-28T19:52:50.729673Z 3004 [Note] Access denied for user 'root'@'localhost' (using password: NO)
2026-09-28T19:53:01.707171Z 3005 [Note] Access denied for user 'root'@'localhost' (using password: NO)
2026-09-28T19:53:12.722042Z 3006 [Note] Access denied for user 'root'@'localhost' (using password: NO)
2026-09-28T19:53:23.721736Z 3007 [Note] Access denied for user 'root'@'localhost' (using password: NO)
2026-09-28T19:53:34.717875Z 3008 [Note] Access denied for user 'root'@'localhost' (using password: NO)
2026-09-28T19:53:45.728362Z 3009 [Note] Access denied for user 'root'@'localhost' (using password: NO)
2026-09-28T19:53:56.730874Z 3010 [Note] Access denied for user 'root'@'localhost' (using password: NO)
2026-09-28T19:54:07.736809Z 3011 [Note] Access denied for user 'root'@'localhost' (using password: NO)
2026-09-28T19:54:18.748486Z 3012 [Note] Access denied for user 'root'@'localhost' (using password: NO)
2026-09-28T19:54:29.759265Z 3013 [Note] Access denied for user 'root'@'localhost' (using password: NO)
2026-09-28T19:54:40.726879Z 3014 [Note] Access denied for user 'root'@'localhost' (using password: NO)
2026-09-28T19:54:51.733453Z 3015 [Note] Access denied for user 'root'@'localhost' (using password: NO)
2026-09-28T19:55:02.728503Z 3016 [Note] Access denied for user 'root'@'localhost' (using password: NO)
2026-09-28T19:55:13.777383Z 3017 [Note] Access denied for user 'root'@'localhost' (using password: NO)
2026-09-28T19:55:24.723972Z 3018 [Note] Access denied for user 'root'@'localhost' (using password: NO)
2026-09-28T19:55:35.713925Z 3019 [Note] Access denied for user 'root'@'localhost' (using password: NO)
2026-09-28T19:55:46.722773Z 3020 [Note] Access denied for user 'root'@'localhost' (using password: NO)
2026-09-28T19:55:57.715736Z 3021 [Note] Access denied for user 'root'@'localhost' (using password: NO)
2026-09-28T19:56:08.726448Z 3022 [Note] Access denied for user 'root'@'localhost' (using password: NO)
2026-09-28T19:56:19.722168Z 3023 [Note] Access denied for user 'root'@'localhost' (using password: NO)
2026-09-28T19:56:30.723929Z 3024 [Note] Access denied for user 'root'@'localhost' (using password: NO)
2026-09-28T19:56:41.721571Z 3025 [Note] Access denied for user 'root'@'localhost' (using password: NO)
2026-09-28T19:56:52.731481Z 3026 [Note] Access denied for user 'root'@'localhost' (using password: NO)
2026-09-28T19:57:03.723354Z 3027 [Note] Access denied for user 'root'@'localhost' (using password: NO)
2026-09-28T19:57:14.719602Z 3028 [Note] Access denied for user 'root'@'localhost' (using password: NO)
2026-09-28T19:57:25.727163Z 3029 [Note] Access denied for user 'root'@'localhost' (using password: NO)
2026-09-28T19:57:36.721076Z 3030 [Note] Access denied for user 'root'@'localhost' (using password: NO)
2026-09-28T19:57:47.723917Z 3031 [Note] Access denied for user 'root'@'localhost' (using password: NO)
2026-09-28T19:57:58.725820Z 3032 [Note] Access denied for user 'root'@'localhost' (using password: NO)
2026-09-28T19:58:09.721509Z 3033 [Note] Access denied for user 'root'@'localhost' (using password: NO)
2026-09-28T19:58:20.717217Z 3034 [Note] Access denied for user 'root'@'localhost' (using password: NO)
2026-09-28T19:58:31.717840Z 3035 [Note] Access denied for user 'root'@'localhost' (using password: NO)
2026-09-28T19:58:42.709609Z 3036 [Note] Access denied for user 'root'@'localhost' (using password: NO)
2026-09-28T19:58:53.721402Z 3037 [Note] Access denied for user 'root'@'localhost' (using password: NO)
2026-09-28T19:59:04.708202Z 3038 [Note] Access denied for user 'root'@'localhost' (using password: NO)
2026-09-28T19:59:15.725760Z 3039 [Note] Access denied for user 'root'@'localhost' (using password: NO)
2026-09-28T19:59:26.709624Z 3040 [Note] Access denied for user 'root'@'localhost' (using password: NO)
2026-09-28T19:59:37.713696Z 3041 [Note] Access denied for user 'root'@'localhost' (using password: NO)
2026-09-28T19:59:48.713104Z 3042 [Note] Access denied for user 'root'@'localhost' (using password: NO)
2026-09-28T19:59:59.725833Z 3043 [Note] Access denied for user 'root'@'localhost' (using password: NO)
2026-09-28T20:00:10.730682Z 3044 [Note] Access denied for user 'root'@'localhost' (using password: NO)
2026-09-28T20:00:21.728845Z 3045 [Note] Access denied for user 'root'@'localhost' (using password: NO)
2026-09-28T20:00:32.713943Z 3046 [Note] Access denied for user 'root'@'localhost' (using password: NO)
2026-09-28T20:00:43.717703Z 3047 [Note] Access denied for user 'root'@'localhost' (using password: NO)
2026-09-28T20:00:54.161065Z 3048 [Note] Access denied for user 'root'@'localhost' (using password: NO)
2026-09-28T20:01:04.724462Z 3049 [Note] Access denied for user 'root'@'localhost' (using password: NO)
2026-09-28T20:01:15.710929Z 3050 [Note] Access denied for user 'root'@'localhost' (using password: NO)
2026-09-28T20:01:26.721346Z 3051 [Note] Access denied for user 'root'@'localhost' (using password: NO)
2026-09-28T20:01:37.727777Z 3052 [Note] Access denied for user 'root'@'localhost' (using password: NO)
2026-09-28T20:01:48.720720Z 3053 [Note] Access denied for user 'root'@'localhost' (using password: NO)
2026-09-28T20:01:59.719659Z 3054 [Note] Access denied for user 'root'@'localhost' (using password: NO)
2026-09-28T20:02:10.720998Z 3055 [Note] Access denied for user 'root'@'localhost' (using password: NO)
2026-09-28T20:02:21.725807Z 3056 [Note] Access denied for user 'root'@'localhost' (using password: NO)
2026-09-28T20:02:32.722173Z 3057 [Note] Access denied for user 'root'@'localhost' (using password: NO)
2026-09-28T20:02:43.721479Z 3058 [Note] Access denied for user 'root'@'localhost' (using password: NO)
2026-09-28T20:02:54.717810Z 3059 [Note] Access denied for user 'root'@'localhost' (using password: NO)
2026-09-28T20:03:05.718473Z 3060 [Note] Access denied for user 'root'@'localhost' (using password: NO)
2026-09-28T20:03:16.728637Z 3061 [Note] Access denied for user 'root'@'localhost' (using password: NO)
2026-09-28T20:03:27.727183Z 3062 [Note] Access denied for user 'root'@'localhost' (using password: NO)
2026-09-28T20:03:38.715614Z 3063 [Note] Access denied for user 'root'@'localhost' (using password: NO)
2026-09-28T20:03:49.734931Z 3064 [Note] Access denied for user 'root'@'localhost' (using password: NO)
2026-09-28T20:04:00.737468Z 3065 [Note] Access denied for user 'root'@'localhost' (using password: NO)
2026-09-28T20:04:11.721788Z 3066 [Note] Access denied for user 'root'@'localhost' (using password: NO)
2026-09-28T20:04:22.722734Z 3067 [Note] Access denied for user 'root'@'localhost' (using password: NO)
2026-09-28T20:04:33.710560Z 3068 [Note] Access denied for user 'root'@'localhost' (using password: NO)
2026-09-28T20:04:44.726488Z 3069 [Note] Access denied for user 'root'@'localhost' (using password: NO)
2026-09-28T20:04:55.722291Z 3070 [Note] Access denied for user 'root'@'localhost' (using password: NO)
2026-09-28T20:05:06.723690Z 3071 [Note] Access denied for user 'root'@'localhost' (using password: NO)
2026-09-28T20:05:17.727094Z 3072 [Note] Access denied for user 'root'@'localhost' (using password: NO)
2026-09-28T20:05:28.726617Z 3073 [Note] Access denied for user 'root'@'localhost' (using password: NO)
2026-09-28T20:05:39.722298Z 3074 [Note] Access denied for user 'root'@'localhost' (using password: NO)
2026-09-28T20:05:50.717111Z 3075 [Note] Access denied for user 'root'@'localhost' (using password: NO)
2026-09-28T20:06:01.726605Z 3076 [Note] Access denied for user 'root'@'localhost' (using password: NO)
2026-09-28T20:06:12.725450Z 3077 [Note] Access denied for user 'root'@'localhost' (using password: NO)
2026-09-28T20:06:23.720448Z 3078 [Note] Access denied for user 'root'@'localhost' (using password: NO)
2026-09-28T20:06:34.726220Z 3079 [Note] Access denied for user 'root'@'localhost' (using password: NO)
2026-09-28T20:06:45.722796Z 3080 [Note] Access denied for user 'root'@'localhost' (using password: NO)
2026-09-28T20:06:56.758778Z 3081 [Note] Access denied for user 'root'@'localhost' (using password: NO)
2026-09-28T20:07:07.743171Z 3082 [Note] Access denied for user 'root'@'localhost' (using password: NO)
2026-09-28T20:07:18.746782Z 3083 [Note] Access denied for user 'root'@'localhost' (using password: NO)
2026-09-28T20:07:29.718989Z 3084 [Note] Access denied for user 'root'@'localhost' (using password: NO)
2026-09-28T20:07:40.728874Z 3085 [Note] Access denied for user 'root'@'localhost' (using password: NO)
2026-09-28T20:07:51.740718Z 3086 [Note] Access denied for user 'root'@'localhost' (using password: NO)
2026-09-28T20:08:02.716744Z 3087 [Note] Access denied for user 'root'@'localhost' (using password: NO)
2026-09-28T20:08:13.719118Z 3088 [Note] Access denied for user 'root'@'localhost' (using password: NO)
2026-09-28T20:08:24.749631Z 3089 [Note] Access denied for user 'root'@'localhost' (using password: NO)
2026-09-28T20:08:35.718835Z 3090 [Note] Access denied for user 'root'@'localhost' (using password: NO)
2026-09-28T20:08:46.713093Z 3091 [Note] Access denied for user 'root'@'localhost' (using password: NO)
2026-09-28T20:08:57.715996Z 3092 [Note] Access denied for user 'root'@'localhost' (using password: NO)
2026-09-28T20:09:08.711803Z 3093 [Note] Access denied for user 'root'@'localhost' (using password: NO)
2026-09-28T20:09:19.729512Z 3094 [Note] Access denied for user 'root'@'localhost' (using password: NO)
2026-09-28T20:09:30.749533Z 3095 [Note] Access denied for user 'root'@'localhost' (using password: NO)
2026-09-28T20:09:41.720882Z 3096 [Note] Access denied for user 'root'@'localhost' (using password: NO)
2026-09-28T20:09:52.731004Z 3097 [Note] Access denied for user 'root'@'localhost' (using password: NO)
2026-09-28T20:10:03.727408Z 3098 [Note] Access denied for user 'root'@'localhost' (using password: NO)
2026-09-28T20:10:14.731203Z 3099 [Note] Access denied for user 'root'@'localhost' (using password: NO)
2026-09-28T20:10:25.728679Z 3100 [Note] Access denied for user 'root'@'localhost' (using password: NO)
2026-09-28T20:10:36.728454Z 3101 [Note] Access denied for user 'root'@'localhost' (using password: NO)
2026-09-28T20:10:47.709369Z 3102 [Note] Access denied for user 'root'@'localhost' (using password: NO)
2026-09-28T20:10:58.725516Z 3103 [Note] Access denied for user 'root'@'localhost' (using password: NO)
2026-09-28T20:11:09.722150Z 3104 [Note] Access denied for user 'root'@'localhost' (using password: NO)
2026-09-28T20:11:20.757712Z 3105 [Note] Access denied for user 'root'@'localhost' (using password: NO)
2026-09-28T20:11:31.744101Z 3106 [Note] Access denied for user 'root'@'localhost' (using password: NO)
2026-09-28T20:11:42.723472Z 3107 [Note] Access denied for user 'root'@'localhost' (using password: NO)
2026-09-28T20:11:53.719460Z 3108 [Note] Access denied for user 'root'@'localhost' (using password: NO)
2026-09-28T20:12:04.726552Z 3109 [Note] Access denied for user 'root'@'localhost' (using password: NO)
2026-09-28T20:12:15.748376Z 3110 [Note] Access denied for user 'root'@'localhost' (using password: NO)
2026-09-28T20:12:26.718002Z 3111 [Note] Access denied for user 'root'@'localhost' (using password: NO)
2026-09-28T20:12:37.723382Z 3112 [Note] Access denied for user 'root'@'localhost' (using password: NO)
2026-09-28T20:12:48.720204Z 3113 [Note] Access denied for user 'root'@'localhost' (using password: NO)
2026-09-28T20:12:59.733186Z 3114 [Note] Access denied for user 'root'@'localhost' (using password: NO)
2026-09-28T20:13:10.725778Z 3115 [Note] Access denied for user 'root'@'localhost' (using password: NO)
2026-09-28T20:13:21.723621Z 3116 [Note] Access denied for user 'root'@'localhost' (using password: NO)
2026-09-28T20:13:32.723630Z 3117 [Note] Access denied for user 'root'@'localhost' (using password: NO)
2026-09-28T20:13:43.714192Z 3118 [Note] Access denied for user 'root'@'localhost' (using password: NO)
2026-09-28T20:13:54.719916Z 3119 [Note] Access denied for user 'root'@'localhost' (using password: NO)
2026-09-28T20:14:05.729823Z 3120 [Note] Access denied for user 'root'@'localhost' (using password: NO)
2026-09-28T20:14:16.721261Z 3121 [Note] Access denied for user 'root'@'localhost' (using password: NO)
2026-09-28T20:14:27.714642Z 3122 [Note] Access denied for user 'root'@'localhost' (using password: NO)
2026-09-28T20:14:38.744446Z 3123 [Note] Access denied for user 'root'@'localhost' (using password: NO)
2026-09-28T20:14:49.725201Z 3124 [Note] Access denied for user 'root'@'localhost' (using password: NO)
2026-09-28T20:15:00.732017Z 3125 [Note] Access denied for user 'root'@'localhost' (using password: NO)
2026-09-28T20:15:11.722420Z 3126 [Note] Access denied for user 'root'@'localhost' (using password: NO)
2026-09-28T20:15:22.720839Z 3127 [Note] Access denied for user 'root'@'localhost' (using password: NO)
2026-09-28T20:15:33.722075Z 3128 [Note] Access denied for user 'root'@'localhost' (using password: NO)
2026-09-28T20:15:44.715828Z 3129 [Note] Access denied for user 'root'@'localhost' (using password: NO)
2026-09-28T20:15:55.726355Z 3130 [Note] Access denied for user 'root'@'localhost' (using password: NO)
2026-09-28T20:16:06.726360Z 3131 [Note] Access denied for user 'root'@'localhost' (using password: NO)
2026-09-28T20:16:17.714587Z 3132 [Note] Access denied for user 'root'@'localhost' (using password: NO)
2026-09-28T20:16:28.718339Z 3133 [Note] Access denied for user 'root'@'localhost' (using password: NO)
2026-09-28T20:16:39.727443Z 3134 [Note] Access denied for user 'root'@'localhost' (using password: NO)
2026-09-28T20:16:50.722703Z 3135 [Note] Access denied for user 'root'@'localhost' (using password: NO)
2026-09-28T20:17:01.724448Z 3136 [Note] Access denied for user 'root'@'localhost' (using password: NO)
2026-09-28T20:17:12.720068Z 3137 [Note] Access denied for user 'root'@'localhost' (using password: NO)
2026-09-28T20:17:23.724718Z 3138 [Note] Access denied for user 'root'@'localhost' (using password: NO)
2026-09-28T20:17:34.717599Z 3139 [Note] Access denied for user 'root'@'localhost' (using password: NO)
2026-09-28T20:17:45.717693Z 3140 [Note] Access denied for user 'root'@'localhost' (using password: NO)
2026-09-28T20:17:56.723088Z 3141 [Note] Access denied for user 'root'@'localhost' (using password: NO)
2026-09-28T20:18:07.715977Z 3142 [Note] Access denied for user 'root'@'localhost' (using password: NO)
2026-09-28T20:18:18.726599Z 3143 [Note] Access denied for user 'root'@'localhost' (using password: NO)
2026-09-28T20:18:29.720771Z 3144 [Note] Access denied for user 'root'@'localhost' (using password: NO)
2026-09-28T20:18:40.733390Z 3145 [Note] Access denied for user 'root'@'localhost' (using password: NO)
2026-09-28T20:18:51.716153Z 3146 [Note] Access denied for user 'root'@'localhost' (using password: NO)
2026-09-28T20:19:02.722833Z 3147 [Note] Access denied for user 'root'@'localhost' (using password: NO)
2026-09-28T20:19:13.727535Z 3148 [Note] Access denied for user 'root'@'localhost' (using password: NO)
2026-09-28T20:19:24.738715Z 3149 [Note] Access denied for user 'root'@'localhost' (using password: NO)
2026-09-28T20:19:35.726413Z 3150 [Note] Access denied for user 'root'@'localhost' (using password: NO)
2026-09-28T20:19:46.719977Z 3151 [Note] Access denied for user 'root'@'localhost' (using password: NO)
2026-09-28T20:19:57.725074Z 3152 [Note] Access denied for user 'root'@'localhost' (using password: NO)
2026-09-28T20:20:08.720272Z 3153 [Note] Access denied for user 'root'@'localhost' (using password: NO)
2026-09-28T20:20:19.716131Z 3154 [Note] Access denied for user 'root'@'localhost' (using password: NO)
2026-09-28T20:20:30.716514Z 3155 [Note] Access denied for user 'root'@'localhost' (using password: NO)
2026-09-28T20:20:41.729185Z 3156 [Note] Access denied for user 'root'@'localhost' (using password: NO)
2026-09-28T20:20:52.725539Z 3157 [Note] Access denied for user 'root'@'localhost' (using password: NO)
2026-09-28T20:21:03.728890Z 3158 [Note] Access denied for user 'root'@'localhost' (using password: NO)
2026-09-28T20:21:14.721011Z 3159 [Note] Access denied for user 'root'@'localhost' (using password: NO)
2026-09-28T20:21:25.723823Z 3160 [Note] Access denied for user 'root'@'localhost' (using password: NO)
2026-09-28T20:21:36.713836Z 3161 [Note] Access denied for user 'root'@'localhost' (using password: NO)
2026-09-28T20:21:47.723750Z 3162 [Note] Access denied for user 'root'@'localhost' (using password: NO)
2026-09-28T20:21:58.713650Z 3163 [Note] Access denied for user 'root'@'localhost' (using password: NO)
2026-09-28T20:22:09.711158Z 3164 [Note] Access denied for user 'root'@'localhost' (using password: NO)
2026-09-28T20:22:20.721435Z 3165 [Note] Access denied for user 'root'@'localhost' (using password: NO)
2026-09-28T20:22:31.720955Z 3166 [Note] Access denied for user 'root'@'localhost' (using password: NO)
2026-09-28T20:22:42.733015Z 3167 [Note] Access denied for user 'root'@'localhost' (using password: NO)
2026-09-28T20:22:53.715408Z 3168 [Note] Access denied for user 'root'@'localhost' (using password: NO)
2026-09-28T20:23:04.714793Z 3169 [Note] Access denied for user 'root'@'localhost' (using password: NO)
2026-09-28T20:23:15.730317Z 3170 [Note] Access denied for user 'root'@'localhost' (using password: NO)
2026-09-28T20:23:26.724322Z 3171 [Note] Access denied for user 'root'@'localhost' (using password: NO)
2026-09-28T20:23:37.719739Z 3172 [Note] Access denied for user 'root'@'localhost' (using password: NO)
2026-09-28T20:23:48.727657Z 3173 [Note] Access denied for user 'root'@'localhost' (using password: NO)
2026-09-28T20:23:59.722668Z 3174 [Note] Access denied for user 'root'@'localhost' (using password: NO)
2026-09-28T20:24:10.729804Z 3175 [Note] Access denied for user 'root'@'localhost' (using password: NO)
2026-09-28T20:24:21.714541Z 3176 [Note] Access denied for user 'root'@'localhost' (using password: NO)
2026-09-28T20:24:32.716075Z 3177 [Note] Access denied for user 'root'@'localhost' (using password: NO)
2026-09-28T20:24:43.720810Z 3178 [Note] Access denied for user 'root'@'localhost' (using password: NO)
2026-09-28T20:24:54.727452Z 3179 [Note] Access denied for user 'root'@'localhost' (using password: NO)
2026-09-28T20:25:05.722267Z 3180 [Note] Access denied for user 'root'@'localhost' (using password: NO)
2026-09-28T20:25:16.731384Z 3181 [Note] Access denied for user 'root'@'localhost' (using password: NO)
2026-09-28T20:25:27.717856Z 3182 [Note] Access denied for user 'root'@'localhost' (using password: NO)
2026-09-28T20:25:38.716751Z 3183 [Note] Access denied for user 'root'@'localhost' (using password: NO)
2026-09-28T20:25:49.724386Z 3184 [Note] Access denied for user 'root'@'localhost' (using password: NO)
2026-09-28T20:26:00.712970Z 3185 [Note] Access denied for user 'root'@'localhost' (using password: NO)
2026-09-28T20:26:11.717559Z 3186 [Note] Access denied for user 'root'@'localhost' (using password: NO)
2026-09-28T20:26:22.734435Z 3187 [Note] Access denied for user 'root'@'localhost' (using password: NO)
2026-09-28T20:26:33.714989Z 3188 [Note] Access denied for user 'root'@'localhost' (using password: NO)
2026-09-28T20:26:44.710217Z 3189 [Note] Access denied for user 'root'@'localhost' (using password: NO)
2026-09-28T20:26:55.715508Z 3190 [Note] Access denied for user 'root'@'localhost' (using password: NO)
2026-09-28T20:27:06.741738Z 3191 [Note] Access denied for user 'root'@'localhost' (using password: NO)
2026-09-28T20:27:17.725946Z 3192 [Note] Access denied for user 'root'@'localhost' (using password: NO)
2026-09-28T20:27:28.720564Z 3193 [Note] Access denied for user 'root'@'localhost' (using password: NO)
2026-09-28T20:27:39.716011Z 3194 [Note] Access denied for user 'root'@'localhost' (using password: NO)
2026-09-28T20:27:50.729376Z 3195 [Note] Access denied for user 'root'@'localhost' (using password: NO)
2026-09-28T20:28:01.718730Z 3196 [Note] Access denied for user 'root'@'localhost' (using password: NO)
2026-09-28T20:28:12.721277Z 3197 [Note] Access denied for user 'root'@'localhost' (using password: NO)
2026-09-28T20:28:23.730340Z 3198 [Note] Access denied for user 'root'@'localhost' (using password: NO)
2026-09-28T20:28:34.714957Z 3199 [Note] Access denied for user 'root'@'localhost' (using password: NO)
2026-09-28T20:28:45.723926Z 3200 [Note] Access denied for user 'root'@'localhost' (using password: NO)
2026-09-28T20:28:56.715942Z 3201 [Note] Access denied for user 'root'@'localhost' (using password: NO)
2026-09-28T20:29:07.716910Z 3202 [Note] Access denied for user 'root'@'localhost' (using password: NO)
2026-09-28T20:29:18.723744Z 3203 [Note] Access denied for user 'root'@'localhost' (using password: NO)
2026-09-28T20:29:29.715954Z 3204 [Note] Access denied for user 'root'@'localhost' (using password: NO)
2026-09-28T20:29:40.710416Z 3205 [Note] Access denied for user 'root'@'localhost' (using password: NO)
2026-09-28T20:29:51.740785Z 3206 [Note] Access denied for user 'root'@'localhost' (using password: NO)
2026-09-28T20:30:02.726895Z 3207 [Note] Access denied for user 'root'@'localhost' (using password: NO)
2026-09-28T20:30:13.834868Z 3208 [Note] Access denied for user 'root'@'localhost' (using password: NO)
2026-09-28T20:30:24.715450Z 3209 [Note] Access denied for user 'root'@'localhost' (using password: NO)
2026-09-28T20:30:35.731761Z 3210 [Note] Access denied for user 'root'@'localhost' (using password: NO)
2026-09-28T20:30:46.729669Z 3211 [Note] Access denied for user 'root'@'localhost' (using password: NO)
2026-09-28T20:30:57.732690Z 3212 [Note] Access denied for user 'root'@'localhost' (using password: NO)
2026-09-28T20:31:08.729489Z 3213 [Note] Access denied for user 'root'@'localhost' (using password: NO)
2026-09-28T20:31:19.714033Z 3214 [Note] Access denied for user 'root'@'localhost' (using password: NO)
2026-09-28T20:31:30.711672Z 3215 [Note] Access denied for user 'root'@'localhost' (using password: NO)
2026-09-28T20:31:41.725251Z 3216 [Note] Access denied for user 'root'@'localhost' (using password: NO)
2026-09-28T20:31:52.730562Z 3217 [Note] Access denied for user 'root'@'localhost' (using password: NO)
2026-09-28T20:32:03.727889Z 3218 [Note] Access denied for user 'root'@'localhost' (using password: NO)
2026-09-28T20:32:14.724779Z 3219 [Note] Access denied for user 'root'@'localhost' (using password: NO)
2026-09-28T20:32:25.725491Z 3220 [Note] Access denied for user 'root'@'localhost' (using password: NO)
2026-09-28T20:32:36.723673Z 3221 [Note] Access denied for user 'root'@'localhost' (using password: NO)
2026-09-28T20:32:47.716761Z 3222 [Note] Access denied for user 'root'@'localhost' (using password: NO)
2026-09-28T20:32:58.720022Z 3223 [Note] Access denied for user 'root'@'localhost' (using password: NO)
2026-09-28T20:33:09.716933Z 3224 [Note] Access denied for user 'root'@'localhost' (using password: NO)
2026-09-28T20:33:20.716769Z 3225 [Note] Access denied for user 'root'@'localhost' (using password: NO)
2026-09-28T20:33:31.733220Z 3226 [Note] Access denied for user 'root'@'localhost' (using password: NO)
2026-09-28T20:33:42.725489Z 3227 [Note] Access denied for user 'root'@'localhost' (using password: NO)
2026-09-28T20:33:53.727293Z 3228 [Note] Access denied for user 'root'@'localhost' (using password: NO)
2026-09-28T20:34:04.729121Z 3229 [Note] Access denied for user 'root'@'localhost' (using password: NO)
2026-09-28T20:34:15.728129Z 3230 [Note] Access denied for user 'root'@'localhost' (using password: NO)
2026-09-28T20:34:26.721322Z 3231 [Note] Access denied for user 'root'@'localhost' (using password: NO)
2026-09-28T20:34:37.724928Z 3232 [Note] Access denied for user 'root'@'localhost' (using password: NO)
2026-09-28T20:34:48.718471Z 3233 [Note] Access denied for user 'root'@'localhost' (using password: NO)
2026-09-28T20:34:59.718803Z 3234 [Note] Access denied for user 'root'@'localhost' (using password: NO)
2026-09-28T20:35:10.716576Z 3235 [Note] Access denied for user 'root'@'localhost' (using password: NO)
2026-09-28T20:35:21.732593Z 3236 [Note] Access denied for user 'root'@'localhost' (using password: NO)
2026-09-28T20:35:32.729845Z 3237 [Note] Access denied for user 'root'@'localhost' (using password: NO)
2026-09-28T20:35:43.730587Z 3238 [Note] Access denied for user 'root'@'localhost' (using password: NO)
2026-09-28T20:35:54.720518Z 3239 [Note] Access denied for user 'root'@'localhost' (using password: NO)
2026-09-28T20:36:05.722639Z 3240 [Note] Access denied for user 'root'@'localhost' (using password: NO)
2026-09-28T20:36:16.727400Z 3241 [Note] Access denied for user 'root'@'localhost' (using password: NO)
2026-09-28T20:36:27.718731Z 3242 [Note] Access denied for user 'root'@'localhost' (using password: NO)
2026-09-28T20:36:38.729545Z 3243 [Note] Access denied for user 'root'@'localhost' (using password: NO)
2026-09-28T20:36:49.720258Z 3244 [Note] Access denied for user 'root'@'localhost' (using password: NO)
2026-09-28T20:37:00.732835Z 3245 [Note] Access denied for user 'root'@'localhost' (using password: NO)
2026-09-28T20:37:11.723913Z 3246 [Note] Access denied for user 'root'@'localhost' (using password: NO)
2026-09-28T20:37:22.727615Z 3247 [Note] Access denied for user 'root'@'localhost' (using password: NO)
2026-09-28T20:37:33.728038Z 3248 [Note] Access denied for user 'root'@'localhost' (using password: NO)
2026-09-28T20:37:44.713011Z 3249 [Note] Access denied for user 'root'@'localhost' (using password: NO)
2026-09-28T20:37:55.722014Z 3250 [Note] Access denied for user 'root'@'localhost' (using password: NO)
2026-09-28T20:38:06.719425Z 3251 [Note] Access denied for user 'root'@'localhost' (using password: NO)
2026-09-28T20:38:17.732315Z 3252 [Note] Access denied for user 'root'@'localhost' (using password: NO)
2026-09-28T20:38:28.750814Z 3253 [Note] Access denied for user 'root'@'localhost' (using password: NO)
2026-09-28T20:38:39.728898Z 3254 [Note] Access denied for user 'root'@'localhost' (using password: NO)
2026-09-28T20:38:50.715174Z 3255 [Note] Access denied for user 'root'@'localhost' (using password: NO)
2026-09-28T20:39:01.723325Z 3256 [Note] Access denied for user 'root'@'localhost' (using password: NO)
2026-09-28T20:39:12.723862Z 3257 [Note] Access denied for user 'root'@'localhost' (using password: NO)
2026-09-28T20:39:23.727184Z 3258 [Note] Access denied for user 'root'@'localhost' (using password: NO)
2026-09-28T20:39:34.718876Z 3259 [Note] Access denied for user 'root'@'localhost' (using password: NO)
2026-09-28T20:39:45.725310Z 3260 [Note] Access denied for user 'root'@'localhost' (using password: NO)
2026-09-28T20:39:56.726447Z 3261 [Note] Access denied for user 'root'@'localhost' (using password: NO)
2026-09-28T20:40:07.726629Z 3262 [Note] Access denied for user 'root'@'localhost' (using password: NO)
2026-09-28T20:40:18.717836Z 3263 [Note] Access denied for user 'root'@'localhost' (using password: NO)
2026-09-28T20:40:29.721326Z 3264 [Note] Access denied for user 'root'@'localhost' (using password: NO)
2026-09-28T20:40:40.719255Z 3265 [Note] Access denied for user 'root'@'localhost' (using password: NO)
2026-09-28T20:40:51.719831Z 3266 [Note] Access denied for user 'root'@'localhost' (using password: NO)
2026-09-28T20:41:02.713766Z 3267 [Note] Access denied for user 'root'@'localhost' (using password: NO)
2026-09-28T20:41:13.731728Z 3268 [Note] Access denied for user 'root'@'localhost' (using password: NO)
2026-09-28T20:41:24.718038Z 3269 [Note] Access denied for user 'root'@'localhost' (using password: NO)
2026-09-28T20:41:35.728086Z 3270 [Note] Access denied for user 'root'@'localhost' (using password: NO)
2026-09-28T20:41:46.723387Z 3271 [Note] Access denied for user 'root'@'localhost' (using password: NO)
2026-09-28T20:41:57.727832Z 3272 [Note] Access denied for user 'root'@'localhost' (using password: NO)
2026-09-28T20:42:08.720940Z 3273 [Note] Access denied for user 'root'@'localhost' (using password: NO)
2026-09-28T20:42:19.722629Z 3274 [Note] Access denied for user 'root'@'localhost' (using password: NO)
2026-09-28T20:42:30.760413Z 3275 [Note] Access denied for user 'root'@'localhost' (using password: NO)
2026-09-28T20:42:41.735227Z 3276 [Note] Access denied for user 'root'@'localhost' (using password: NO)
2026-09-28T20:42:52.725291Z 3277 [Note] Access denied for user 'root'@'localhost' (using password: NO)
2026-09-28T20:43:03.715513Z 3278 [Note] Access denied for user 'root'@'localhost' (using password: NO)
2026-09-28T20:43:14.730358Z 3279 [Note] Access denied for user 'root'@'localhost' (using password: NO)
2026-09-28T20:43:25.726143Z 3280 [Note] Access denied for user 'root'@'localhost' (using password: NO)
2026-09-28T20:43:36.717640Z 3281 [Note] Access denied for user 'root'@'localhost' (using password: NO)
2026-09-28T20:43:47.714729Z 3282 [Note] Access denied for user 'root'@'localhost' (using password: NO)
2026-09-28T20:43:58.726833Z 3283 [Note] Access denied for user 'root'@'localhost' (using password: NO)
2026-09-28T20:44:09.730765Z 3284 [Note] Access denied for user 'root'@'localhost' (using password: NO)
2026-09-28T20:44:20.718181Z 3285 [Note] Access denied for user 'root'@'localhost' (using password: NO)
2026-09-28T20:44:31.730843Z 3286 [Note] Access denied for user 'root'@'localhost' (using password: NO)
2026-09-28T20:44:42.711601Z 3287 [Note] Access denied for user 'root'@'localhost' (using password: NO)
2026-09-28T20:44:53.722572Z 3288 [Note] Access denied for user 'root'@'localhost' (using password: NO)
2026-09-28T20:45:04.709897Z 3289 [Note] Access denied for user 'root'@'localhost' (using password: NO)
2026-09-28T20:45:15.730532Z 3290 [Note] Access denied for user 'root'@'localhost' (using password: NO)
2026-09-28T20:45:26.719422Z 3291 [Note] Access denied for user 'root'@'localhost' (using password: NO)
2026-09-28T20:45:37.724446Z 3292 [Note] Access denied for user 'root'@'localhost' (using password: NO)
2026-09-28T20:45:48.740376Z 3293 [Note] Access denied for user 'root'@'localhost' (using password: NO)
2026-09-28T20:45:59.712831Z 3294 [Note] Access denied for user 'root'@'localhost' (using password: NO)
2026-09-28T20:46:10.714877Z 3295 [Note] Access denied for user 'root'@'localhost' (using password: NO)
2026-09-28T20:46:21.713445Z 3296 [Note] Access denied for user 'root'@'localhost' (using password: NO)
2026-09-28T20:46:32.727841Z 3297 [Note] Access denied for user 'root'@'localhost' (using password: NO)
2026-09-28T20:46:43.747435Z 3298 [Note] Access denied for user 'root'@'localhost' (using password: NO)
2026-09-28T20:46:54.713429Z 3299 [Note] Access denied for user 'root'@'localhost' (using password: NO)
2026-09-28T20:47:05.722956Z 3300 [Note] Access denied for user 'root'@'localhost' (using password: NO)
2026-09-28T20:47:16.721955Z 3301 [Note] Access denied for user 'root'@'localhost' (using password: NO)
2026-09-28T20:47:27.730866Z 3302 [Note] Access denied for user 'root'@'localhost' (using password: NO)
2026-09-28T20:47:38.729589Z 3303 [Note] Access denied for user 'root'@'localhost' (using password: NO)
2026-09-28T20:47:49.719497Z 3304 [Note] Access denied for user 'root'@'localhost' (using password: NO)
2026-09-28T20:48:00.736561Z 3305 [Note] Access denied for user 'root'@'localhost' (using password: NO)
2026-09-28T20:48:11.719753Z 3306 [Note] Access denied for user 'root'@'localhost' (using password: NO)
2026-09-28T20:48:22.738174Z 3307 [Note] Access denied for user 'root'@'localhost' (using password: NO)
2026-09-28T20:48:33.717762Z 3308 [Note] Access denied for user 'root'@'localhost' (using password: NO)
2026-09-28T20:48:44.721420Z 3309 [Note] Access denied for user 'root'@'localhost' (using password: NO)
2026-09-28T20:48:55.725322Z 3310 [Note] Access denied for user 'root'@'localhost' (using password: NO)
2026-09-28T20:49:06.714752Z 3311 [Note] Access denied for user 'root'@'localhost' (using password: NO)
2026-09-28T20:49:17.728198Z 3312 [Note] Access denied for user 'root'@'localhost' (using password: NO)
2026-09-28T20:49:28.729383Z 3313 [Note] Access denied for user 'root'@'localhost' (using password: NO)
2026-09-28T20:49:39.722255Z 3314 [Note] Access denied for user 'root'@'localhost' (using password: NO)
2026-09-28T20:49:50.728005Z 3315 [Note] Access denied for user 'root'@'localhost' (using password: NO)
2026-09-28T20:50:01.728651Z 3316 [Note] Access denied for user 'root'@'localhost' (using password: NO)
2026-09-28T20:50:12.719582Z 3317 [Note] Access denied for user 'root'@'localhost' (using password: NO)
2026-09-28T20:50:23.731779Z 3318 [Note] Access denied for user 'root'@'localhost' (using password: NO)
2026-09-28T20:50:34.723342Z 3319 [Note] Access denied for user 'root'@'localhost' (using password: NO)
2026-09-28T20:50:45.728983Z 3320 [Note] Access denied for user 'root'@'localhost' (using password: NO)
2026-09-28T20:50:56.727686Z 3321 [Note] Access denied for user 'root'@'localhost' (using password: NO)
2026-09-28T20:51:07.727969Z 3322 [Note] Access denied for user 'root'@'localhost' (using password: NO)
2026-09-28T20:51:18.722892Z 3323 [Note] Access denied for user 'root'@'localhost' (using password: NO)
2026-09-28T20:51:29.723569Z 3324 [Note] Access denied for user 'root'@'localhost' (using password: NO)
2026-09-28T20:51:40.717832Z 3325 [Note] Access denied for user 'root'@'localhost' (using password: NO)
2026-09-28T20:51:51.748591Z 3326 [Note] Access denied for user 'root'@'localhost' (using password: NO)
2026-09-28T20:52:02.732860Z 3327 [Note] Access denied for user 'root'@'localhost' (using password: NO)
2026-09-28T20:52:13.710739Z 3328 [Note] Access denied for user 'root'@'localhost' (using password: NO)
2026-09-28T20:52:24.722976Z 3329 [Note] Access denied for user 'root'@'localhost' (using password: NO)
2026-09-28T20:52:35.706129Z 3330 [Note] Access denied for user 'root'@'localhost' (using password: NO)
2026-09-28T20:52:46.723120Z 3331 [Note] Access denied for user 'root'@'localhost' (using password: NO)
2026-09-28T20:52:57.727552Z 3332 [Note] Access denied for user 'root'@'localhost' (using password: NO)
2026-09-28T20:53:08.729743Z 3333 [Note] Access denied for user 'root'@'localhost' (using password: NO)
2026-09-28T20:53:19.716084Z 3334 [Note] Access denied for user 'root'@'localhost' (using password: NO)
2026-09-28T20:53:30.717697Z 3335 [Note] Access denied for user 'root'@'localhost' (using password: NO)
2026-09-28T20:53:41.713669Z 3336 [Note] Access denied for user 'root'@'localhost' (using password: NO)
2026-09-28T20:53:52.725983Z 3337 [Note] Access denied for user 'root'@'localhost' (using password: NO)
2026-09-28T20:54:03.742460Z 3338 [Note] Access denied for user 'root'@'localhost' (using password: NO)
2026-09-28T20:54:14.720885Z 3339 [Note] Access denied for user 'root'@'localhost' (using password: NO)
2026-09-28T20:54:25.717912Z 3340 [Note] Access denied for user 'root'@'localhost' (using password: NO)
2026-09-28T20:54:36.718310Z 3341 [Note] Access denied for user 'root'@'localhost' (using password: NO)
2026-09-28T20:54:47.721770Z 3342 [Note] Access denied for user 'root'@'localhost' (using password: NO)
2026-09-28T20:54:58.707613Z 3343 [Note] Access denied for user 'root'@'localhost' (using password: NO)
2026-09-28T20:55:09.712056Z 3344 [Note] Access denied for user 'root'@'localhost' (using password: NO)
2026-09-28T20:55:20.710136Z 3345 [Note] Access denied for user 'root'@'localhost' (using password: NO)
2026-09-28T20:55:31.717651Z 3346 [Note] Access denied for user 'root'@'localhost' (using password: NO)
2026-09-28T20:55:42.711127Z 3347 [Note] Access denied for user 'root'@'localhost' (using password: NO)
2026-09-28T20:55:53.727614Z 3348 [Note] Access denied for user 'root'@'localhost' (using password: NO)
2026-09-28T20:56:04.715359Z 3349 [Note] Access denied for user 'root'@'localhost' (using password: NO)
2026-09-28T20:56:15.724804Z 3350 [Note] Access denied for user 'root'@'localhost' (using password: NO)
2026-09-28T20:56:26.722004Z 3351 [Note] Access denied for user 'root'@'localhost' (using password: NO)
2026-09-28T20:56:37.718138Z 3352 [Note] Access denied for user 'root'@'localhost' (using password: NO)
2026-09-28T20:56:48.735460Z 3353 [Note] Access denied for user 'root'@'localhost' (using password: NO)
2026-09-28T20:56:59.720345Z 3354 [Note] Access denied for user 'root'@'localhost' (using password: NO)
2026-09-28T20:57:10.733829Z 3355 [Note] Access denied for user 'root'@'localhost' (using password: NO)
2026-09-28T20:57:21.725030Z 3356 [Note] Access denied for user 'root'@'localhost' (using password: NO)
2026-09-28T20:57:32.735493Z 3357 [Note] Access denied for user 'root'@'localhost' (using password: NO)
2026-09-28T20:57:43.774463Z 3358 [Note] Access denied for user 'root'@'localhost' (using password: NO)
2026-09-28T20:57:54.732640Z 3359 [Note] Access denied for user 'root'@'localhost' (using password: NO)
2026-09-28T20:58:05.709677Z 3360 [Note] Access denied for user 'root'@'localhost' (using password: NO)
2026-09-28T20:58:16.716602Z 3361 [Note] Access denied for user 'root'@'localhost' (using password: NO)
2026-09-28T20:58:27.724300Z 3362 [Note] Access denied for user 'root'@'localhost' (using password: NO)
2026-09-28T20:58:38.733509Z 3363 [Note] Access denied for user 'root'@'localhost' (using password: NO)
2026-09-28T20:58:49.719714Z 3364 [Note] Access denied for user 'root'@'localhost' (using password: NO)
2026-09-28T20:59:00.722931Z 3365 [Note] Access denied for user 'root'@'localhost' (using password: NO)
2026-09-28T20:59:11.727149Z 3366 [Note] Access denied for user 'root'@'localhost' (using password: NO)
2026-09-28T20:59:22.735336Z 3367 [Note] Access denied for user 'root'@'localhost' (using password: NO)
2026-09-28T20:59:33.714943Z 3368 [Note] Access denied for user 'root'@'localhost' (using password: NO)
2026-09-28T20:59:44.722355Z 3369 [Note] Access denied for user 'root'@'localhost' (using password: NO)
2026-09-28T20:59:55.717276Z 3370 [Note] Access denied for user 'root'@'localhost' (using password: NO)
2026-09-28T21:00:06.732421Z 3371 [Note] Access denied for user 'root'@'localhost' (using password: NO)
2026-09-28T21:00:17.707866Z 3372 [Note] Access denied for user 'root'@'localhost' (using password: NO)
2026-09-28T21:00:28.727874Z 3373 [Note] Access denied for user 'root'@'localhost' (using password: NO)
2026-09-28T21:00:39.391607Z 3374 [Note] Access denied for user 'root'@'localhost' (using password: NO)
2026-09-28T21:00:49.716891Z 3375 [Note] Access denied for user 'root'@'localhost' (using password: NO)
2026-09-28T21:01:00.719946Z 3376 [Note] Access denied for user 'root'@'localhost' (using password: NO)
2026-09-28T21:01:11.715345Z 3377 [Note] Access denied for user 'root'@'localhost' (using password: NO)
2026-09-28T21:01:22.713334Z 3378 [Note] Access denied for user 'root'@'localhost' (using password: NO)
2026-09-28T21:01:33.715691Z 3379 [Note] Access denied for user 'root'@'localhost' (using password: NO)
2026-09-28T21:01:44.725939Z 3380 [Note] Access denied for user 'root'@'localhost' (using password: NO)
2026-09-28T21:01:55.720416Z 3381 [Note] Access denied for user 'root'@'localhost' (using password: NO)
2026-09-28T21:02:06.719462Z 3382 [Note] Access denied for user 'root'@'localhost' (using password: NO)
2026-09-28T21:02:17.728881Z 3383 [Note] Access denied for user 'root'@'localhost' (using password: NO)
2026-09-28T21:02:28.725861Z 3384 [Note] Access denied for user 'root'@'localhost' (using password: NO)
2026-09-28T21:02:39.720267Z 3385 [Note] Access denied for user 'root'@'localhost' (using password: NO)
2026-09-28T21:02:50.718616Z 3386 [Note] Access denied for user 'root'@'localhost' (using password: NO)
2026-09-28T21:03:01.712173Z 3387 [Note] Access denied for user 'root'@'localhost' (using password: NO)
2026-09-28T21:03:12.718042Z 3388 [Note] Access denied for user 'root'@'localhost' (using password: NO)
2026-09-28T21:03:23.761834Z 3389 [Note] Access denied for user 'root'@'localhost' (using password: NO)
2026-09-28T21:03:34.722893Z 3390 [Note] Access denied for user 'root'@'localhost' (using password: NO)
2026-09-28T21:03:45.711813Z 3391 [Note] Access denied for user 'root'@'localhost' (using password: NO)
2026-09-28T21:03:56.717602Z 3392 [Note] Access denied for user 'root'@'localhost' (using password: NO)
2026-09-28T21:04:07.714323Z 3393 [Note] Access denied for user 'root'@'localhost' (using password: NO)
2026-09-28T21:04:18.719350Z 3394 [Note] Access denied for user 'root'@'localhost' (using password: NO)
2026-09-28T21:04:29.717075Z 3395 [Note] Access denied for user 'root'@'localhost' (using password: NO)
2026-09-28T21:04:40.729340Z 3396 [Note] Access denied for user 'root'@'localhost' (using password: NO)
2026-09-28T21:04:51.719152Z 3397 [Note] Access denied for user 'root'@'localhost' (using password: NO)
2026-09-28T21:05:02.722997Z 3398 [Note] Access denied for user 'root'@'localhost' (using password: NO)
2026-09-28T21:05:13.729446Z 3399 [Note] Access denied for user 'root'@'localhost' (using password: NO)
2026-09-28T21:05:24.721568Z 3400 [Note] Access denied for user 'root'@'localhost' (using password: NO)
2026-09-28T21:05:35.720838Z 3401 [Note] Access denied for user 'root'@'localhost' (using password: NO)
2026-09-28T21:05:46.719250Z 3402 [Note] Access denied for user 'root'@'localhost' (using password: NO)
2026-09-28T21:05:57.725138Z 3403 [Note] Access denied for user 'root'@'localhost' (using password: NO)
2026-09-28T21:06:08.723008Z 3404 [Note] Access denied for user 'root'@'localhost' (using password: NO)
2026-09-28T21:06:19.707191Z 3405 [Note] Access denied for user 'root'@'localhost' (using password: NO)
2026-09-28T21:06:30.715405Z 3406 [Note] Access denied for user 'root'@'localhost' (using password: NO)
2026-09-28T21:06:41.712519Z 3407 [Note] Access denied for user 'root'@'localhost' (using password: NO)
2026-09-28T21:06:52.717223Z 3408 [Note] Access denied for user 'root'@'localhost' (using password: NO)
2026-09-28T21:07:03.718622Z 3409 [Note] Access denied for user 'root'@'localhost' (using password: NO)
2026-09-28T21:07:14.717027Z 3410 [Note] Access denied for user 'root'@'localhost' (using password: NO)
2026-09-28T21:07:25.725379Z 3411 [Note] Access denied for user 'root'@'localhost' (using password: NO)
2026-09-28T21:07:36.714825Z 3412 [Note] Access denied for user 'root'@'localhost' (using password: NO)
2026-09-28T21:07:47.718154Z 3413 [Note] Access denied for user 'root'@'localhost' (using password: NO)
2026-09-28T21:07:58.715973Z 3414 [Note] Access denied for user 'root'@'localhost' (using password: NO)
2026-09-28T21:08:09.710402Z 3415 [Note] Access denied for user 'root'@'localhost' (using password: NO)
2026-09-28T21:08:20.719490Z 3416 [Note] Access denied for user 'root'@'localhost' (using password: NO)
2026-09-28T21:08:31.724421Z 3417 [Note] Access denied for user 'root'@'localhost' (using password: NO)
2026-09-28T21:08:42.728954Z 3418 [Note] Access denied for user 'root'@'localhost' (using password: NO)
2026-09-28T21:08:53.727816Z 3419 [Note] Access denied for user 'root'@'localhost' (using password: NO)
2026-09-28T21:09:04.720532Z 3420 [Note] Access denied for user 'root'@'localhost' (using password: NO)
2026-09-28T21:09:15.727665Z 3421 [Note] Access denied for user 'root'@'localhost' (using password: NO)
2026-09-28T21:09:26.736731Z 3422 [Note] Access denied for user 'root'@'localhost' (using password: NO)
2026-09-28T21:09:37.717158Z 3423 [Note] Access denied for user 'root'@'localhost' (using password: NO)
2026-09-28T21:09:48.747813Z 3424 [Note] Access denied for user 'root'@'localhost' (using password: NO)
2026-09-28T21:09:59.719789Z 3425 [Note] Access denied for user 'root'@'localhost' (using password: NO)
2026-09-28T21:10:10.722623Z 3426 [Note] Access denied for user 'root'@'localhost' (using password: NO)
2026-09-28T21:10:21.726015Z 3427 [Note] Access denied for user 'root'@'localhost' (using password: NO)
2026-09-28T21:10:32.720552Z 3428 [Note] Access denied for user 'root'@'localhost' (using password: NO)
2026-09-28T21:10:43.731348Z 3429 [Note] Access denied for user 'root'@'localhost' (using password: NO)
2026-09-28T21:10:54.722947Z 3430 [Note] Access denied for user 'root'@'localhost' (using password: NO)
2026-09-28T21:11:05.710995Z 3431 [Note] Access denied for user 'root'@'localhost' (using password: NO)
2026-09-28T21:11:16.719872Z 3432 [Note] Access denied for user 'root'@'localhost' (using password: NO)
2026-09-28T21:11:27.723934Z 3433 [Note] Access denied for user 'root'@'localhost' (using password: NO)
2026-09-28T21:11:38.720495Z 3434 [Note] Access denied for user 'root'@'localhost' (using password: NO)
2026-09-28T21:11:49.722245Z 3435 [Note] Access denied for user 'root'@'localhost' (using password: NO)
2026-09-28T21:12:00.725768Z 3436 [Note] Access denied for user 'root'@'localhost' (using password: NO)
2026-09-28T21:12:11.711761Z 3437 [Note] Access denied for user 'root'@'localhost' (using password: NO)
2026-09-28T21:12:22.722911Z 3438 [Note] Access denied for user 'root'@'localhost' (using password: NO)
2026-09-28T21:12:33.708141Z 3439 [Note] Access denied for user 'root'@'localhost' (using password: NO)
2026-09-28T21:12:44.721322Z 3440 [Note] Access denied for user 'root'@'localhost' (using password: NO)
2026-09-28T21:12:54.868785Z 3441 [Note] Access denied for user 'root'@'localhost' (using password: NO)
2026-09-28T21:13:05.716442Z 3442 [Note] Access denied for user 'root'@'localhost' (using password: NO)
2026-09-28T21:13:16.716491Z 3443 [Note] Access denied for user 'root'@'localhost' (using password: NO)
2026-09-28T21:13:27.713404Z 3444 [Note] Access denied for user 'root'@'localhost' (using password: NO)
2026-09-28T21:13:38.720194Z 3445 [Note] Access denied for user 'root'@'localhost' (using password: NO)
2026-09-28T21:13:49.736539Z 3446 [Note] Access denied for user 'root'@'localhost' (using password: NO)
2026-09-28T21:14:00.722252Z 3447 [Note] Access denied for user 'root'@'localhost' (using password: NO)
2026-09-28T21:14:11.708729Z 3448 [Note] Access denied for user 'root'@'localhost' (using password: NO)
2026-09-28T21:14:22.735137Z 3449 [Note] Access denied for user 'root'@'localhost' (using password: NO)
2026-09-28T21:14:33.719729Z 3450 [Note] Access denied for user 'root'@'localhost' (using password: NO)
2026-09-28T21:14:44.727222Z 3451 [Note] Access denied for user 'root'@'localhost' (using password: NO)
2026-09-28T21:14:55.729436Z 3452 [Note] Access denied for user 'root'@'localhost' (using password: NO)
2026-09-28T21:15:06.713894Z 3453 [Note] Access denied for user 'root'@'localhost' (using password: NO)
2026-09-28T21:15:17.723190Z 3454 [Note] Access denied for user 'root'@'localhost' (using password: NO)
2026-09-28T21:15:28.710752Z 3455 [Note] Access denied for user 'root'@'localhost' (using password: NO)
2026-09-28T21:15:39.504068Z 3456 [Note] Access denied for user 'root'@'localhost' (using password: NO)
2026-09-28T21:15:49.730791Z 3457 [Note] Access denied for user 'root'@'localhost' (using password: NO)
2026-09-28T21:16:00.713826Z 3458 [Note] Access denied for user 'root'@'localhost' (using password: NO)
2026-09-28T21:16:11.720050Z 3459 [Note] Access denied for user 'root'@'localhost' (using password: NO)
2026-09-28T21:16:22.729303Z 3460 [Note] Access denied for user 'root'@'localhost' (using password: NO)
2026-09-28T21:16:33.720161Z 3461 [Note] Access denied for user 'root'@'localhost' (using password: NO)
2026-09-28T21:16:44.719842Z 3462 [Note] Access denied for user 'root'@'localhost' (using password: NO)
2026-09-28T21:16:55.722499Z 3463 [Note] Access denied for user 'root'@'localhost' (using password: NO)
2026-09-28T21:17:06.710826Z 3464 [Note] Access denied for user 'root'@'localhost' (using password: NO)
2026-09-28T21:17:17.719149Z 3465 [Note] Access denied for user 'root'@'localhost' (using password: NO)
2026-09-28T21:17:28.722353Z 3466 [Note] Access denied for user 'root'@'localhost' (using password: NO)
2026-09-28T21:17:39.715978Z 3467 [Note] Access denied for user 'root'@'localhost' (using password: NO)
2026-09-28T21:17:50.718028Z 3468 [Note] Access denied for user 'root'@'localhost' (using password: NO)
2026-09-28T21:18:01.725917Z 3469 [Note] Access denied for user 'root'@'localhost' (using password: NO)
2026-09-28T21:18:12.713584Z 3470 [Note] Access denied for user 'root'@'localhost' (using password: NO)
2026-09-28T21:18:23.714926Z 3471 [Note] Access denied for user 'root'@'localhost' (using password: NO)
2026-09-28T21:18:34.732705Z 3472 [Note] Access denied for user 'root'@'localhost' (using password: NO)
2026-09-28T21:18:45.725151Z 3473 [Note] Access denied for user 'root'@'localhost' (using password: NO)
2026-09-28T21:18:56.722440Z 3474 [Note] Access denied for user 'root'@'localhost' (using password: NO)
2026-09-28T21:19:07.717624Z 3475 [Note] Access denied for user 'root'@'localhost' (using password: NO)
2026-09-28T21:19:18.716667Z 3476 [Note] Access denied for user 'root'@'localhost' (using password: NO)
2026-09-28T21:19:29.738779Z 3477 [Note] Access denied for user 'root'@'localhost' (using password: NO)
2026-09-28T21:19:40.725261Z 3478 [Note] Access denied for user 'root'@'localhost' (using password: NO)
2026-09-28T21:19:51.723983Z 3479 [Note] Access denied for user 'root'@'localhost' (using password: NO)
2026-09-28T21:20:02.718744Z 3480 [Note] Access denied for user 'root'@'localhost' (using password: NO)
2026-09-28T21:20:13.717359Z 3481 [Note] Access denied for user 'root'@'localhost' (using password: NO)
2026-09-28T21:20:24.719034Z 3482 [Note] Access denied for user 'root'@'localhost' (using password: NO)
2026-09-28T21:20:35.735080Z 3483 [Note] Access denied for user 'root'@'localhost' (using password: NO)
2026-09-28T21:20:46.729692Z 3484 [Note] Access denied for user 'root'@'localhost' (using password: NO)
2026-09-28T21:20:57.731776Z 3485 [Note] Access denied for user 'root'@'localhost' (using password: NO)
2026-09-28T21:21:08.714597Z 3486 [Note] Access denied for user 'root'@'localhost' (using password: NO)
2026-09-28T21:21:19.724109Z 3487 [Note] Access denied for user 'root'@'localhost' (using password: NO)
2026-09-28T21:21:30.716794Z 3488 [Note] Access denied for user 'root'@'localhost' (using password: NO)
2026-09-28T21:21:41.713179Z 3489 [Note] Access denied for user 'root'@'localhost' (using password: NO)
2026-09-28T21:21:52.718715Z 3490 [Note] Access denied for user 'root'@'localhost' (using password: NO)
2026-09-28T21:22:03.714615Z 3491 [Note] Access denied for user 'root'@'localhost' (using password: NO)
2026-09-28T21:22:14.724649Z 3492 [Note] Access denied for user 'root'@'localhost' (using password: NO)
2026-09-28T21:22:25.721922Z 3493 [Note] Access denied for user 'root'@'localhost' (using password: NO)
2026-09-28T21:22:36.722628Z 3494 [Note] Access denied for user 'root'@'localhost' (using password: NO)
2026-09-28T21:22:47.718472Z 3495 [Note] Access denied for user 'root'@'localhost' (using password: NO)
2026-09-28T21:22:58.732892Z 3496 [Note] Access denied for user 'root'@'localhost' (using password: NO)
2026-09-28T21:23:09.716164Z 3497 [Note] Access denied for user 'root'@'localhost' (using password: NO)
2026-09-28T21:23:20.726396Z 3498 [Note] Access denied for user 'root'@'localhost' (using password: NO)
2026-09-28T21:23:31.721993Z 3499 [Note] Access denied for user 'root'@'localhost' (using password: NO)
2026-09-28T21:23:42.724160Z 3500 [Note] Access denied for user 'root'@'localhost' (using password: NO)
2026-09-28T21:23:53.724908Z 3501 [Note] Access denied for user 'root'@'localhost' (using password: NO)
2026-09-28T21:24:04.718460Z 3502 [Note] Access denied for user 'root'@'localhost' (using password: NO)
2026-09-28T21:24:15.723111Z 3503 [Note] Access denied for user 'root'@'localhost' (using password: NO)
2026-09-28T21:24:26.730089Z 3504 [Note] Access denied for user 'root'@'localhost' (using password: NO)
2026-09-28T21:24:37.709646Z 3505 [Note] Access denied for user 'root'@'localhost' (using password: NO)
2026-09-28T21:24:48.723746Z 3506 [Note] Access denied for user 'root'@'localhost' (using password: NO)
2026-09-28T21:24:59.716175Z 3507 [Note] Access denied for user 'root'@'localhost' (using password: NO)
2026-09-28T21:25:10.729484Z 3508 [Note] Access denied for user 'root'@'localhost' (using password: NO)
2026-09-28T21:25:21.720522Z 3509 [Note] Access denied for user 'root'@'localhost' (using password: NO)
2026-09-28T21:25:32.718450Z 3510 [Note] Access denied for user 'root'@'localhost' (using password: NO)
2026-09-28T21:25:43.728564Z 3511 [Note] Access denied for user 'root'@'localhost' (using password: NO)
2026-09-28T21:25:54.726330Z 3512 [Note] Access denied for user 'root'@'localhost' (using password: NO)
2026-09-28T21:26:05.718311Z 3513 [Note] Access denied for user 'root'@'localhost' (using password: NO)
2026-09-28T21:26:16.714488Z 3514 [Note] Access denied for user 'root'@'localhost' (using password: NO)
2026-09-28T21:26:27.717355Z 3515 [Note] Access denied for user 'root'@'localhost' (using password: NO)
2026-09-28T21:26:38.718835Z 3516 [Note] Access denied for user 'root'@'localhost' (using password: NO)
2026-09-28T21:26:49.736137Z 3517 [Note] Access denied for user 'root'@'localhost' (using password: NO)
2026-09-28T21:27:00.730961Z 3518 [Note] Access denied for user 'root'@'localhost' (using password: NO)
2026-09-28T21:27:11.719574Z 3519 [Note] Access denied for user 'root'@'localhost' (using password: NO)
2026-09-28T21:27:22.725531Z 3520 [Note] Access denied for user 'root'@'localhost' (using password: NO)
2026-09-28T21:27:33.718506Z 3521 [Note] Access denied for user 'root'@'localhost' (using password: NO)
2026-09-28T21:27:44.716864Z 3522 [Note] Access denied for user 'root'@'localhost' (using password: NO)
2026-09-28T21:27:55.029038Z 3523 [Note] Access denied for user 'root'@'localhost' (using password: NO)
2026-09-28T21:28:05.719972Z 3524 [Note] Access denied for user 'root'@'localhost' (using password: NO)
2026-09-28T21:28:16.728787Z 3525 [Note] Access denied for user 'root'@'localhost' (using password: NO)
2026-09-28T21:28:27.715009Z 3526 [Note] Access denied for user 'root'@'localhost' (using password: NO)
2026-09-28T21:28:38.723836Z 3527 [Note] Access denied for user 'root'@'localhost' (using password: NO)
2026-09-28T21:28:49.725777Z 3528 [Note] Access denied for user 'root'@'localhost' (using password: NO)
2026-09-28T21:29:00.733778Z 3529 [Note] Access denied for user 'root'@'localhost' (using password: NO)
2026-09-28T21:29:11.731937Z 3530 [Note] Access denied for user 'root'@'localhost' (using password: NO)
2026-09-28T21:29:22.711667Z 3531 [Note] Access denied for user 'root'@'localhost' (using password: NO)
2026-09-28T21:29:33.715663Z 3532 [Note] Access denied for user 'root'@'localhost' (using password: NO)
2026-09-28T21:29:44.716099Z 3533 [Note] Access denied for user 'root'@'localhost' (using password: NO)
2026-09-28T21:29:55.734739Z 3534 [Note] Access denied for user 'root'@'localhost' (using password: NO)
2026-09-28T21:30:06.774668Z 3535 [Note] Access denied for user 'root'@'localhost' (using password: NO)
2026-09-28T21:30:17.726808Z 3536 [Note] Access denied for user 'root'@'localhost' (using password: NO)
2026-09-28T21:30:28.721796Z 3537 [Note] Access denied for user 'root'@'localhost' (using password: NO)
2026-09-28T21:30:39.398122Z 3538 [Note] Access denied for user 'root'@'localhost' (using password: NO)
2026-09-28T21:30:49.717450Z 3539 [Note] Access denied for user 'root'@'localhost' (using password: NO)
2026-09-28T21:31:00.721346Z 3540 [Note] Access denied for user 'root'@'localhost' (using password: NO)
2026-09-28T21:31:11.735392Z 3541 [Note] Access denied for user 'root'@'localhost' (using password: NO)
2026-09-28T21:31:22.732826Z 3542 [Note] Access denied for user 'root'@'localhost' (using password: NO)
2026-09-28T21:31:33.720384Z 3543 [Note] Access denied for user 'root'@'localhost' (using password: NO)
2026-09-28T21:31:44.715122Z 3544 [Note] Access denied for user 'root'@'localhost' (using password: NO)
2026-09-28T21:31:55.724076Z 3545 [Note] Access denied for user 'root'@'localhost' (using password: NO)
2026-09-28T21:32:06.721706Z 3546 [Note] Access denied for user 'root'@'localhost' (using password: NO)
2026-09-28T21:32:17.721222Z 3547 [Note] Access denied for user 'root'@'localhost' (using password: NO)
2026-09-28T21:32:28.718202Z 3548 [Note] Access denied for user 'root'@'localhost' (using password: NO)
2026-09-28T21:32:39.720249Z 3549 [Note] Access denied for user 'root'@'localhost' (using password: NO)
2026-09-28T21:32:50.706638Z 3550 [Note] Access denied for user 'root'@'localhost' (using password: NO)
2026-09-28T21:33:01.741652Z 3551 [Note] Access denied for user 'root'@'localhost' (using password: NO)
2026-09-28T21:33:12.724300Z 3552 [Note] Access denied for user 'root'@'localhost' (using password: NO)
2026-09-28T21:33:23.733109Z 3553 [Note] Access denied for user 'root'@'localhost' (using password: NO)
2026-09-28T21:33:34.737150Z 3554 [Note] Access denied for user 'root'@'localhost' (using password: NO)
2026-09-28T21:33:45.720363Z 3555 [Note] Access denied for user 'root'@'localhost' (using password: NO)
2026-09-28T21:33:56.719589Z 3556 [Note] Access denied for user 'root'@'localhost' (using password: NO)
2026-09-28T21:34:07.719245Z 3557 [Note] Access denied for user 'root'@'localhost' (using password: NO)
2026-09-28T21:34:18.722164Z 3558 [Note] Access denied for user 'root'@'localhost' (using password: NO)
2026-09-28T21:34:29.716013Z 3559 [Note] Access denied for user 'root'@'localhost' (using password: NO)
2026-09-28T21:34:40.717376Z 3560 [Note] Access denied for user 'root'@'localhost' (using password: NO)
2026-09-28T21:34:51.721336Z 3561 [Note] Access denied for user 'root'@'localhost' (using password: NO)
2026-09-28T21:35:02.723495Z 3562 [Note] Access denied for user 'root'@'localhost' (using password: NO)
2026-09-28T21:35:13.714312Z 3563 [Note] Access denied for user 'root'@'localhost' (using password: NO)
2026-09-28T21:35:24.732174Z 3564 [Note] Access denied for user 'root'@'localhost' (using password: NO)
2026-09-28T21:35:35.749345Z 3565 [Note] Access denied for user 'root'@'localhost' (using password: NO)
2026-09-28T21:35:46.716836Z 3566 [Note] Access denied for user 'root'@'localhost' (using password: NO)
2026-09-28T21:35:57.722925Z 3567 [Note] Access denied for user 'root'@'localhost' (using password: NO)
2026-09-28T21:36:08.715984Z 3568 [Note] Access denied for user 'root'@'localhost' (using password: NO)
2026-09-28T21:36:19.719429Z 3569 [Note] Access denied for user 'root'@'localhost' (using password: NO)
2026-09-28T21:36:30.738622Z 3570 [Note] Access denied for user 'root'@'localhost' (using password: NO)
2026-09-28T21:36:41.714354Z 3571 [Note] Access denied for user 'root'@'localhost' (using password: NO)
2026-09-28T21:36:52.719734Z 3572 [Note] Access denied for user 'root'@'localhost' (using password: NO)
2026-09-28T21:37:03.730157Z 3573 [Note] Access denied for user 'root'@'localhost' (using password: NO)
2026-09-28T21:37:14.721801Z 3574 [Note] Access denied for user 'root'@'localhost' (using password: NO)
2026-09-28T21:37:25.719770Z 3575 [Note] Access denied for user 'root'@'localhost' (using password: NO)
2026-09-28T21:37:36.724348Z 3576 [Note] Access denied for user 'root'@'localhost' (using password: NO)
2026-09-28T21:37:47.717798Z 3577 [Note] Access denied for user 'root'@'localhost' (using password: NO)
2026-09-28T21:37:58.726922Z 3578 [Note] Access denied for user 'root'@'localhost' (using password: NO)
2026-09-28T21:38:09.720319Z 3579 [Note] Access denied for user 'root'@'localhost' (using password: NO)
2026-09-28T21:38:20.720200Z 3580 [Note] Access denied for user 'root'@'localhost' (using password: NO)
2026-09-28T21:38:31.762525Z 3581 [Note] Access denied for user 'root'@'localhost' (using password: NO)
2026-09-28T21:38:42.715874Z 3582 [Note] Access denied for user 'root'@'localhost' (using password: NO)
2026-09-28T21:38:53.720208Z 3583 [Note] Access denied for user 'root'@'localhost' (using password: NO)
2026-09-28T21:39:04.732391Z 3584 [Note] Access denied for user 'root'@'localhost' (using password: NO)
2026-09-28T21:39:15.714425Z 3585 [Note] Access denied for user 'root'@'localhost' (using password: NO)
2026-09-28T21:39:26.722561Z 3586 [Note] Access denied for user 'root'@'localhost' (using password: NO)
2026-09-28T21:39:37.731400Z 3587 [Note] Access denied for user 'root'@'localhost' (using password: NO)
2026-09-28T21:39:48.711008Z 3588 [Note] Access denied for user 'root'@'localhost' (using password: NO)
2026-09-28T21:39:59.717791Z 3589 [Note] Access denied for user 'root'@'localhost' (using password: NO)
2026-09-28T21:40:10.714893Z 3590 [Note] Access denied for user 'root'@'localhost' (using password: NO)
2026-09-28T21:40:21.726398Z 3591 [Note] Access denied for user 'root'@'localhost' (using password: NO)
2026-09-28T21:40:32.721704Z 3592 [Note] Access denied for user 'root'@'localhost' (using password: NO)
2026-09-28T21:40:43.752357Z 3593 [Note] Access denied for user 'root'@'localhost' (using password: NO)
2026-09-28T21:40:54.719660Z 3594 [Note] Access denied for user 'root'@'localhost' (using password: NO)
2026-09-28T21:41:05.727229Z 3595 [Note] Access denied for user 'root'@'localhost' (using password: NO)
2026-09-28T21:41:16.718662Z 3596 [Note] Access denied for user 'root'@'localhost' (using password: NO)
2026-09-28T21:41:27.745583Z 3597 [Note] Access denied for user 'root'@'localhost' (using password: NO)
2026-09-28T21:41:38.717766Z 3598 [Note] Access denied for user 'root'@'localhost' (using password: NO)
2026-09-28T21:41:49.718586Z 3599 [Note] Access denied for user 'root'@'localhost' (using password: NO)
2026-09-28T21:42:00.727941Z 3600 [Note] Access denied for user 'root'@'localhost' (using password: NO)
2026-09-28T21:42:11.728541Z 3601 [Note] Access denied for user 'root'@'localhost' (using password: NO)
2026-09-28T21:42:22.721218Z 3602 [Note] Access denied for user 'root'@'localhost' (using password: NO)
2026-09-28T21:42:33.721567Z 3603 [Note] Access denied for user 'root'@'localhost' (using password: NO)
2026-09-28T21:42:44.729449Z 3604 [Note] Access denied for user 'root'@'localhost' (using password: NO)
2026-09-28T21:42:55.211624Z 3605 [Note] Access denied for user 'root'@'localhost' (using password: NO)
2026-09-28T21:43:05.718232Z 3606 [Note] Access denied for user 'root'@'localhost' (using password: NO)
2026-09-28T21:43:16.723051Z 3607 [Note] Access denied for user 'root'@'localhost' (using password: NO)
2026-09-28T21:43:27.720012Z 3608 [Note] Access denied for user 'root'@'localhost' (using password: NO)
2026-09-28T21:43:38.718547Z 3609 [Note] Access denied for user 'root'@'localhost' (using password: NO)
2026-09-28T21:43:49.713946Z 3610 [Note] Access denied for user 'root'@'localhost' (using password: NO)
2026-09-28T21:44:00.736180Z 3611 [Note] Access denied for user 'root'@'localhost' (using password: NO)
2026-09-28T21:44:11.732488Z 3612 [Note] Access denied for user 'root'@'localhost' (using password: NO)
2026-09-28T21:44:22.722407Z 3613 [Note] Access denied for user 'root'@'localhost' (using password: NO)
2026-09-28T21:44:33.716037Z 3614 [Note] Access denied for user 'root'@'localhost' (using password: NO)
2026-09-28T21:44:44.722987Z 3615 [Note] Access denied for user 'root'@'localhost' (using password: NO)
2026-09-28T21:44:55.716254Z 3616 [Note] Access denied for user 'root'@'localhost' (using password: NO)
2026-09-28T21:45:06.719187Z 3617 [Note] Access denied for user 'root'@'localhost' (using password: NO)
2026-09-28T21:45:17.722397Z 3618 [Note] Access denied for user 'root'@'localhost' (using password: NO)
2026-09-28T21:45:28.734171Z 3619 [Note] Access denied for user 'root'@'localhost' (using password: NO)
2026-09-28T21:45:39.433495Z 3620 [Note] Access denied for user 'root'@'localhost' (using password: NO)
2026-09-28T21:45:49.715660Z 3621 [Note] Access denied for user 'root'@'localhost' (using password: NO)
2026-09-28T21:46:00.725247Z 3622 [Note] Access denied for user 'root'@'localhost' (using password: NO)
2026-09-28T21:46:11.722404Z 3623 [Note] Access denied for user 'root'@'localhost' (using password: NO)
2026-09-28T21:46:22.713712Z 3624 [Note] Access denied for user 'root'@'localhost' (using password: NO)
2026-09-28T21:46:33.716852Z 3625 [Note] Access denied for user 'root'@'localhost' (using password: NO)
2026-09-28T21:46:44.720411Z 3626 [Note] Access denied for user 'root'@'localhost' (using password: NO)
2026-09-28T21:46:55.730789Z 3627 [Note] Access denied for user 'root'@'localhost' (using password: NO)
2026-09-28T21:47:06.723282Z 3628 [Note] Access denied for user 'root'@'localhost' (using password: NO)
2026-09-28T21:47:17.723881Z 3629 [Note] Access denied for user 'root'@'localhost' (using password: NO)
2026-09-28T21:47:28.758037Z 3630 [Note] Access denied for user 'root'@'localhost' (using password: NO)
2026-09-28T21:47:39.719908Z 3631 [Note] Access denied for user 'root'@'localhost' (using password: NO)
2026-09-28T21:47:50.716252Z 3632 [Note] Access denied for user 'root'@'localhost' (using password: NO)
2026-09-28T21:48:01.757611Z 3633 [Note] Access denied for user 'root'@'localhost' (using password: NO)
2026-09-28T21:48:12.718210Z 3634 [Note] Access denied for user 'root'@'localhost' (using password: NO)
2026-09-28T21:48:23.720194Z 3635 [Note] Access denied for user 'root'@'localhost' (using password: NO)
2026-09-28T21:48:34.722744Z 3636 [Note] Access denied for user 'root'@'localhost' (using password: NO)
2026-09-28T21:48:45.720368Z 3637 [Note] Access denied for user 'root'@'localhost' (using password: NO)
2026-09-28T21:48:56.723000Z 3638 [Note] Access denied for user 'root'@'localhost' (using password: NO)
2026-09-28T21:49:07.732158Z 3639 [Note] Access denied for user 'root'@'localhost' (using password: NO)
2026-09-28T21:49:18.719902Z 3640 [Note] Access denied for user 'root'@'localhost' (using password: NO)
2026-09-28T21:49:29.737938Z 3641 [Note] Access denied for user 'root'@'localhost' (using password: NO)
2026-09-28T21:49:40.716993Z 3642 [Note] Access denied for user 'root'@'localhost' (using password: NO)
2026-09-28T21:49:51.732609Z 3643 [Note] Access denied for user 'root'@'localhost' (using password: NO)
2026-09-28T21:50:02.714139Z 3644 [Note] Access denied for user 'root'@'localhost' (using password: NO)
2026-09-28T21:50:13.713670Z 3645 [Note] Access denied for user 'root'@'localhost' (using password: NO)
2026-09-28T21:50:24.714234Z 3646 [Note] Access denied for user 'root'@'localhost' (using password: NO)
2026-09-28T21:50:35.716601Z 3647 [Note] Access denied for user 'root'@'localhost' (using password: NO)
2026-09-28T21:50:46.722837Z 3648 [Note] Access denied for user 'root'@'localhost' (using password: NO)
2026-09-28T21:50:57.725189Z 3649 [Note] Access denied for user 'root'@'localhost' (using password: NO)
2026-09-28T21:51:08.717307Z 3650 [Note] Access denied for user 'root'@'localhost' (using password: NO)
2026-09-28T21:51:19.712724Z 3651 [Note] Access denied for user 'root'@'localhost' (using password: NO)
2026-09-28T21:51:30.727527Z 3652 [Note] Access denied for user 'root'@'localhost' (using password: NO)
2026-09-28T21:51:41.729448Z 3653 [Note] Access denied for user 'root'@'localhost' (using password: NO)
2026-09-28T21:51:52.730638Z 3654 [Note] Access denied for user 'root'@'localhost' (using password: NO)
2026-09-28T21:52:03.721252Z 3655 [Note] Access denied for user 'root'@'localhost' (using password: NO)
2026-09-28T21:52:14.744360Z 3656 [Note] Access denied for user 'root'@'localhost' (using password: NO)
2026-09-28T21:52:25.721696Z 3657 [Note] Access denied for user 'root'@'localhost' (using password: NO)
2026-09-28T21:52:36.711240Z 3658 [Note] Access denied for user 'root'@'localhost' (using password: NO)
2026-09-28T21:52:47.716841Z 3659 [Note] Access denied for user 'root'@'localhost' (using password: NO)
2026-09-28T21:52:58.728695Z 3660 [Note] Access denied for user 'root'@'localhost' (using password: NO)
2026-09-28T21:53:09.724939Z 3661 [Note] Access denied for user 'root'@'localhost' (using password: NO)
2026-09-28T21:53:20.725042Z 3662 [Note] Access denied for user 'root'@'localhost' (using password: NO)
2026-09-28T21:53:31.745018Z 3663 [Note] Access denied for user 'root'@'localhost' (using password: NO)
2026-09-28T21:53:42.730660Z 3664 [Note] Access denied for user 'root'@'localhost' (using password: NO)
2026-09-28T21:53:53.724371Z 3665 [Note] Access denied for user 'root'@'localhost' (using password: NO)
2026-09-28T21:54:04.721950Z 3666 [Note] Access denied for user 'root'@'localhost' (using password: NO)
2026-09-28T21:54:15.716723Z 3667 [Note] Access denied for user 'root'@'localhost' (using password: NO)
2026-09-28T21:54:26.724150Z 3668 [Note] Access denied for user 'root'@'localhost' (using password: NO)
2026-09-28T21:54:37.727503Z 3669 [Note] Access denied for user 'root'@'localhost' (using password: NO)
2026-09-28T21:54:48.725142Z 3670 [Note] Access denied for user 'root'@'localhost' (using password: NO)
2026-09-28T21:54:59.716323Z 3671 [Note] Access denied for user 'root'@'localhost' (using password: NO)
2026-09-28T21:55:10.731215Z 3672 [Note] Access denied for user 'root'@'localhost' (using password: NO)
2026-09-28T21:55:21.726786Z 3673 [Note] Access denied for user 'root'@'localhost' (using password: NO)
2026-09-28T21:55:32.750582Z 3674 [Note] Access denied for user 'root'@'localhost' (using password: NO)
2026-09-28T21:55:43.738832Z 3675 [Note] Access denied for user 'root'@'localhost' (using password: NO)
2026-09-28T21:55:54.714113Z 3676 [Note] Access denied for user 'root'@'localhost' (using password: NO)
2026-09-28T21:56:05.718195Z 3677 [Note] Access denied for user 'root'@'localhost' (using password: NO)
2026-09-28T21:56:16.728148Z 3678 [Note] Access denied for user 'root'@'localhost' (using password: NO)
2026-09-28T21:56:27.751761Z 3679 [Note] Access denied for user 'root'@'localhost' (using password: NO)
2026-09-28T21:56:38.719415Z 3680 [Note] Access denied for user 'root'@'localhost' (using password: NO)
2026-09-28T21:56:49.711703Z 3681 [Note] Access denied for user 'root'@'localhost' (using password: NO)
2026-09-28T21:57:00.726948Z 3682 [Note] Access denied for user 'root'@'localhost' (using password: NO)
2026-09-28T21:57:11.721262Z 3683 [Note] Access denied for user 'root'@'localhost' (using password: NO)
2026-09-28T21:57:22.723621Z 3684 [Note] Access denied for user 'root'@'localhost' (using password: NO)
2026-09-28T21:57:33.711863Z 3685 [Note] Access denied for user 'root'@'localhost' (using password: NO)
2026-09-28T21:57:44.721939Z 3686 [Note] Access denied for user 'root'@'localhost' (using password: NO)
2026-09-28T21:57:55.308176Z 3687 [Note] Access denied for user 'root'@'localhost' (using password: NO)
2026-09-28T21:58:05.717834Z 3688 [Note] Access denied for user 'root'@'localhost' (using password: NO)
2026-09-28T21:58:16.723420Z 3689 [Note] Access denied for user 'root'@'localhost' (using password: NO)
2026-09-28T21:58:27.730153Z 3690 [Note] Access denied for user 'root'@'localhost' (using password: NO)
2026-09-28T21:58:38.721923Z 3691 [Note] Access denied for user 'root'@'localhost' (using password: NO)
2026-09-28T21:58:49.729056Z 3692 [Note] Access denied for user 'root'@'localhost' (using password: NO)
2026-09-28T21:59:00.721870Z 3693 [Note] Access denied for user 'root'@'localhost' (using password: NO)
2026-09-28T21:59:11.717369Z 3694 [Note] Access denied for user 'root'@'localhost' (using password: NO)
2026-09-28T21:59:22.723387Z 3695 [Note] Access denied for user 'root'@'localhost' (using password: NO)
2026-09-28T21:59:33.748522Z 3696 [Note] Access denied for user 'root'@'localhost' (using password: NO)
2026-09-28T21:59:44.733940Z 3697 [Note] Access denied for user 'root'@'localhost' (using password: NO)
2026-09-28T21:59:55.721740Z 3698 [Note] Access denied for user 'root'@'localhost' (using password: NO)
2026-09-28T22:00:06.731018Z 3699 [Note] Access denied for user 'root'@'localhost' (using password: NO)
2026-09-28T22:00:17.723233Z 3700 [Note] Access denied for user 'root'@'localhost' (using password: NO)
2026-09-28T22:00:28.718015Z 3701 [Note] Access denied for user 'root'@'localhost' (using password: NO)
2026-09-28T22:00:39.393583Z 3702 [Note] Access denied for user 'root'@'localhost' (using password: NO)
2026-09-28T22:00:49.711319Z 3703 [Note] Access denied for user 'root'@'localhost' (using password: NO)
2026-09-28T22:01:00.738370Z 3704 [Note] Access denied for user 'root'@'localhost' (using password: NO)
2026-09-28T22:01:11.715308Z 3705 [Note] Access denied for user 'root'@'localhost' (using password: NO)
2026-09-28T22:01:22.710047Z 3706 [Note] Access denied for user 'root'@'localhost' (using password: NO)
2026-09-28T22:01:33.737650Z 3707 [Note] Access denied for user 'root'@'localhost' (using password: NO)
2026-09-28T22:01:44.758987Z 3708 [Note] Access denied for user 'root'@'localhost' (using password: NO)
2026-09-28T22:01:55.710148Z 3709 [Note] Access denied for user 'root'@'localhost' (using password: NO)
2026-09-28T22:02:06.770613Z 3710 [Note] Access denied for user 'root'@'localhost' (using password: NO)
2026-09-28T22:02:17.753530Z 3711 [Note] Access denied for user 'root'@'localhost' (using password: NO)
2026-09-28T22:02:28.720858Z 3712 [Note] Access denied for user 'root'@'localhost' (using password: NO)
2026-09-28T22:02:39.721720Z 3713 [Note] Access denied for user 'root'@'localhost' (using password: NO)
2026-09-28T22:02:50.714737Z 3714 [Note] Access denied for user 'root'@'localhost' (using password: NO)
2026-09-28T22:03:01.740119Z 3715 [Note] Access denied for user 'root'@'localhost' (using password: NO)
2026-09-28T22:03:12.729679Z 3716 [Note] Access denied for user 'root'@'localhost' (using password: NO)
2026-09-28T22:03:23.737303Z 3717 [Note] Access denied for user 'root'@'localhost' (using password: NO)
2026-09-28T22:03:34.731526Z 3718 [Note] Access denied for user 'root'@'localhost' (using password: NO)
2026-09-28T22:03:45.721430Z 3719 [Note] Access denied for user 'root'@'localhost' (using password: NO)
2026-09-28T22:03:56.714698Z 3720 [Note] Access denied for user 'root'@'localhost' (using password: NO)
2026-09-28T22:04:07.721069Z 3721 [Note] Access denied for user 'root'@'localhost' (using password: NO)
2026-09-28T22:04:18.724995Z 3722 [Note] Access denied for user 'root'@'localhost' (using password: NO)
2026-09-28T22:04:29.718454Z 3723 [Note] Access denied for user 'root'@'localhost' (using password: NO)
2026-09-28T22:04:40.727999Z 3724 [Note] Access denied for user 'root'@'localhost' (using password: NO)
2026-09-28T22:04:51.726560Z 3725 [Note] Access denied for user 'root'@'localhost' (using password: NO)
2026-09-28T22:05:02.722141Z 3726 [Note] Access denied for user 'root'@'localhost' (using password: NO)
2026-09-28T22:05:13.716990Z 3727 [Note] Access denied for user 'root'@'localhost' (using password: NO)
2026-09-28T22:05:24.726399Z 3728 [Note] Access denied for user 'root'@'localhost' (using password: NO)
2026-09-28T22:05:35.723788Z 3729 [Note] Access denied for user 'root'@'localhost' (using password: NO)
2026-09-28T22:05:46.727918Z 3730 [Note] Access denied for user 'root'@'localhost' (using password: NO)
2026-09-28T22:05:57.718582Z 3731 [Note] Access denied for user 'root'@'localhost' (using password: NO)
2026-09-28T22:06:08.724058Z 3732 [Note] Access denied for user 'root'@'localhost' (using password: NO)
2026-09-28T22:06:19.718588Z 3733 [Note] Access denied for user 'root'@'localhost' (using password: NO)
2026-09-28T22:06:30.717596Z 3734 [Note] Access denied for user 'root'@'localhost' (using password: NO)
2026-09-28T22:06:41.717295Z 3735 [Note] Access denied for user 'root'@'localhost' (using password: NO)
2026-09-28T22:06:52.719938Z 3736 [Note] Access denied for user 'root'@'localhost' (using password: NO)
2026-09-28T22:07:03.727754Z 3737 [Note] Access denied for user 'root'@'localhost' (using password: NO)
2026-09-28T22:07:14.720903Z 3738 [Note] Access denied for user 'root'@'localhost' (using password: NO)
2026-09-28T22:07:25.717983Z 3739 [Note] Access denied for user 'root'@'localhost' (using password: NO)
2026-09-28T22:07:36.733859Z 3740 [Note] Access denied for user 'root'@'localhost' (using password: NO)
2026-09-28T22:07:47.716011Z 3741 [Note] Access denied for user 'root'@'localhost' (using password: NO)
2026-09-28T22:07:58.739222Z 3742 [Note] Access denied for user 'root'@'localhost' (using password: NO)
2026-09-28T22:08:09.711543Z 3743 [Note] Access denied for user 'root'@'localhost' (using password: NO)
2026-09-28T22:08:20.725255Z 3744 [Note] Access denied for user 'root'@'localhost' (using password: NO)
2026-09-28T22:08:31.723668Z 3745 [Note] Access denied for user 'root'@'localhost' (using password: NO)
2026-09-28T22:08:42.721677Z 3746 [Note] Access denied for user 'root'@'localhost' (using password: NO)
2026-09-28T22:08:53.739372Z 3747 [Note] Access denied for user 'root'@'localhost' (using password: NO)
2026-09-28T22:09:04.719090Z 3748 [Note] Access denied for user 'root'@'localhost' (using password: NO)
2026-09-28T22:09:15.713734Z 3749 [Note] Access denied for user 'root'@'localhost' (using password: NO)
2026-09-28T22:09:26.716029Z 3750 [Note] Access denied for user 'root'@'localhost' (using password: NO)
2026-09-28T22:09:37.745308Z 3751 [Note] Access denied for user 'root'@'localhost' (using password: NO)
2026-09-28T22:09:48.743853Z 3752 [Note] Access denied for user 'root'@'localhost' (using password: NO)
2026-09-28T22:09:59.722413Z 3753 [Note] Access denied for user 'root'@'localhost' (using password: NO)
2026-09-28T22:10:10.719092Z 3754 [Note] Access denied for user 'root'@'localhost' (using password: NO)
2026-09-28T22:10:21.741193Z 3755 [Note] Access denied for user 'root'@'localhost' (using password: NO)
2026-09-28T22:10:32.711700Z 3756 [Note] Access denied for user 'root'@'localhost' (using password: NO)
2026-09-28T22:10:43.758063Z 3757 [Note] Access denied for user 'root'@'localhost' (using password: NO)
2026-09-28T22:10:54.730056Z 3758 [Note] Access denied for user 'root'@'localhost' (using password: NO)
2026-09-28T22:11:05.713065Z 3759 [Note] Access denied for user 'root'@'localhost' (using password: NO)
2026-09-28T22:11:16.712435Z 3760 [Note] Access denied for user 'root'@'localhost' (using password: NO)
2026-09-28T22:11:27.713544Z 3761 [Note] Access denied for user 'root'@'localhost' (using password: NO)
2026-09-28T22:11:38.723362Z 3762 [Note] Access denied for user 'root'@'localhost' (using password: NO)
2026-09-28T22:11:49.712104Z 3763 [Note] Access denied for user 'root'@'localhost' (using password: NO)
2026-09-28T22:12:00.734336Z 3764 [Note] Access denied for user 'root'@'localhost' (using password: NO)
2026-09-28T22:12:11.712632Z 3765 [Note] Access denied for user 'root'@'localhost' (using password: NO)
2026-09-28T22:12:22.716558Z 3766 [Note] Access denied for user 'root'@'localhost' (using password: NO)
2026-09-28T22:12:33.725041Z 3767 [Note] Access denied for user 'root'@'localhost' (using password: NO)
2026-09-28T22:12:44.731906Z 3768 [Note] Access denied for user 'root'@'localhost' (using password: NO)
2026-09-28T22:12:55.471192Z 3769 [Note] Access denied for user 'root'@'localhost' (using password: NO)
2026-09-28T22:13:05.740996Z 3770 [Note] Access denied for user 'root'@'localhost' (using password: NO)
2026-09-28T22:13:16.720671Z 3771 [Note] Access denied for user 'root'@'localhost' (using password: NO)
2026-09-28T22:13:27.717275Z 3772 [Note] Access denied for user 'root'@'localhost' (using password: NO)
2026-09-28T22:13:38.748418Z 3773 [Note] Access denied for user 'root'@'localhost' (using password: NO)
2026-09-28T22:13:49.724752Z 3774 [Note] Access denied for user 'root'@'localhost' (using password: NO)
2026-09-28T22:14:00.742958Z 3775 [Note] Access denied for user 'root'@'localhost' (using password: NO)
2026-09-28T22:14:11.727123Z 3776 [Note] Access denied for user 'root'@'localhost' (using password: NO)
2026-09-28T22:14:22.720551Z 3777 [Note] Access denied for user 'root'@'localhost' (using password: NO)
2026-09-28T22:14:33.747954Z 3778 [Note] Access denied for user 'root'@'localhost' (using password: NO)
2026-09-28T22:14:44.741232Z 3779 [Note] Access denied for user 'root'@'localhost' (using password: NO)
2026-09-28T22:14:55.716710Z 3780 [Note] Access denied for user 'root'@'localhost' (using password: NO)
2026-09-28T22:15:06.727588Z 3781 [Note] Access denied for user 'root'@'localhost' (using password: NO)
2026-09-28T22:15:17.714440Z 3782 [Note] Access denied for user 'root'@'localhost' (using password: NO)
2026-09-28T22:15:28.724761Z 3783 [Note] Access denied for user 'root'@'localhost' (using password: NO)
2026-09-28T22:15:39.597586Z 3784 [Note] Access denied for user 'root'@'localhost' (using password: NO)
2026-09-28T22:15:50.717566Z 3785 [Note] Access denied for user 'root'@'localhost' (using password: NO)
2026-09-28T22:16:01.728061Z 3786 [Note] Access denied for user 'root'@'localhost' (using password: NO)
2026-09-28T22:16:12.722970Z 3787 [Note] Access denied for user 'root'@'localhost' (using password: NO)
2026-09-28T22:16:23.733934Z 3788 [Note] Access denied for user 'root'@'localhost' (using password: NO)
2026-09-28T22:16:34.720926Z 3789 [Note] Access denied for user 'root'@'localhost' (using password: NO)
2026-09-28T22:16:45.766103Z 3790 [Note] Access denied for user 'root'@'localhost' (using password: NO)
2026-09-28T22:16:56.732212Z 3791 [Note] Access denied for user 'root'@'localhost' (using password: NO)
2026-09-28T22:17:07.718943Z 3792 [Note] Access denied for user 'root'@'localhost' (using password: NO)
2026-09-28T22:17:18.710737Z 3793 [Note] Access denied for user 'root'@'localhost' (using password: NO)
2026-09-28T22:17:29.721164Z 3794 [Note] Access denied for user 'root'@'localhost' (using password: NO)
2026-09-28T22:17:40.719615Z 3795 [Note] Access denied for user 'root'@'localhost' (using password: NO)
2026-09-28T22:17:51.719772Z 3796 [Note] Access denied for user 'root'@'localhost' (using password: NO)
2026-09-28T22:18:02.724127Z 3797 [Note] Access denied for user 'root'@'localhost' (using password: NO)
2026-09-28T22:18:13.720071Z 3798 [Note] Access denied for user 'root'@'localhost' (using password: NO)
2026-09-28T22:18:24.725855Z 3799 [Note] Access denied for user 'root'@'localhost' (using password: NO)
2026-09-28T22:18:35.722040Z 3800 [Note] Access denied for user 'root'@'localhost' (using password: NO)
2026-09-28T22:18:46.720365Z 3801 [Note] Access denied for user 'root'@'localhost' (using password: NO)
2026-09-28T22:18:57.721329Z 3802 [Note] Access denied for user 'root'@'localhost' (using password: NO)
2026-09-28T22:19:08.722621Z 3803 [Note] Access denied for user 'root'@'localhost' (using password: NO)
2026-09-28T22:19:19.731939Z 3804 [Note] Access denied for user 'root'@'localhost' (using password: NO)
2026-09-28T22:19:30.711397Z 3805 [Note] Access denied for user 'root'@'localhost' (using password: NO)
2026-09-28T22:19:41.725331Z 3806 [Note] Access denied for user 'root'@'localhost' (using password: NO)
2026-09-28T22:19:52.715984Z 3807 [Note] Access denied for user 'root'@'localhost' (using password: NO)
2026-09-28T22:20:03.714768Z 3808 [Note] Access denied for user 'root'@'localhost' (using password: NO)
2026-09-28T22:20:14.733935Z 3809 [Note] Access denied for user 'root'@'localhost' (using password: NO)
2026-09-28T22:20:25.732575Z 3810 [Note] Access denied for user 'root'@'localhost' (using password: NO)
2026-09-28T22:20:36.712754Z 3811 [Note] Access denied for user 'root'@'localhost' (using password: NO)
2026-09-28T22:20:47.725497Z 3812 [Note] Access denied for user 'root'@'localhost' (using password: NO)
2026-09-28T22:20:58.719759Z 3813 [Note] Access denied for user 'root'@'localhost' (using password: NO)
2026-09-28T22:21:09.720139Z 3814 [Note] Access denied for user 'root'@'localhost' (using password: NO)
2026-09-28T22:21:20.718898Z 3815 [Note] Access denied for user 'root'@'localhost' (using password: NO)
2026-09-28T22:21:31.727307Z 3816 [Note] Access denied for user 'root'@'localhost' (using password: NO)
2026-09-28T22:21:42.716498Z 3817 [Note] Access denied for user 'root'@'localhost' (using password: NO)
2026-09-28T22:21:53.719640Z 3818 [Note] Access denied for user 'root'@'localhost' (using password: NO)
2026-09-28T22:22:04.718626Z 3819 [Note] Access denied for user 'root'@'localhost' (using password: NO)
2026-09-28T22:22:15.720656Z 3820 [Note] Access denied for user 'root'@'localhost' (using password: NO)
2026-09-28T22:22:26.733492Z 3821 [Note] Access denied for user 'root'@'localhost' (using password: NO)
2026-09-28T22:22:37.720848Z 3822 [Note] Access denied for user 'root'@'localhost' (using password: NO)
2026-09-28T22:22:48.715605Z 3823 [Note] Access denied for user 'root'@'localhost' (using password: NO)
2026-09-28T22:22:59.731644Z 3824 [Note] Access denied for user 'root'@'localhost' (using password: NO)
2026-09-28T22:23:10.721864Z 3825 [Note] Access denied for user 'root'@'localhost' (using password: NO)
2026-09-28T22:23:21.725871Z 3826 [Note] Access denied for user 'root'@'localhost' (using password: NO)
2026-09-28T22:23:32.728596Z 3827 [Note] Access denied for user 'root'@'localhost' (using password: NO)
2026-09-28T22:23:43.719031Z 3828 [Note] Access denied for user 'root'@'localhost' (using password: NO)
2026-09-28T22:23:54.722724Z 3829 [Note] Access denied for user 'root'@'localhost' (using password: NO)
2026-09-28T22:24:05.725778Z 3830 [Note] Access denied for user 'root'@'localhost' (using password: NO)
2026-09-28T22:24:16.716136Z 3831 [Note] Access denied for user 'root'@'localhost' (using password: NO)
2026-09-28T22:24:27.714523Z 3832 [Note] Access denied for user 'root'@'localhost' (using password: NO)
2026-09-28T22:24:38.718899Z 3833 [Note] Access denied for user 'root'@'localhost' (using password: NO)
2026-09-28T22:24:49.714182Z 3834 [Note] Access denied for user 'root'@'localhost' (using password: NO)
2026-09-28T22:25:00.715709Z 3835 [Note] Access denied for user 'root'@'localhost' (using password: NO)
2026-09-28T22:25:11.716309Z 3836 [Note] Access denied for user 'root'@'localhost' (using password: NO)
2026-09-28T22:25:22.705177Z 3837 [Note] Access denied for user 'root'@'localhost' (using password: NO)
2026-09-28T22:25:33.714031Z 3838 [Note] Access denied for user 'root'@'localhost' (using password: NO)
2026-09-28T22:25:44.726502Z 3839 [Note] Access denied for user 'root'@'localhost' (using password: NO)
2026-09-28T22:25:55.713419Z 3840 [Note] Access denied for user 'root'@'localhost' (using password: NO)
2026-09-28T22:26:06.738898Z 3841 [Note] Access denied for user 'root'@'localhost' (using password: NO)
2026-09-28T22:26:17.719543Z 3842 [Note] Access denied for user 'root'@'localhost' (using password: NO)
2026-09-28T22:26:28.710920Z 3843 [Note] Access denied for user 'root'@'localhost' (using password: NO)
2026-09-28T22:26:39.734978Z 3844 [Note] Access denied for user 'root'@'localhost' (using password: NO)
2026-09-28T22:26:50.721432Z 3845 [Note] Access denied for user 'root'@'localhost' (using password: NO)
2026-09-28T22:27:01.731772Z 3846 [Note] Access denied for user 'root'@'localhost' (using password: NO)
2026-09-28T22:27:12.725788Z 3847 [Note] Access denied for user 'root'@'localhost' (using password: NO)
2026-09-28T22:27:23.716483Z 3848 [Note] Access denied for user 'root'@'localhost' (using password: NO)
2026-09-28T22:27:34.731346Z 3849 [Note] Access denied for user 'root'@'localhost' (using password: NO)
2026-09-28T22:27:45.728337Z 3850 [Note] Access denied for user 'root'@'localhost' (using password: NO)
2026-09-28T22:27:56.719137Z 3851 [Note] Access denied for user 'root'@'localhost' (using password: NO)
2026-09-28T22:28:07.726137Z 3852 [Note] Access denied for user 'root'@'localhost' (using password: NO)
2026-09-28T22:28:18.744406Z 3853 [Note] Access denied for user 'root'@'localhost' (using password: NO)
2026-09-28T22:28:29.721636Z 3854 [Note] Access denied for user 'root'@'localhost' (using password: NO)
2026-09-28T22:28:40.714205Z 3855 [Note] Access denied for user 'root'@'localhost' (using password: NO)
2026-09-28T22:28:51.718841Z 3856 [Note] Access denied for user 'root'@'localhost' (using password: NO)
2026-09-28T22:29:02.717091Z 3857 [Note] Access denied for user 'root'@'localhost' (using password: NO)
2026-09-28T22:29:13.716934Z 3858 [Note] Access denied for user 'root'@'localhost' (using password: NO)
2026-09-28T22:29:24.721152Z 3859 [Note] Access denied for user 'root'@'localhost' (using password: NO)
2026-09-28T22:29:35.722479Z 3860 [Note] Access denied for user 'root'@'localhost' (using password: NO)
2026-09-28T22:29:46.729639Z 3861 [Note] Access denied for user 'root'@'localhost' (using password: NO)
2026-09-28T22:29:57.708429Z 3862 [Note] Access denied for user 'root'@'localhost' (using password: NO)
2026-09-28T22:30:08.803766Z 3863 [Note] Access denied for user 'root'@'localhost' (using password: NO)
2026-09-28T22:30:19.730559Z 3864 [Note] Access denied for user 'root'@'localhost' (using password: NO)
2026-09-28T22:30:30.733326Z 3865 [Note] Access denied for user 'root'@'localhost' (using password: NO)
2026-09-28T22:30:41.720448Z 3866 [Note] Access denied for user 'root'@'localhost' (using password: NO)
2026-09-28T22:30:52.739604Z 3867 [Note] Access denied for user 'root'@'localhost' (using password: NO)
2026-09-28T22:31:03.717161Z 3868 [Note] Access denied for user 'root'@'localhost' (using password: NO)
2026-09-28T22:31:14.721310Z 3869 [Note] Access denied for user 'root'@'localhost' (using password: NO)
2026-09-28T22:31:25.723687Z 3870 [Note] Access denied for user 'root'@'localhost' (using password: NO)
2026-09-28T22:31:36.716236Z 3871 [Note] Access denied for user 'root'@'localhost' (using password: NO)
2026-09-28T22:31:47.717321Z 3872 [Note] Access denied for user 'root'@'localhost' (using password: NO)
2026-09-28T22:31:58.718851Z 3873 [Note] Access denied for user 'root'@'localhost' (using password: NO)
2026-09-28T22:32:09.721259Z 3874 [Note] Access denied for user 'root'@'localhost' (using password: NO)
2026-09-28T22:32:20.720607Z 3875 [Note] Access denied for user 'root'@'localhost' (using password: NO)
2026-09-28T22:32:31.734191Z 3876 [Note] Access denied for user 'root'@'localhost' (using password: NO)
2026-09-28T22:32:42.720194Z 3877 [Note] Access denied for user 'root'@'localhost' (using password: NO)
2026-09-28T22:32:53.729492Z 3878 [Note] Access denied for user 'root'@'localhost' (using password: NO)
2026-09-28T22:33:04.730837Z 3879 [Note] Access denied for user 'root'@'localhost' (using password: NO)
2026-09-28T22:33:15.721596Z 3880 [Note] Access denied for user 'root'@'localhost' (using password: NO)
2026-09-28T22:33:26.729460Z 3881 [Note] Access denied for user 'root'@'localhost' (using password: NO)
2026-09-28T22:33:37.718960Z 3882 [Note] Access denied for user 'root'@'localhost' (using password: NO)
2026-09-28T22:33:48.740001Z 3883 [Note] Access denied for user 'root'@'localhost' (using password: NO)
2026-09-28T22:33:59.729738Z 3884 [Note] Access denied for user 'root'@'localhost' (using password: NO)
2026-09-28T22:34:10.733785Z 3885 [Note] Access denied for user 'root'@'localhost' (using password: NO)
2026-09-28T22:34:21.719020Z 3886 [Note] Access denied for user 'root'@'localhost' (using password: NO)
2026-09-28T22:34:32.724729Z 3887 [Note] Access denied for user 'root'@'localhost' (using password: NO)
2026-09-28T22:34:43.722345Z 3888 [Note] Access denied for user 'root'@'localhost' (using password: NO)
2026-09-28T22:34:54.715042Z 3889 [Note] Access denied for user 'root'@'localhost' (using password: NO)
2026-09-28T22:35:05.729361Z 3890 [Note] Access denied for user 'root'@'localhost' (using password: NO)
2026-09-28T22:35:16.729011Z 3891 [Note] Access denied for user 'root'@'localhost' (using password: NO)
2026-09-28T22:35:27.728365Z 3892 [Note] Access denied for user 'root'@'localhost' (using password: NO)
2026-09-28T22:35:38.775938Z 3893 [Note] Access denied for user 'root'@'localhost' (using password: NO)
2026-09-28T22:35:49.716019Z 3894 [Note] Access denied for user 'root'@'localhost' (using password: NO)
2026-09-28T22:36:00.722179Z 3895 [Note] Access denied for user 'root'@'localhost' (using password: NO)
2026-09-28T22:36:11.703964Z 3896 [Note] Access denied for user 'root'@'localhost' (using password: NO)
2026-09-28T22:36:22.722718Z 3897 [Note] Access denied for user 'root'@'localhost' (using password: NO)
2026-09-28T22:36:33.728711Z 3898 [Note] Access denied for user 'root'@'localhost' (using password: NO)
2026-09-28T22:36:44.727559Z 3899 [Note] Access denied for user 'root'@'localhost' (using password: NO)
2026-09-28T22:36:55.712354Z 3900 [Note] Access denied for user 'root'@'localhost' (using password: NO)
2026-09-28T22:37:06.735202Z 3901 [Note] Access denied for user 'root'@'localhost' (using password: NO)
2026-09-28T22:37:17.726542Z 3902 [Note] Access denied for user 'root'@'localhost' (using password: NO)
2026-09-28T22:37:28.709885Z 3903 [Note] Access denied for user 'root'@'localhost' (using password: NO)
2026-09-28T22:37:39.719456Z 3904 [Note] Access denied for user 'root'@'localhost' (using password: NO)
2026-09-28T22:37:50.732738Z 3905 [Note] Access denied for user 'root'@'localhost' (using password: NO)
2026-09-28T22:38:01.734178Z 3906 [Note] Access denied for user 'root'@'localhost' (using password: NO)
2026-09-28T22:38:12.725190Z 3907 [Note] Access denied for user 'root'@'localhost' (using password: NO)
2026-09-28T22:38:23.717075Z 3908 [Note] Access denied for user 'root'@'localhost' (using password: NO)
2026-09-28T22:38:34.716037Z 3909 [Note] Access denied for user 'root'@'localhost' (using password: NO)
2026-09-28T22:38:45.723742Z 3910 [Note] Access denied for user 'root'@'localhost' (using password: NO)
2026-09-28T22:38:56.735024Z 3911 [Note] Access denied for user 'root'@'localhost' (using password: NO)
2026-09-28T22:39:07.727353Z 3912 [Note] Access denied for user 'root'@'localhost' (using password: NO)
2026-09-28T22:39:18.724983Z 3913 [Note] Access denied for user 'root'@'localhost' (using password: NO)
2026-09-28T22:39:29.729693Z 3914 [Note] Access denied for user 'root'@'localhost' (using password: NO)
2026-09-28T22:39:40.721075Z 3915 [Note] Access denied for user 'root'@'localhost' (using password: NO)
2026-09-28T22:39:51.716530Z 3916 [Note] Access denied for user 'root'@'localhost' (using password: NO)
2026-09-28T22:40:02.728324Z 3917 [Note] Access denied for user 'root'@'localhost' (using password: NO)
2026-09-28T22:40:13.736896Z 3918 [Note] Access denied for user 'root'@'localhost' (using password: NO)
2026-09-28T22:40:24.727852Z 3919 [Note] Access denied for user 'root'@'localhost' (using password: NO)
2026-09-28T22:40:35.736960Z 3920 [Note] Access denied for user 'root'@'localhost' (using password: NO)
2026-09-28T22:40:46.729509Z 3921 [Note] Access denied for user 'root'@'localhost' (using password: NO)
2026-09-28T22:40:57.722710Z 3922 [Note] Access denied for user 'root'@'localhost' (using password: NO)
2026-09-28T22:41:08.716225Z 3923 [Note] Access denied for user 'root'@'localhost' (using password: NO)
2026-09-28T22:41:19.722913Z 3924 [Note] Access denied for user 'root'@'localhost' (using password: NO)
2026-09-28T22:41:30.712832Z 3925 [Note] Access denied for user 'root'@'localhost' (using password: NO)
2026-09-28T22:41:41.724258Z 3926 [Note] Access denied for user 'root'@'localhost' (using password: NO)
2026-09-28T22:41:52.724163Z 3927 [Note] Access denied for user 'root'@'localhost' (using password: NO)
2026-09-28T22:42:03.717310Z 3928 [Note] Access denied for user 'root'@'localhost' (using password: NO)
2026-09-28T22:42:14.719705Z 3929 [Note] Access denied for user 'root'@'localhost' (using password: NO)
2026-09-28T22:42:25.729338Z 3930 [Note] Access denied for user 'root'@'localhost' (using password: NO)
2026-09-28T22:42:36.724968Z 3931 [Note] Access denied for user 'root'@'localhost' (using password: NO)
2026-09-28T22:42:47.723031Z 3932 [Note] Access denied for user 'root'@'localhost' (using password: NO)
2026-09-28T22:42:58.724155Z 3933 [Note] Access denied for user 'root'@'localhost' (using password: NO)
2026-09-28T22:43:09.720847Z 3934 [Note] Access denied for user 'root'@'localhost' (using password: NO)
2026-09-28T22:43:20.728439Z 3935 [Note] Access denied for user 'root'@'localhost' (using password: NO)
2026-09-28T22:43:31.741784Z 3936 [Note] Access denied for user 'root'@'localhost' (using password: NO)
2026-09-28T22:43:42.713911Z 3937 [Note] Access denied for user 'root'@'localhost' (using password: NO)
2026-09-28T22:43:53.734730Z 3938 [Note] Access denied for user 'root'@'localhost' (using password: NO)
2026-09-28T22:44:04.716105Z 3939 [Note] Access denied for user 'root'@'localhost' (using password: NO)
2026-09-28T22:44:15.710776Z 3940 [Note] Access denied for user 'root'@'localhost' (using password: NO)
2026-09-28T22:44:26.714656Z 3941 [Note] Access denied for user 'root'@'localhost' (using password: NO)
2026-09-28T22:44:37.714918Z 3942 [Note] Access denied for user 'root'@'localhost' (using password: NO)
2026-09-28T22:44:48.735261Z 3943 [Note] Access denied for user 'root'@'localhost' (using password: NO)
2026-09-28T22:44:59.713853Z 3944 [Note] Access denied for user 'root'@'localhost' (using password: NO)
2026-09-28T22:45:10.721999Z 3945 [Note] Access denied for user 'root'@'localhost' (using password: NO)
2026-09-28T22:45:21.723983Z 3946 [Note] Access denied for user 'root'@'localhost' (using password: NO)
2026-09-28T22:45:32.740096Z 3947 [Note] Access denied for user 'root'@'localhost' (using password: NO)
2026-09-28T22:45:43.719898Z 3948 [Note] Access denied for user 'root'@'localhost' (using password: NO)
2026-09-28T22:45:54.719927Z 3949 [Note] Access denied for user 'root'@'localhost' (using password: NO)
2026-09-28T22:46:05.714662Z 3950 [Note] Access denied for user 'root'@'localhost' (using password: NO)
2026-09-28T22:46:16.712575Z 3951 [Note] Access denied for user 'root'@'localhost' (using password: NO)
2026-09-28T22:46:27.719810Z 3952 [Note] Access denied for user 'root'@'localhost' (using password: NO)
2026-09-28T22:46:38.719264Z 3953 [Note] Access denied for user 'root'@'localhost' (using password: NO)
2026-09-28T22:46:49.752381Z 3954 [Note] Access denied for user 'root'@'localhost' (using password: NO)
2026-09-28T22:47:00.731702Z 3955 [Note] Access denied for user 'root'@'localhost' (using password: NO)
2026-09-28T22:47:11.718916Z 3956 [Note] Access denied for user 'root'@'localhost' (using password: NO)
2026-09-28T22:47:22.721526Z 3957 [Note] Access denied for user 'root'@'localhost' (using password: NO)
2026-09-28T22:47:33.724162Z 3958 [Note] Access denied for user 'root'@'localhost' (using password: NO)
2026-09-28T22:47:44.737532Z 3959 [Note] Access denied for user 'root'@'localhost' (using password: NO)
2026-09-28T22:47:55.718692Z 3960 [Note] Access denied for user 'root'@'localhost' (using password: NO)
2026-09-28T22:48:06.714404Z 3961 [Note] Access denied for user 'root'@'localhost' (using password: NO)
2026-09-28T22:48:17.718449Z 3962 [Note] Access denied for user 'root'@'localhost' (using password: NO)
2026-09-28T22:48:28.731113Z 3963 [Note] Access denied for user 'root'@'localhost' (using password: NO)
2026-09-28T22:48:39.719021Z 3964 [Note] Access denied for user 'root'@'localhost' (using password: NO)
2026-09-28T22:48:50.718640Z 3965 [Note] Access denied for user 'root'@'localhost' (using password: NO)
2026-09-28T22:49:01.718909Z 3966 [Note] Access denied for user 'root'@'localhost' (using password: NO)
2026-09-28T22:49:12.714618Z 3967 [Note] Access denied for user 'root'@'localhost' (using password: NO)
2026-09-28T22:49:23.725666Z 3968 [Note] Access denied for user 'root'@'localhost' (using password: NO)
2026-09-28T22:49:34.743328Z 3969 [Note] Access denied for user 'root'@'localhost' (using password: NO)
2026-09-28T22:49:45.720005Z 3970 [Note] Access denied for user 'root'@'localhost' (using password: NO)
2026-09-28T22:49:56.725132Z 3971 [Note] Access denied for user 'root'@'localhost' (using password: NO)
2026-09-28T22:50:07.717474Z 3972 [Note] Access denied for user 'root'@'localhost' (using password: NO)
2026-09-28T22:50:18.719470Z 3973 [Note] Access denied for user 'root'@'localhost' (using password: NO)
2026-09-28T22:50:29.723572Z 3974 [Note] Access denied for user 'root'@'localhost' (using password: NO)
2026-09-28T22:50:40.725505Z 3975 [Note] Access denied for user 'root'@'localhost' (using password: NO)
2026-09-28T22:50:51.769741Z 3976 [Note] Access denied for user 'root'@'localhost' (using password: NO)
2026-09-28T22:51:02.719524Z 3977 [Note] Access denied for user 'root'@'localhost' (using password: NO)
2026-09-28T22:51:13.713883Z 3978 [Note] Access denied for user 'root'@'localhost' (using password: NO)
2026-09-28T22:51:24.717648Z 3979 [Note] Access denied for user 'root'@'localhost' (using password: NO)
2026-09-28T22:51:35.727000Z 3980 [Note] Access denied for user 'root'@'localhost' (using password: NO)
2026-09-28T22:51:46.735906Z 3981 [Note] Access denied for user 'root'@'localhost' (using password: NO)
2026-09-28T22:51:57.718231Z 3982 [Note] Access denied for user 'root'@'localhost' (using password: NO)
2026-09-28T22:52:08.724817Z 3983 [Note] Access denied for user 'root'@'localhost' (using password: NO)
2026-09-28T22:52:19.715433Z 3984 [Note] Access denied for user 'root'@'localhost' (using password: NO)
2026-09-28T22:52:30.721804Z 3985 [Note] Access denied for user 'root'@'localhost' (using password: NO)
2026-09-28T22:52:41.728901Z 3986 [Note] Access denied for user 'root'@'localhost' (using password: NO)
2026-09-28T22:52:52.728826Z 3987 [Note] Access denied for user 'root'@'localhost' (using password: NO)
2026-09-28T22:53:03.716067Z 3988 [Note] Access denied for user 'root'@'localhost' (using password: NO)
2026-09-28T22:53:14.719834Z 3989 [Note] Access denied for user 'root'@'localhost' (using password: NO)
2026-09-28T22:53:25.711516Z 3990 [Note] Access denied for user 'root'@'localhost' (using password: NO)
2026-09-28T22:53:36.735388Z 3991 [Note] Access denied for user 'root'@'localhost' (using password: NO)
2026-09-28T22:53:47.732413Z 3992 [Note] Access denied for user 'root'@'localhost' (using password: NO)
2026-09-28T22:53:58.719802Z 3993 [Note] Access denied for user 'root'@'localhost' (using password: NO)
2026-09-28T22:54:09.730602Z 3994 [Note] Access denied for user 'root'@'localhost' (using password: NO)
2026-09-28T22:54:20.714989Z 3995 [Note] Access denied for user 'root'@'localhost' (using password: NO)
2026-09-28T22:54:31.726055Z 3996 [Note] Access denied for user 'root'@'localhost' (using password: NO)
2026-09-28T22:54:42.715253Z 3997 [Note] Access denied for user 'root'@'localhost' (using password: NO)
2026-09-28T22:54:53.728377Z 3998 [Note] Access denied for user 'root'@'localhost' (using password: NO)
2026-09-28T22:55:04.728114Z 3999 [Note] Access denied for user 'root'@'localhost' (using password: NO)
2026-09-28T22:55:15.743475Z 4000 [Note] Access denied for user 'root'@'localhost' (using password: NO)
2026-09-28T22:55:26.747962Z 4001 [Note] Access denied for user 'root'@'localhost' (using password: NO)
2026-09-28T22:55:37.713560Z 4002 [Note] Access denied for user 'root'@'localhost' (using password: NO)
2026-09-28T22:55:48.717865Z 4003 [Note] Access denied for user 'root'@'localhost' (using password: NO)
2026-09-28T22:55:59.731857Z 4004 [Note] Access denied for user 'root'@'localhost' (using password: NO)
2026-09-28T22:56:10.729915Z 4005 [Note] Access denied for user 'root'@'localhost' (using password: NO)
2026-09-28T22:56:21.729023Z 4006 [Note] Access denied for user 'root'@'localhost' (using password: NO)
2026-09-28T22:56:32.709948Z 4007 [Note] Access denied for user 'root'@'localhost' (using password: NO)
2026-09-28T22:56:43.715638Z 4008 [Note] Access denied for user 'root'@'localhost' (using password: NO)
2026-09-28T22:56:54.736798Z 4009 [Note] Access denied for user 'root'@'localhost' (using password: NO)
2026-09-28T22:57:05.720753Z 4010 [Note] Access denied for user 'root'@'localhost' (using password: NO)
2026-09-28T22:57:16.729820Z 4011 [Note] Access denied for user 'root'@'localhost' (using password: NO)
2026-09-28T22:57:27.732314Z 4012 [Note] Access denied for user 'root'@'localhost' (using password: NO)
2026-09-28T22:57:38.733076Z 4013 [Note] Access denied for user 'root'@'localhost' (using password: NO)
2026-09-28T22:57:49.724869Z 4014 [Note] Access denied for user 'root'@'localhost' (using password: NO)
2026-09-28T22:58:00.724717Z 4015 [Note] Access denied for user 'root'@'localhost' (using password: NO)
2026-09-28T22:58:11.718745Z 4016 [Note] Access denied for user 'root'@'localhost' (using password: NO)
2026-09-28T22:58:22.724317Z 4017 [Note] Access denied for user 'root'@'localhost' (using password: NO)
2026-09-28T22:58:33.718462Z 4018 [Note] Access denied for user 'root'@'localhost' (using password: NO)
2026-09-28T22:58:44.732319Z 4019 [Note] Access denied for user 'root'@'localhost' (using password: NO)
2026-09-28T22:58:55.716611Z 4020 [Note] Access denied for user 'root'@'localhost' (using password: NO)
2026-09-28T22:59:06.712175Z 4021 [Note] Access denied for user 'root'@'localhost' (using password: NO)
2026-09-28T22:59:17.728887Z 4022 [Note] Access denied for user 'root'@'localhost' (using password: NO)
2026-09-28T22:59:28.726061Z 4023 [Note] Access denied for user 'root'@'localhost' (using password: NO)
2026-09-28T22:59:39.733068Z 4024 [Note] Access denied for user 'root'@'localhost' (using password: NO)
2026-09-28T22:59:50.715435Z 4025 [Note] Access denied for user 'root'@'localhost' (using password: NO)
2026-09-28T23:00:01.738784Z 4026 [Note] Access denied for user 'root'@'localhost' (using password: NO)
2026-09-28T23:00:12.731443Z 4027 [Note] Access denied for user 'root'@'localhost' (using password: NO)
2026-09-28T23:00:23.721678Z 4028 [Note] Access denied for user 'root'@'localhost' (using password: NO)
2026-09-28T23:00:34.715322Z 4029 [Note] Access denied for user 'root'@'localhost' (using password: NO)
2026-09-28T23:00:45.717819Z 4030 [Note] Access denied for user 'root'@'localhost' (using password: NO)
2026-09-28T23:00:55.924338Z 4031 [Note] Access denied for user 'root'@'localhost' (using password: NO)
2026-09-28T23:01:06.717442Z 4032 [Note] Access denied for user 'root'@'localhost' (using password: NO)
2026-09-28T23:01:17.720737Z 4033 [Note] Access denied for user 'root'@'localhost' (using password: NO)
2026-09-28T23:01:28.732685Z 4034 [Note] Access denied for user 'root'@'localhost' (using password: NO)
2026-09-28T23:01:39.718724Z 4035 [Note] Access denied for user 'root'@'localhost' (using password: NO)
2026-09-28T23:01:50.722502Z 4036 [Note] Access denied for user 'root'@'localhost' (using password: NO)
2026-09-28T23:02:01.723872Z 4037 [Note] Access denied for user 'root'@'localhost' (using password: NO)
2026-09-28T23:02:12.721545Z 4038 [Note] Access denied for user 'root'@'localhost' (using password: NO)
2026-09-28T23:02:23.713985Z 4039 [Note] Access denied for user 'root'@'localhost' (using password: NO)
2026-09-28T23:02:34.745058Z 4040 [Note] Access denied for user 'root'@'localhost' (using password: NO)
2026-09-28T23:02:45.713098Z 4041 [Note] Access denied for user 'root'@'localhost' (using password: NO)
2026-09-28T23:02:56.719550Z 4042 [Note] Access denied for user 'root'@'localhost' (using password: NO)
2026-09-28T23:03:07.728276Z 4043 [Note] Access denied for user 'root'@'localhost' (using password: NO)
2026-09-28T23:03:18.714946Z 4044 [Note] Access denied for user 'root'@'localhost' (using password: NO)
2026-09-28T23:03:29.725669Z 4045 [Note] Access denied for user 'root'@'localhost' (using password: NO)
2026-09-28T23:03:40.732333Z 4046 [Note] Access denied for user 'root'@'localhost' (using password: NO)
2026-09-28T23:03:51.724155Z 4047 [Note] Access denied for user 'root'@'localhost' (using password: NO)
2026-09-28T23:04:02.717170Z 4048 [Note] Access denied for user 'root'@'localhost' (using password: NO)
2026-09-28T23:04:13.729409Z 4049 [Note] Access denied for user 'root'@'localhost' (using password: NO)
2026-09-28T23:04:24.733097Z 4050 [Note] Access denied for user 'root'@'localhost' (using password: NO)
2026-09-28T23:04:35.721524Z 4051 [Note] Access denied for user 'root'@'localhost' (using password: NO)
2026-09-28T23:04:46.726852Z 4052 [Note] Access denied for user 'root'@'localhost' (using password: NO)
2026-09-28T23:04:57.723581Z 4053 [Note] Access denied for user 'root'@'localhost' (using password: NO)
2026-09-28T23:05:08.738850Z 4054 [Note] Access denied for user 'root'@'localhost' (using password: NO)
2026-09-28T23:05:19.719330Z 4055 [Note] Access denied for user 'root'@'localhost' (using password: NO)
2026-09-28T23:05:30.718788Z 4056 [Note] Access denied for user 'root'@'localhost' (using password: NO)
2026-09-28T23:05:41.715169Z 4057 [Note] Access denied for user 'root'@'localhost' (using password: NO)
2026-09-28T23:05:52.730423Z 4058 [Note] Access denied for user 'root'@'localhost' (using password: NO)
2026-09-28T23:06:03.738667Z 4059 [Note] Access denied for user 'root'@'localhost' (using password: NO)
2026-09-28T23:06:14.727489Z 4060 [Note] Access denied for user 'root'@'localhost' (using password: NO)
2026-09-28T23:06:25.720486Z 4061 [Note] Access denied for user 'root'@'localhost' (using password: NO)
2026-09-28T23:06:36.723932Z 4062 [Note] Access denied for user 'root'@'localhost' (using password: NO)
2026-09-28T23:06:47.732382Z 4063 [Note] Access denied for user 'root'@'localhost' (using password: NO)
2026-09-28T23:06:58.715131Z 4064 [Note] Access denied for user 'root'@'localhost' (using password: NO)
2026-09-28T23:07:09.718914Z 4065 [Note] Access denied for user 'root'@'localhost' (using password: NO)
2026-09-28T23:07:20.721119Z 4066 [Note] Access denied for user 'root'@'localhost' (using password: NO)
2026-09-28T23:07:31.713335Z 4067 [Note] Access denied for user 'root'@'localhost' (using password: NO)
2026-09-28T23:07:42.722721Z 4068 [Note] Access denied for user 'root'@'localhost' (using password: NO)
2026-09-28T23:07:53.720936Z 4069 [Note] Access denied for user 'root'@'localhost' (using password: NO)
2026-09-28T23:08:04.718523Z 4070 [Note] Access denied for user 'root'@'localhost' (using password: NO)
2026-09-28T23:08:15.718809Z 4071 [Note] Access denied for user 'root'@'localhost' (using password: NO)
2026-09-28T23:08:26.716230Z 4072 [Note] Access denied for user 'root'@'localhost' (using password: NO)
2026-09-28T23:08:37.730251Z 4073 [Note] Access denied for user 'root'@'localhost' (using password: NO)
2026-09-28T23:08:48.726689Z 4074 [Note] Access denied for user 'root'@'localhost' (using password: NO)
2026-09-28T23:08:59.727060Z 4075 [Note] Access denied for user 'root'@'localhost' (using password: NO)
2026-09-28T23:09:10.711382Z 4076 [Note] Access denied for user 'root'@'localhost' (using password: NO)
2026-09-28T23:09:21.711542Z 4077 [Note] Access denied for user 'root'@'localhost' (using password: NO)
2026-09-28T23:09:32.719631Z 4078 [Note] Access denied for user 'root'@'localhost' (using password: NO)
2026-09-28T23:09:43.718489Z 4079 [Note] Access denied for user 'root'@'localhost' (using password: NO)
2026-09-28T23:09:54.715550Z 4080 [Note] Access denied for user 'root'@'localhost' (using password: NO)
2026-09-28T23:10:05.727265Z 4081 [Note] Access denied for user 'root'@'localhost' (using password: NO)
2026-09-28T23:10:16.713356Z 4082 [Note] Access denied for user 'root'@'localhost' (using password: NO)
2026-09-28T23:10:27.742365Z 4083 [Note] Access denied for user 'root'@'localhost' (using password: NO)
2026-09-28T23:10:38.725216Z 4084 [Note] Access denied for user 'root'@'localhost' (using password: NO)
2026-09-28T23:10:49.718541Z 4085 [Note] Access denied for user 'root'@'localhost' (using password: NO)
2026-09-28T23:11:00.713870Z 4086 [Note] Access denied for user 'root'@'localhost' (using password: NO)
2026-09-28T23:11:11.717368Z 4087 [Note] Access denied for user 'root'@'localhost' (using password: NO)
2026-09-28T23:11:22.722360Z 4088 [Note] Access denied for user 'root'@'localhost' (using password: NO)
2026-09-28T23:11:33.718498Z 4089 [Note] Access denied for user 'root'@'localhost' (using password: NO)
2026-09-28T23:11:44.740424Z 4090 [Note] Access denied for user 'root'@'localhost' (using password: NO)
2026-09-28T23:11:55.723020Z 4091 [Note] Access denied for user 'root'@'localhost' (using password: NO)
2026-09-28T23:12:06.724451Z 4092 [Note] Access denied for user 'root'@'localhost' (using password: NO)
2026-09-28T23:12:17.723554Z 4093 [Note] Access denied for user 'root'@'localhost' (using password: NO)
2026-09-28T23:12:28.727939Z 4094 [Note] Access denied for user 'root'@'localhost' (using password: NO)
2026-09-28T23:12:39.718409Z 4095 [Note] Access denied for user 'root'@'localhost' (using password: NO)
2026-09-28T23:12:50.715482Z 4096 [Note] Access denied for user 'root'@'localhost' (using password: NO)
2026-09-28T23:13:01.720616Z 4097 [Note] Access denied for user 'root'@'localhost' (using password: NO)
2026-09-28T23:13:12.715923Z 4098 [Note] Access denied for user 'root'@'localhost' (using password: NO)
2026-09-28T23:13:23.718979Z 4099 [Note] Access denied for user 'root'@'localhost' (using password: NO)
2026-09-28T23:13:34.723679Z 4100 [Note] Access denied for user 'root'@'localhost' (using password: NO)
2026-09-28T23:13:45.717558Z 4101 [Note] Access denied for user 'root'@'localhost' (using password: NO)
2026-09-28T23:13:56.746218Z 4102 [Note] Access denied for user 'root'@'localhost' (using password: NO)
2026-09-28T23:14:07.711216Z 4103 [Note] Access denied for user 'root'@'localhost' (using password: NO)
2026-09-28T23:14:18.721675Z 4104 [Note] Access denied for user 'root'@'localhost' (using password: NO)
2026-09-28T23:14:29.729191Z 4105 [Note] Access denied for user 'root'@'localhost' (using password: NO)
2026-09-28T23:14:40.728125Z 4106 [Note] Access denied for user 'root'@'localhost' (using password: NO)
2026-09-28T23:14:51.723283Z 4107 [Note] Access denied for user 'root'@'localhost' (using password: NO)
2026-09-28T23:15:02.721809Z 4108 [Note] Access denied for user 'root'@'localhost' (using password: NO)
2026-09-28T23:15:13.723129Z 4109 [Note] Access denied for user 'root'@'localhost' (using password: NO)
2026-09-28T23:15:24.752639Z 4110 [Note] Access denied for user 'root'@'localhost' (using password: NO)
2026-09-28T23:15:35.725314Z 4111 [Note] Access denied for user 'root'@'localhost' (using password: NO)
2026-09-28T23:15:46.723536Z 4112 [Note] Access denied for user 'root'@'localhost' (using password: NO)
2026-09-28T23:15:57.731900Z 4113 [Note] Access denied for user 'root'@'localhost' (using password: NO)
2026-09-28T23:16:08.719739Z 4114 [Note] Access denied for user 'root'@'localhost' (using password: NO)
2026-09-28T23:16:19.714230Z 4115 [Note] Access denied for user 'root'@'localhost' (using password: NO)
2026-09-28T23:16:30.705345Z 4116 [Note] Access denied for user 'root'@'localhost' (using password: NO)
2026-09-28T23:16:41.718845Z 4117 [Note] Access denied for user 'root'@'localhost' (using password: NO)
2026-09-28T23:16:52.732003Z 4118 [Note] Access denied for user 'root'@'localhost' (using password: NO)
2026-09-28T23:17:03.728366Z 4119 [Note] Access denied for user 'root'@'localhost' (using password: NO)
2026-09-28T23:17:14.720936Z 4120 [Note] Access denied for user 'root'@'localhost' (using password: NO)
2026-09-28T23:17:25.722068Z 4121 [Note] Access denied for user 'root'@'localhost' (using password: NO)
2026-09-28T23:17:36.729511Z 4122 [Note] Access denied for user 'root'@'localhost' (using password: NO)
2026-09-28T23:17:47.718292Z 4123 [Note] Access denied for user 'root'@'localhost' (using password: NO)
2026-09-28T23:17:58.720921Z 4124 [Note] Access denied for user 'root'@'localhost' (using password: NO)
2026-09-28T23:18:09.720405Z 4125 [Note] Access denied for user 'root'@'localhost' (using password: NO)
2026-09-28T23:18:20.714745Z 4126 [Note] Access denied for user 'root'@'localhost' (using password: NO)
2026-09-28T23:18:31.719548Z 4127 [Note] Access denied for user 'root'@'localhost' (using password: NO)
2026-09-28T23:18:42.726527Z 4128 [Note] Access denied for user 'root'@'localhost' (using password: NO)
2026-09-28T23:18:53.746036Z 4129 [Note] Access denied for user 'root'@'localhost' (using password: NO)
2026-09-28T23:19:04.721553Z 4130 [Note] Access denied for user 'root'@'localhost' (using password: NO)
2026-09-28T23:19:15.729790Z 4131 [Note] Access denied for user 'root'@'localhost' (using password: NO)
2026-09-28T23:19:26.738660Z 4132 [Note] Access denied for user 'root'@'localhost' (using password: NO)
2026-09-28T23:19:37.725147Z 4133 [Note] Access denied for user 'root'@'localhost' (using password: NO)
2026-09-28T23:19:48.733859Z 4134 [Note] Access denied for user 'root'@'localhost' (using password: NO)
2026-09-28T23:19:59.711443Z 4135 [Note] Access denied for user 'root'@'localhost' (using password: NO)
2026-09-28T23:20:10.727923Z 4136 [Note] Access denied for user 'root'@'localhost' (using password: NO)
2026-09-28T23:20:21.717324Z 4137 [Note] Access denied for user 'root'@'localhost' (using password: NO)
2026-09-28T23:20:32.719963Z 4138 [Note] Access denied for user 'root'@'localhost' (using password: NO)
2026-09-28T23:20:43.739425Z 4139 [Note] Access denied for user 'root'@'localhost' (using password: NO)
2026-09-28T23:20:54.725494Z 4140 [Note] Access denied for user 'root'@'localhost' (using password: NO)
2026-09-28T23:21:05.723109Z 4141 [Note] Access denied for user 'root'@'localhost' (using password: NO)
2026-09-28T23:21:16.724924Z 4142 [Note] Access denied for user 'root'@'localhost' (using password: NO)
2026-09-28T23:21:27.716685Z 4143 [Note] Access denied for user 'root'@'localhost' (using password: NO)
2026-09-28T23:21:38.735687Z 4144 [Note] Access denied for user 'root'@'localhost' (using password: NO)
2026-09-28T23:21:49.722518Z 4145 [Note] Access denied for user 'root'@'localhost' (using password: NO)
2026-09-28T23:22:00.717189Z 4146 [Note] Access denied for user 'root'@'localhost' (using password: NO)
2026-09-28T23:22:11.720087Z 4147 [Note] Access denied for user 'root'@'localhost' (using password: NO)
2026-09-28T23:22:22.738134Z 4148 [Note] Access denied for user 'root'@'localhost' (using password: NO)
2026-09-28T23:22:33.727337Z 4149 [Note] Access denied for user 'root'@'localhost' (using password: NO)
2026-09-28T23:22:44.735626Z 4150 [Note] Access denied for user 'root'@'localhost' (using password: NO)
2026-09-28T23:22:55.729768Z 4151 [Note] Access denied for user 'root'@'localhost' (using password: NO)
2026-09-28T23:23:06.714255Z 4152 [Note] Access denied for user 'root'@'localhost' (using password: NO)
2026-09-28T23:23:17.718516Z 4153 [Note] Access denied for user 'root'@'localhost' (using password: NO)
2026-09-28T23:23:28.724228Z 4154 [Note] Access denied for user 'root'@'localhost' (using password: NO)
2026-09-28T23:23:39.728698Z 4155 [Note] Access denied for user 'root'@'localhost' (using password: NO)
2026-09-28T23:23:50.718952Z 4156 [Note] Access denied for user 'root'@'localhost' (using password: NO)
2026-09-28T23:24:01.722392Z 4157 [Note] Access denied for user 'root'@'localhost' (using password: NO)
2026-09-28T23:24:12.716855Z 4158 [Note] Access denied for user 'root'@'localhost' (using password: NO)
2026-09-28T23:24:23.718765Z 4159 [Note] Access denied for user 'root'@'localhost' (using password: NO)
2026-09-28T23:24:34.724581Z 4160 [Note] Access denied for user 'root'@'localhost' (using password: NO)
2026-09-28T23:24:45.722924Z 4161 [Note] Access denied for user 'root'@'localhost' (using password: NO)
2026-09-28T23:24:56.711877Z 4162 [Note] Access denied for user 'root'@'localhost' (using password: NO)
2026-09-28T23:25:07.709743Z 4163 [Note] Access denied for user 'root'@'localhost' (using password: NO)
2026-09-28T23:25:18.722680Z 4164 [Note] Access denied for user 'root'@'localhost' (using password: NO)
2026-09-28T23:25:29.717723Z 4165 [Note] Access denied for user 'root'@'localhost' (using password: NO)
2026-09-28T23:25:40.725384Z 4166 [Note] Access denied for user 'root'@'localhost' (using password: NO)
2026-09-28T23:25:51.720307Z 4167 [Note] Access denied for user 'root'@'localhost' (using password: NO)
2026-09-28T23:26:02.746921Z 4168 [Note] Access denied for user 'root'@'localhost' (using password: NO)
2026-09-28T23:26:13.719771Z 4169 [Note] Access denied for user 'root'@'localhost' (using password: NO)
2026-09-28T23:26:24.724715Z 4170 [Note] Access denied for user 'root'@'localhost' (using password: NO)
2026-09-28T23:26:35.714406Z 4171 [Note] Access denied for user 'root'@'localhost' (using password: NO)
2026-09-28T23:26:46.717902Z 4172 [Note] Access denied for user 'root'@'localhost' (using password: NO)
2026-09-28T23:26:57.716896Z 4173 [Note] Access denied for user 'root'@'localhost' (using password: NO)
2026-09-28T23:27:08.715426Z 4174 [Note] Access denied for user 'root'@'localhost' (using password: NO)
2026-09-28T23:27:19.729460Z 4175 [Note] Access denied for user 'root'@'localhost' (using password: NO)
2026-09-28T23:27:30.739699Z 4176 [Note] Access denied for user 'root'@'localhost' (using password: NO)
2026-09-28T23:27:41.719152Z 4177 [Note] Access denied for user 'root'@'localhost' (using password: NO)
2026-09-28T23:27:52.712169Z 4178 [Note] Access denied for user 'root'@'localhost' (using password: NO)
2026-09-28T23:28:03.737002Z 4179 [Note] Access denied for user 'root'@'localhost' (using password: NO)
2026-09-28T23:28:14.716794Z 4180 [Note] Access denied for user 'root'@'localhost' (using password: NO)
2026-09-28T23:28:25.721955Z 4181 [Note] Access denied for user 'root'@'localhost' (using password: NO)
2026-09-28T23:28:36.712575Z 4182 [Note] Access denied for user 'root'@'localhost' (using password: NO)
2026-09-28T23:28:47.725564Z 4183 [Note] Access denied for user 'root'@'localhost' (using password: NO)
2026-09-28T23:28:58.716990Z 4184 [Note] Access denied for user 'root'@'localhost' (using password: NO)
2026-09-28T23:29:09.735216Z 4185 [Note] Access denied for user 'root'@'localhost' (using password: NO)
2026-09-28T23:29:20.717341Z 4186 [Note] Access denied for user 'root'@'localhost' (using password: NO)
2026-09-28T23:29:31.714723Z 4187 [Note] Access denied for user 'root'@'localhost' (using password: NO)
2026-09-28T23:29:42.726987Z 4188 [Note] Access denied for user 'root'@'localhost' (using password: NO)
2026-09-28T23:29:53.735595Z 4189 [Note] Access denied for user 'root'@'localhost' (using password: NO)
2026-09-28T23:30:04.713645Z 4190 [Note] Access denied for user 'root'@'localhost' (using password: NO)
2026-09-28T23:30:15.725455Z 4191 [Note] Access denied for user 'root'@'localhost' (using password: NO)
2026-09-28T23:30:26.747870Z 4192 [Note] Access denied for user 'root'@'localhost' (using password: NO)
2026-09-28T23:30:37.729958Z 4193 [Note] Access denied for user 'root'@'localhost' (using password: NO)
2026-09-28T23:30:48.722082Z 4194 [Note] Access denied for user 'root'@'localhost' (using password: NO)
2026-09-28T23:30:59.726304Z 4195 [Note] Access denied for user 'root'@'localhost' (using password: NO)
2026-09-28T23:31:10.717752Z 4196 [Note] Access denied for user 'root'@'localhost' (using password: NO)
2026-09-28T23:31:21.717187Z 4197 [Note] Access denied for user 'root'@'localhost' (using password: NO)
2026-09-28T23:31:32.711806Z 4198 [Note] Access denied for user 'root'@'localhost' (using password: NO)
2026-09-28T23:31:43.722496Z 4199 [Note] Access denied for user 'root'@'localhost' (using password: NO)
2026-09-28T23:31:54.737529Z 4200 [Note] Access denied for user 'root'@'localhost' (using password: NO)
2026-09-28T23:32:05.722452Z 4201 [Note] Access denied for user 'root'@'localhost' (using password: NO)
2026-09-28T23:32:16.713502Z 4202 [Note] Access denied for user 'root'@'localhost' (using password: NO)
2026-09-28T23:32:27.721367Z 4203 [Note] Access denied for user 'root'@'localhost' (using password: NO)
2026-09-28T23:32:38.707520Z 4204 [Note] Access denied for user 'root'@'localhost' (using password: NO)
2026-09-28T23:32:49.731024Z 4205 [Note] Access denied for user 'root'@'localhost' (using password: NO)
2026-09-28T23:33:00.725663Z 4206 [Note] Access denied for user 'root'@'localhost' (using password: NO)
2026-09-28T23:33:11.763167Z 4207 [Note] Access denied for user 'root'@'localhost' (using password: NO)
2026-09-28T23:33:22.718851Z 4208 [Note] Access denied for user 'root'@'localhost' (using password: NO)
2026-09-28T23:33:33.719911Z 4209 [Note] Access denied for user 'root'@'localhost' (using password: NO)
2026-09-28T23:33:44.737722Z 4210 [Note] Access denied for user 'root'@'localhost' (using password: NO)
2026-09-28T23:33:55.712393Z 4211 [Note] Access denied for user 'root'@'localhost' (using password: NO)
2026-09-28T23:34:06.720195Z 4212 [Note] Access denied for user 'root'@'localhost' (using password: NO)
2026-09-28T23:34:17.727621Z 4213 [Note] Access denied for user 'root'@'localhost' (using password: NO)
2026-09-28T23:34:28.735793Z 4214 [Note] Access denied for user 'root'@'localhost' (using password: NO)
2026-09-28T23:34:39.714799Z 4215 [Note] Access denied for user 'root'@'localhost' (using password: NO)
2026-09-28T23:34:50.735461Z 4216 [Note] Access denied for user 'root'@'localhost' (using password: NO)
2026-09-28T23:35:01.720824Z 4217 [Note] Access denied for user 'root'@'localhost' (using password: NO)
2026-09-28T23:35:12.716624Z 4218 [Note] Access denied for user 'root'@'localhost' (using password: NO)
2026-09-28T23:35:23.716567Z 4219 [Note] Access denied for user 'root'@'localhost' (using password: NO)
2026-09-28T23:35:34.729037Z 4220 [Note] Access denied for user 'root'@'localhost' (using password: NO)
2026-09-28T23:35:45.731757Z 4221 [Note] Access denied for user 'root'@'localhost' (using password: NO)
2026-09-28T23:35:56.724157Z 4222 [Note] Access denied for user 'root'@'localhost' (using password: NO)
2026-09-28T23:36:07.721217Z 4223 [Note] Access denied for user 'root'@'localhost' (using password: NO)
2026-09-28T23:36:18.722746Z 4224 [Note] Access denied for user 'root'@'localhost' (using password: NO)
2026-09-28T23:36:29.719214Z 4225 [Note] Access denied for user 'root'@'localhost' (using password: NO)
2026-09-28T23:36:40.714320Z 4226 [Note] Access denied for user 'root'@'localhost' (using password: NO)
2026-09-28T23:36:51.721221Z 4227 [Note] Access denied for user 'root'@'localhost' (using password: NO)
2026-09-28T23:37:02.728772Z 4228 [Note] Access denied for user 'root'@'localhost' (using password: NO)
2026-09-28T23:37:13.719556Z 4229 [Note] Access denied for user 'root'@'localhost' (using password: NO)
2026-09-28T23:37:24.716392Z 4230 [Note] Access denied for user 'root'@'localhost' (using password: NO)
2026-09-28T23:37:35.732751Z 4231 [Note] Access denied for user 'root'@'localhost' (using password: NO)
2026-09-28T23:37:46.722636Z 4232 [Note] Access denied for user 'root'@'localhost' (using password: NO)
2026-09-28T23:37:57.724278Z 4233 [Note] Access denied for user 'root'@'localhost' (using password: NO)
2026-09-28T23:38:08.755750Z 4234 [Note] Access denied for user 'root'@'localhost' (using password: NO)
2026-09-28T23:38:19.714741Z 4235 [Note] Access denied for user 'root'@'localhost' (using password: NO)
2026-09-28T23:38:30.715230Z 4236 [Note] Access denied for user 'root'@'localhost' (using password: NO)
2026-09-28T23:38:41.715522Z 4237 [Note] Access denied for user 'root'@'localhost' (using password: NO)
2026-09-28T23:38:52.731952Z 4238 [Note] Access denied for user 'root'@'localhost' (using password: NO)
2026-09-28T23:39:03.710405Z 4239 [Note] Access denied for user 'root'@'localhost' (using password: NO)
2026-09-28T23:39:14.724800Z 4240 [Note] Access denied for user 'root'@'localhost' (using password: NO)
2026-09-28T23:39:25.727360Z 4241 [Note] Access denied for user 'root'@'localhost' (using password: NO)
2026-09-28T23:39:36.720691Z 4242 [Note] Access denied for user 'root'@'localhost' (using password: NO)
2026-09-28T23:39:47.721011Z 4243 [Note] Access denied for user 'root'@'localhost' (using password: NO)
2026-09-28T23:39:58.718838Z 4244 [Note] Access denied for user 'root'@'localhost' (using password: NO)
2026-09-28T23:40:09.716740Z 4245 [Note] Access denied for user 'root'@'localhost' (using password: NO)
2026-09-28T23:40:20.729007Z 4246 [Note] Access denied for user 'root'@'localhost' (using password: NO)
2026-09-28T23:40:31.719591Z 4247 [Note] Access denied for user 'root'@'localhost' (using password: NO)
2026-09-28T23:40:42.718625Z 4248 [Note] Access denied for user 'root'@'localhost' (using password: NO)
2026-09-28T23:40:53.722833Z 4249 [Note] Access denied for user 'root'@'localhost' (using password: NO)
2026-09-28T23:41:04.720453Z 4250 [Note] Access denied for user 'root'@'localhost' (using password: NO)
2026-09-28T23:41:15.719385Z 4251 [Note] Access denied for user 'root'@'localhost' (using password: NO)
2026-09-28T23:41:26.727291Z 4252 [Note] Access denied for user 'root'@'localhost' (using password: NO)
2026-09-28T23:41:37.734704Z 4253 [Note] Access denied for user 'root'@'localhost' (using password: NO)
2026-09-28T23:41:48.754652Z 4254 [Note] Access denied for user 'root'@'localhost' (using password: NO)
2026-09-28T23:41:59.720243Z 4255 [Note] Access denied for user 'root'@'localhost' (using password: NO)
2026-09-28T23:42:10.722128Z 4256 [Note] Access denied for user 'root'@'localhost' (using password: NO)
2026-09-28T23:42:21.709907Z 4257 [Note] Access denied for user 'root'@'localhost' (using password: NO)
2026-09-28T23:42:32.729031Z 4258 [Note] Access denied for user 'root'@'localhost' (using password: NO)
2026-09-28T23:42:43.731875Z 4259 [Note] Access denied for user 'root'@'localhost' (using password: NO)
2026-09-28T23:42:54.710805Z 4260 [Note] Access denied for user 'root'@'localhost' (using password: NO)
2026-09-28T23:43:05.722968Z 4261 [Note] Access denied for user 'root'@'localhost' (using password: NO)
2026-09-28T23:43:16.729935Z 4262 [Note] Access denied for user 'root'@'localhost' (using password: NO)
2026-09-28T23:43:27.716744Z 4263 [Note] Access denied for user 'root'@'localhost' (using password: NO)
2026-09-28T23:43:38.729776Z 4264 [Note] Access denied for user 'root'@'localhost' (using password: NO)
2026-09-28T23:43:49.707926Z 4265 [Note] Access denied for user 'root'@'localhost' (using password: NO)
2026-09-28T23:44:00.726441Z 4266 [Note] Access denied for user 'root'@'localhost' (using password: NO)
2026-09-28T23:44:11.715320Z 4267 [Note] Access denied for user 'root'@'localhost' (using password: NO)
2026-09-28T23:44:22.719500Z 4268 [Note] Access denied for user 'root'@'localhost' (using password: NO)
2026-09-28T23:44:33.713870Z 4269 [Note] Access denied for user 'root'@'localhost' (using password: NO)
2026-09-28T23:44:44.714577Z 4270 [Note] Access denied for user 'root'@'localhost' (using password: NO)
2026-09-28T23:44:55.730565Z 4271 [Note] Access denied for user 'root'@'localhost' (using password: NO)
2026-09-28T23:45:06.722315Z 4272 [Note] Access denied for user 'root'@'localhost' (using password: NO)
2026-09-28T23:45:17.719559Z 4273 [Note] Access denied for user 'root'@'localhost' (using password: NO)
2026-09-28T23:45:28.732025Z 4274 [Note] Access denied for user 'root'@'localhost' (using password: NO)
2026-09-28T23:45:39.408389Z 4275 [Note] Access denied for user 'root'@'localhost' (using password: NO)
2026-09-28T23:45:49.715817Z 4276 [Note] Access denied for user 'root'@'localhost' (using password: NO)
2026-09-28T23:46:00.750428Z 4277 [Note] Access denied for user 'root'@'localhost' (using password: NO)
2026-09-28T23:46:11.716077Z 4278 [Note] Access denied for user 'root'@'localhost' (using password: NO)
2026-09-28T23:46:22.726047Z 4279 [Note] Access denied for user 'root'@'localhost' (using password: NO)
2026-09-28T23:46:33.727813Z 4280 [Note] Access denied for user 'root'@'localhost' (using password: NO)
2026-09-28T23:46:44.716616Z 4281 [Note] Access denied for user 'root'@'localhost' (using password: NO)
2026-09-28T23:46:55.718810Z 4282 [Note] Access denied for user 'root'@'localhost' (using password: NO)
2026-09-28T23:47:06.721179Z 4283 [Note] Access denied for user 'root'@'localhost' (using password: NO)
2026-09-28T23:47:17.722536Z 4284 [Note] Access denied for user 'root'@'localhost' (using password: NO)
2026-09-28T23:47:28.715382Z 4285 [Note] Access denied for user 'root'@'localhost' (using password: NO)
2026-09-28T23:47:39.722393Z 4286 [Note] Access denied for user 'root'@'localhost' (using password: NO)
2026-09-28T23:47:50.723868Z 4287 [Note] Access denied for user 'root'@'localhost' (using password: NO)
2026-09-28T23:48:01.765410Z 4288 [Note] Access denied for user 'root'@'localhost' (using password: NO)
2026-09-28T23:48:12.720797Z 4289 [Note] Access denied for user 'root'@'localhost' (using password: NO)
2026-09-28T23:48:23.718828Z 4290 [Note] Access denied for user 'root'@'localhost' (using password: NO)
2026-09-28T23:48:34.722939Z 4291 [Note] Access denied for user 'root'@'localhost' (using password: NO)
2026-09-28T23:48:45.721640Z 4292 [Note] Access denied for user 'root'@'localhost' (using password: NO)
2026-09-28T23:48:56.428763Z 4293 [Note] Access denied for user 'root'@'localhost' (using password: NO)
2026-09-28T23:49:06.715178Z 4294 [Note] Access denied for user 'root'@'localhost' (using password: NO)
2026-09-28T23:49:17.714778Z 4295 [Note] Access denied for user 'root'@'localhost' (using password: NO)
2026-09-28T23:49:28.714018Z 4296 [Note] Access denied for user 'root'@'localhost' (using password: NO)
2026-09-28T23:49:39.732051Z 4297 [Note] Access denied for user 'root'@'localhost' (using password: NO)
2026-09-28T23:49:50.710864Z 4298 [Note] Access denied for user 'root'@'localhost' (using password: NO)
2026-09-28T23:50:01.747673Z 4299 [Note] Access denied for user 'root'@'localhost' (using password: NO)
2026-09-28T23:50:12.725647Z 4300 [Note] Access denied for user 'root'@'localhost' (using password: NO)
2026-09-28T23:50:23.731820Z 4301 [Note] Access denied for user 'root'@'localhost' (using password: NO)
2026-09-28T23:50:34.717375Z 4302 [Note] Access denied for user 'root'@'localhost' (using password: NO)
2026-09-28T23:50:45.714061Z 4303 [Note] Access denied for user 'root'@'localhost' (using password: NO)
2026-09-28T23:50:56.712754Z 4304 [Note] Access denied for user 'root'@'localhost' (using password: NO)
2026-09-28T23:51:07.729375Z 4305 [Note] Access denied for user 'root'@'localhost' (using password: NO)
2026-09-28T23:51:18.720780Z 4306 [Note] Access denied for user 'root'@'localhost' (using password: NO)
2026-09-28T23:51:29.718842Z 4307 [Note] Access denied for user 'root'@'localhost' (using password: NO)
2026-09-28T23:51:40.712744Z 4308 [Note] Access denied for user 'root'@'localhost' (using password: NO)
2026-09-28T23:51:51.712673Z 4309 [Note] Access denied for user 'root'@'localhost' (using password: NO)
2026-09-28T23:52:02.719591Z 4310 [Note] Access denied for user 'root'@'localhost' (using password: NO)
2026-09-28T23:52:13.724145Z 4311 [Note] Access denied for user 'root'@'localhost' (using password: NO)
2026-09-28T23:52:24.719177Z 4312 [Note] Access denied for user 'root'@'localhost' (using password: NO)
2026-09-28T23:52:35.717576Z 4313 [Note] Access denied for user 'root'@'localhost' (using password: NO)
2026-09-28T23:52:46.733092Z 4314 [Note] Access denied for user 'root'@'localhost' (using password: NO)
2026-09-28T23:52:57.717844Z 4315 [Note] Access denied for user 'root'@'localhost' (using password: NO)
2026-09-28T23:53:08.729007Z 4316 [Note] Access denied for user 'root'@'localhost' (using password: NO)
2026-09-28T23:53:19.458692Z 4317 [Note] Access denied for user 'root'@'localhost' (using password: NO)
2026-09-28T23:53:29.709732Z 4318 [Note] Access denied for user 'root'@'localhost' (using password: NO)
2026-09-28T23:53:40.725900Z 4319 [Note] Access denied for user 'root'@'localhost' (using password: NO)
2026-09-28T23:53:51.713348Z 4320 [Note] Access denied for user 'root'@'localhost' (using password: NO)
2026-09-28T23:54:02.743833Z 4321 [Note] Access denied for user 'root'@'localhost' (using password: NO)
2026-09-28T23:54:13.720516Z 4322 [Note] Access denied for user 'root'@'localhost' (using password: NO)
2026-09-28T23:54:24.718408Z 4323 [Note] Access denied for user 'root'@'localhost' (using password: NO)
2026-09-28T23:54:35.721496Z 4324 [Note] Access denied for user 'root'@'localhost' (using password: NO)
2026-09-28T23:54:46.726224Z 4325 [Note] Access denied for user 'root'@'localhost' (using password: NO)
2026-09-28T23:54:57.728952Z 4326 [Note] Access denied for user 'root'@'localhost' (using password: NO)
2026-09-28T23:55:08.719634Z 4327 [Note] Access denied for user 'root'@'localhost' (using password: NO)
2026-09-28T23:55:19.738239Z 4328 [Note] Access denied for user 'root'@'localhost' (using password: NO)
2026-09-28T23:55:30.717765Z 4329 [Note] Access denied for user 'root'@'localhost' (using password: NO)
2026-09-28T23:55:41.721970Z 4330 [Note] Access denied for user 'root'@'localhost' (using password: NO)
2026-09-28T23:55:52.717683Z 4331 [Note] Access denied for user 'root'@'localhost' (using password: NO)
2026-09-28T23:56:03.720433Z 4332 [Note] Access denied for user 'root'@'localhost' (using password: NO)
2026-09-28T23:56:14.710746Z 4333 [Note] Access denied for user 'root'@'localhost' (using password: NO)
2026-09-28T23:56:25.729561Z 4334 [Note] Access denied for user 'root'@'localhost' (using password: NO)
2026-09-28T23:56:36.723440Z 4335 [Note] Access denied for user 'root'@'localhost' (using password: NO)
2026-09-28T23:56:47.725190Z 4336 [Note] Access denied for user 'root'@'localhost' (using password: NO)
2026-09-28T23:56:58.716225Z 4337 [Note] Access denied for user 'root'@'localhost' (using password: NO)
2026-09-28T23:57:09.717499Z 4338 [Note] Access denied for user 'root'@'localhost' (using password: NO)
2026-09-28T23:57:20.719953Z 4339 [Note] Access denied for user 'root'@'localhost' (using password: NO)
2026-09-28T23:57:31.737442Z 4340 [Note] Access denied for user 'root'@'localhost' (using password: NO)
2026-09-28T23:57:42.716590Z 4341 [Note] Access denied for user 'root'@'localhost' (using password: NO)
2026-09-28T23:57:53.740325Z 4342 [Note] Access denied for user 'root'@'localhost' (using password: NO)
2026-09-28T23:58:04.719623Z 4343 [Note] Access denied for user 'root'@'localhost' (using password: NO)
2026-09-28T23:58:15.713952Z 4344 [Note] Access denied for user 'root'@'localhost' (using password: NO)
2026-09-28T23:58:26.743795Z 4345 [Note] Access denied for user 'root'@'localhost' (using password: NO)
2026-09-28T23:58:37.716461Z 4346 [Note] Access denied for user 'root'@'localhost' (using password: NO)
2026-09-28T23:58:48.721442Z 4347 [Note] Access denied for user 'root'@'localhost' (using password: NO)
2026-09-28T23:58:59.708637Z 4348 [Note] Access denied for user 'root'@'localhost' (using password: NO)
2026-09-28T23:59:10.723381Z 4349 [Note] Access denied for user 'root'@'localhost' (using password: NO)
2026-09-28T23:59:21.742370Z 4350 [Note] Access denied for user 'root'@'localhost' (using password: NO)
2026-09-28T23:59:32.717078Z 4351 [Note] Access denied for user 'root'@'localhost' (using password: NO)
2026-09-28T23:59:43.719989Z 4352 [Note] Access denied for user 'root'@'localhost' (using password: NO)
2026-09-28T23:59:54.711009Z 4353 [Note] Access denied for user 'root'@'localhost' (using password: NO)
2026-09-29T00:00:05.726634Z 4354 [Note] Access denied for user 'root'@'localhost' (using password: NO)
2026-09-29T00:00:16.726935Z 4355 [Note] Access denied for user 'root'@'localhost' (using password: NO)
2026-09-29T00:00:27.720947Z 4356 [Note] Access denied for user 'root'@'localhost' (using password: NO)
2026-09-29T00:00:38.715235Z 4357 [Note] Access denied for user 'root'@'localhost' (using password: NO)
2026-09-29T00:00:49.748472Z 4358 [Note] Access denied for user 'root'@'localhost' (using password: NO)
2026-09-29T00:01:00.730841Z 4359 [Note] Access denied for user 'root'@'localhost' (using password: NO)
2026-09-29T00:01:11.721809Z 4360 [Note] Access denied for user 'root'@'localhost' (using password: NO)
2026-09-29T00:01:22.720592Z 4361 [Note] Access denied for user 'root'@'localhost' (using password: NO)
2026-09-29T00:01:33.713180Z 4362 [Note] Access denied for user 'root'@'localhost' (using password: NO)
2026-09-29T00:01:44.717331Z 4363 [Note] Access denied for user 'root'@'localhost' (using password: NO)
2026-09-29T00:01:55.725680Z 4364 [Note] Access denied for user 'root'@'localhost' (using password: NO)
2026-09-29T00:02:06.710343Z 4365 [Note] Access denied for user 'root'@'localhost' (using password: NO)
2026-09-29T00:02:17.723696Z 4366 [Note] Access denied for user 'root'@'localhost' (using password: NO)
2026-09-29T00:02:28.734061Z 4367 [Note] Access denied for user 'root'@'localhost' (using password: NO)
2026-09-29T00:02:39.740568Z 4368 [Note] Access denied for user 'root'@'localhost' (using password: NO)
2026-09-29T00:02:50.714895Z 4369 [Note] Access denied for user 'root'@'localhost' (using password: NO)
2026-09-29T00:03:01.712685Z 4370 [Note] Access denied for user 'root'@'localhost' (using password: NO)
2026-09-29T00:03:12.723024Z 4371 [Note] Access denied for user 'root'@'localhost' (using password: NO)
2026-09-29T00:03:23.714330Z 4372 [Note] Access denied for user 'root'@'localhost' (using password: NO)
2026-09-29T00:03:34.722704Z 4373 [Note] Access denied for user 'root'@'localhost' (using password: NO)
2026-09-29T00:03:45.725665Z 4374 [Note] Access denied for user 'root'@'localhost' (using password: NO)
2026-09-29T00:03:56.563762Z 4375 [Note] Access denied for user 'root'@'localhost' (using password: NO)
2026-09-29T00:04:06.727844Z 4376 [Note] Access denied for user 'root'@'localhost' (using password: NO)
2026-09-29T00:04:17.719768Z 4377 [Note] Access denied for user 'root'@'localhost' (using password: NO)
2026-09-29T00:04:28.724461Z 4378 [Note] Access denied for user 'root'@'localhost' (using password: NO)
2026-09-29T00:04:39.725244Z 4379 [Note] Access denied for user 'root'@'localhost' (using password: NO)
2026-09-29T00:04:50.726865Z 4380 [Note] Access denied for user 'root'@'localhost' (using password: NO)
2026-09-29T00:05:01.719941Z 4381 [Note] Access denied for user 'root'@'localhost' (using password: NO)
2026-09-29T00:05:12.722720Z 4382 [Note] Access denied for user 'root'@'localhost' (using password: NO)
2026-09-29T00:05:23.719891Z 4383 [Note] Access denied for user 'root'@'localhost' (using password: NO)
2026-09-29T00:05:34.717963Z 4384 [Note] Access denied for user 'root'@'localhost' (using password: NO)
2026-09-29T00:05:45.735971Z 4385 [Note] Access denied for user 'root'@'localhost' (using password: NO)
2026-09-29T00:05:56.712834Z 4386 [Note] Access denied for user 'root'@'localhost' (using password: NO)
2026-09-29T00:06:07.746218Z 4387 [Note] Access denied for user 'root'@'localhost' (using password: NO)
2026-09-29T00:06:18.720476Z 4388 [Note] Access denied for user 'root'@'localhost' (using password: NO)
2026-09-29T00:06:29.715847Z 4389 [Note] Access denied for user 'root'@'localhost' (using password: NO)
2026-09-29T00:06:40.727818Z 4390 [Note] Access denied for user 'root'@'localhost' (using password: NO)
2026-09-29T00:06:51.715469Z 4391 [Note] Access denied for user 'root'@'localhost' (using password: NO)
2026-09-29T00:07:02.717683Z 4392 [Note] Access denied for user 'root'@'localhost' (using password: NO)
2026-09-29T00:07:13.715441Z 4393 [Note] Access denied for user 'root'@'localhost' (using password: NO)
2026-09-29T00:07:24.717878Z 4394 [Note] Access denied for user 'root'@'localhost' (using password: NO)
2026-09-29T00:07:35.716655Z 4395 [Note] Access denied for user 'root'@'localhost' (using password: NO)
2026-09-29T00:07:46.723243Z 4396 [Note] Access denied for user 'root'@'localhost' (using password: NO)
2026-09-29T00:07:57.727691Z 4397 [Note] Access denied for user 'root'@'localhost' (using password: NO)
2026-09-29T00:08:08.716008Z 4398 [Note] Access denied for user 'root'@'localhost' (using password: NO)
2026-09-29T00:08:19.702651Z 4399 [Note] Access denied for user 'root'@'localhost' (using password: NO)
2026-09-29T00:08:30.716064Z 4400 [Note] Access denied for user 'root'@'localhost' (using password: NO)
2026-09-29T00:08:41.725918Z 4401 [Note] Access denied for user 'root'@'localhost' (using password: NO)
2026-09-29T00:08:52.720418Z 4402 [Note] Access denied for user 'root'@'localhost' (using password: NO)
2026-09-29T00:09:03.709585Z 4403 [Note] Access denied for user 'root'@'localhost' (using password: NO)
2026-09-29T00:09:14.727983Z 4404 [Note] Access denied for user 'root'@'localhost' (using password: NO)
2026-09-29T00:09:25.716948Z 4405 [Note] Access denied for user 'root'@'localhost' (using password: NO)
2026-09-29T00:09:36.704950Z 4406 [Note] Access denied for user 'root'@'localhost' (using password: NO)
2026-09-29T00:09:47.737316Z 4407 [Note] Access denied for user 'root'@'localhost' (using password: NO)
2026-09-29T00:09:58.726972Z 4408 [Note] Access denied for user 'root'@'localhost' (using password: NO)
2026-09-29T00:10:09.721874Z 4409 [Note] Access denied for user 'root'@'localhost' (using password: NO)
2026-09-29T00:10:20.730427Z 4410 [Note] Access denied for user 'root'@'localhost' (using password: NO)
2026-09-29T00:10:31.715372Z 4411 [Note] Access denied for user 'root'@'localhost' (using password: NO)
2026-09-29T00:10:42.734603Z 4412 [Note] Access denied for user 'root'@'localhost' (using password: NO)
2026-09-29T00:10:53.728532Z 4413 [Note] Access denied for user 'root'@'localhost' (using password: NO)
2026-09-29T00:11:04.731696Z 4414 [Note] Access denied for user 'root'@'localhost' (using password: NO)
2026-09-29T00:11:15.726800Z 4415 [Note] Access denied for user 'root'@'localhost' (using password: NO)
2026-09-29T00:11:26.720971Z 4416 [Note] Access denied for user 'root'@'localhost' (using password: NO)
2026-09-29T00:11:37.738326Z 4417 [Note] Access denied for user 'root'@'localhost' (using password: NO)
2026-09-29T00:11:48.714051Z 4418 [Note] Access denied for user 'root'@'localhost' (using password: NO)
2026-09-29T00:11:59.716557Z 4419 [Note] Access denied for user 'root'@'localhost' (using password: NO)
2026-09-29T00:12:10.720874Z 4420 [Note] Access denied for user 'root'@'localhost' (using password: NO)
2026-09-29T00:12:21.716452Z 4421 [Note] Access denied for user 'root'@'localhost' (using password: NO)
2026-09-29T00:12:32.737876Z 4422 [Note] Access denied for user 'root'@'localhost' (using password: NO)
2026-09-29T00:12:43.717441Z 4423 [Note] Access denied for user 'root'@'localhost' (using password: NO)
2026-09-29T00:12:54.725052Z 4424 [Note] Access denied for user 'root'@'localhost' (using password: NO)
2026-09-29T00:13:05.713040Z 4425 [Note] Access denied for user 'root'@'localhost' (using password: NO)
2026-09-29T00:13:16.712886Z 4426 [Note] Access denied for user 'root'@'localhost' (using password: NO)
2026-09-29T00:13:27.726618Z 4427 [Note] Access denied for user 'root'@'localhost' (using password: NO)
2026-09-29T00:13:38.722021Z 4428 [Note] Access denied for user 'root'@'localhost' (using password: NO)
2026-09-29T00:13:49.722854Z 4429 [Note] Access denied for user 'root'@'localhost' (using password: NO)
2026-09-29T00:14:00.724352Z 4430 [Note] Access denied for user 'root'@'localhost' (using password: NO)
2026-09-29T00:14:11.717784Z 4431 [Note] Access denied for user 'root'@'localhost' (using password: NO)
2026-09-29T00:14:22.720585Z 4432 [Note] Access denied for user 'root'@'localhost' (using password: NO)
2026-09-29T00:14:33.710654Z 4433 [Note] Access denied for user 'root'@'localhost' (using password: NO)
2026-09-29T00:14:44.744459Z 4434 [Note] Access denied for user 'root'@'localhost' (using password: NO)
2026-09-29T00:14:55.710009Z 4435 [Note] Access denied for user 'root'@'localhost' (using password: NO)
2026-09-29T00:15:06.715809Z 4436 [Note] Access denied for user 'root'@'localhost' (using password: NO)
2026-09-29T00:15:17.724927Z 4437 [Note] Access denied for user 'root'@'localhost' (using password: NO)
2026-09-29T00:15:28.723408Z 4438 [Note] Access denied for user 'root'@'localhost' (using password: NO)
2026-09-29T00:15:39.396438Z 4439 [Note] Access denied for user 'root'@'localhost' (using password: NO)
2026-09-29T00:15:49.721240Z 4440 [Note] Access denied for user 'root'@'localhost' (using password: NO)
2026-09-29T00:16:00.718559Z 4441 [Note] Access denied for user 'root'@'localhost' (using password: NO)
2026-09-29T00:16:11.724200Z 4442 [Note] Access denied for user 'root'@'localhost' (using password: NO)
2026-09-29T00:16:22.720694Z 4443 [Note] Access denied for user 'root'@'localhost' (using password: NO)
2026-09-29T00:16:33.712608Z 4444 [Note] Access denied for user 'root'@'localhost' (using password: NO)
2026-09-29T00:16:44.715151Z 4445 [Note] Access denied for user 'root'@'localhost' (using password: NO)
2026-09-29T00:16:55.752238Z 4446 [Note] Access denied for user 'root'@'localhost' (using password: NO)
2026-09-29T00:17:06.711382Z 4447 [Note] Access denied for user 'root'@'localhost' (using password: NO)
2026-09-29T00:17:17.735022Z 4448 [Note] Access denied for user 'root'@'localhost' (using password: NO)
2026-09-29T00:17:28.732613Z 4449 [Note] Access denied for user 'root'@'localhost' (using password: NO)
2026-09-29T00:17:39.725114Z 4450 [Note] Access denied for user 'root'@'localhost' (using password: NO)
2026-09-29T00:17:50.714863Z 4451 [Note] Access denied for user 'root'@'localhost' (using password: NO)
2026-09-29T00:18:01.729147Z 4452 [Note] Access denied for user 'root'@'localhost' (using password: NO)
2026-09-29T00:18:12.718574Z 4453 [Note] Access denied for user 'root'@'localhost' (using password: NO)
2026-09-29T00:18:23.720973Z 4454 [Note] Access denied for user 'root'@'localhost' (using password: NO)
2026-09-29T00:18:34.714322Z 4455 [Note] Access denied for user 'root'@'localhost' (using password: NO)
2026-09-29T00:18:45.705889Z 4456 [Note] Access denied for user 'root'@'localhost' (using password: NO)
2026-09-29T00:18:56.719711Z 4457 [Note] Access denied for user 'root'@'localhost' (using password: NO)
2026-09-29T00:19:07.712570Z 4458 [Note] Access denied for user 'root'@'localhost' (using password: NO)
2026-09-29T00:19:18.720465Z 4459 [Note] Access denied for user 'root'@'localhost' (using password: NO)
2026-09-29T00:19:29.725973Z 4460 [Note] Access denied for user 'root'@'localhost' (using password: NO)
2026-09-29T00:19:40.718694Z 4461 [Note] Access denied for user 'root'@'localhost' (using password: NO)
2026-09-29T00:19:51.721517Z 4462 [Note] Access denied for user 'root'@'localhost' (using password: NO)
2026-09-29T00:20:02.722962Z 4463 [Note] Access denied for user 'root'@'localhost' (using password: NO)
2026-09-29T00:20:13.736431Z 4464 [Note] Access denied for user 'root'@'localhost' (using password: NO)
2026-09-29T00:20:24.723118Z 4465 [Note] Access denied for user 'root'@'localhost' (using password: NO)
2026-09-29T00:20:35.710942Z 4466 [Note] Access denied for user 'root'@'localhost' (using password: NO)
2026-09-29T00:20:46.722479Z 4467 [Note] Access denied for user 'root'@'localhost' (using password: NO)
2026-09-29T00:20:57.747846Z 4468 [Note] Access denied for user 'root'@'localhost' (using password: NO)
2026-09-29T00:21:08.725858Z 4469 [Note] Access denied for user 'root'@'localhost' (using password: NO)
2026-09-29T00:21:19.721330Z 4470 [Note] Access denied for user 'root'@'localhost' (using password: NO)
2026-09-29T00:21:30.740036Z 4471 [Note] Access denied for user 'root'@'localhost' (using password: NO)
2026-09-29T00:21:41.712495Z 4472 [Note] Access denied for user 'root'@'localhost' (using password: NO)
2026-09-29T00:21:52.724045Z 4473 [Note] Access denied for user 'root'@'localhost' (using password: NO)
2026-09-29T00:22:03.736715Z 4474 [Note] Access denied for user 'root'@'localhost' (using password: NO)
2026-09-29T00:22:14.718548Z 4475 [Note] Access denied for user 'root'@'localhost' (using password: NO)
2026-09-29T00:22:25.716367Z 4476 [Note] Access denied for user 'root'@'localhost' (using password: NO)
2026-09-29T00:22:36.730078Z 4477 [Note] Access denied for user 'root'@'localhost' (using password: NO)
2026-09-29T00:22:47.719172Z 4478 [Note] Access denied for user 'root'@'localhost' (using password: NO)
2026-09-29T00:22:58.727451Z 4479 [Note] Access denied for user 'root'@'localhost' (using password: NO)
2026-09-29T00:23:09.725748Z 4480 [Note] Access denied for user 'root'@'localhost' (using password: NO)
2026-09-29T00:23:20.746572Z 4481 [Note] Access denied for user 'root'@'localhost' (using password: NO)
2026-09-29T00:23:31.720399Z 4482 [Note] Access denied for user 'root'@'localhost' (using password: NO)
2026-09-29T00:23:42.712147Z 4483 [Note] Access denied for user 'root'@'localhost' (using password: NO)
2026-09-29T00:23:53.748640Z 4484 [Note] Access denied for user 'root'@'localhost' (using password: NO)
2026-09-29T00:24:04.723171Z 4485 [Note] Access denied for user 'root'@'localhost' (using password: NO)
2026-09-29T00:24:15.718091Z 4486 [Note] Access denied for user 'root'@'localhost' (using password: NO)
2026-09-29T00:24:26.729486Z 4487 [Note] Access denied for user 'root'@'localhost' (using password: NO)
2026-09-29T00:24:37.720719Z 4488 [Note] Access denied for user 'root'@'localhost' (using password: NO)
2026-09-29T00:24:48.726296Z 4489 [Note] Access denied for user 'root'@'localhost' (using password: NO)
2026-09-29T00:24:59.722117Z 4490 [Note] Access denied for user 'root'@'localhost' (using password: NO)
2026-09-29T00:25:10.715488Z 4491 [Note] Access denied for user 'root'@'localhost' (using password: NO)
2026-09-29T00:25:21.721822Z 4492 [Note] Access denied for user 'root'@'localhost' (using password: NO)
2026-09-29T00:25:32.718386Z 4493 [Note] Access denied for user 'root'@'localhost' (using password: NO)
2026-09-29T00:25:43.732758Z 4494 [Note] Access denied for user 'root'@'localhost' (using password: NO)
2026-09-29T00:25:54.738576Z 4495 [Note] Access denied for user 'root'@'localhost' (using password: NO)
2026-09-29T00:26:05.711455Z 4496 [Note] Access denied for user 'root'@'localhost' (using password: NO)
2026-09-29T00:26:16.719764Z 4497 [Note] Access denied for user 'root'@'localhost' (using password: NO)
2026-09-29T00:26:27.717759Z 4498 [Note] Access denied for user 'root'@'localhost' (using password: NO)
2026-09-29T00:26:38.720663Z 4499 [Note] Access denied for user 'root'@'localhost' (using password: NO)
2026-09-29T00:26:49.720945Z 4500 [Note] Access denied for user 'root'@'localhost' (using password: NO)
2026-09-29T00:27:00.725078Z 4501 [Note] Access denied for user 'root'@'localhost' (using password: NO)
2026-09-29T00:27:11.718624Z 4502 [Note] Access denied for user 'root'@'localhost' (using password: NO)
2026-09-29T00:27:22.731681Z 4503 [Note] Access denied for user 'root'@'localhost' (using password: NO)
2026-09-29T00:27:33.723854Z 4504 [Note] Access denied for user 'root'@'localhost' (using password: NO)
2026-09-29T00:27:44.717978Z 4505 [Note] Access denied for user 'root'@'localhost' (using password: NO)
2026-09-29T00:27:55.716696Z 4506 [Note] Access denied for user 'root'@'localhost' (using password: NO)
2026-09-29T00:28:06.711410Z 4507 [Note] Access denied for user 'root'@'localhost' (using password: NO)
2026-09-29T00:28:17.713185Z 4508 [Note] Access denied for user 'root'@'localhost' (using password: NO)
2026-09-29T00:28:28.716914Z 4509 [Note] Access denied for user 'root'@'localhost' (using password: NO)
2026-09-29T00:28:39.716685Z 4510 [Note] Access denied for user 'root'@'localhost' (using password: NO)
2026-09-29T00:28:50.714384Z 4511 [Note] Access denied for user 'root'@'localhost' (using password: NO)
2026-09-29T00:29:01.725209Z 4512 [Note] Access denied for user 'root'@'localhost' (using password: NO)
2026-09-29T00:29:12.723480Z 4513 [Note] Access denied for user 'root'@'localhost' (using password: NO)
2026-09-29T00:29:23.745727Z 4514 [Note] Access denied for user 'root'@'localhost' (using password: NO)
2026-09-29T00:29:34.724628Z 4515 [Note] Access denied for user 'root'@'localhost' (using password: NO)
2026-09-29T00:29:45.736500Z 4516 [Note] Access denied for user 'root'@'localhost' (using password: NO)
2026-09-29T00:29:56.714711Z 4517 [Note] Access denied for user 'root'@'localhost' (using password: NO)
2026-09-29T00:30:07.714983Z 4518 [Note] Access denied for user 'root'@'localhost' (using password: NO)
2026-09-29T00:30:18.725773Z 4519 [Note] Access denied for user 'root'@'localhost' (using password: NO)
2026-09-29T00:30:29.370078Z 4520 [Note] Access denied for user 'root'@'localhost' (using password: NO)
2026-09-29T00:30:39.721877Z 4521 [Note] Access denied for user 'root'@'localhost' (using password: NO)
2026-09-29T00:30:50.705617Z 4522 [Note] Access denied for user 'root'@'localhost' (using password: NO)
2026-09-29T00:31:01.723869Z 4523 [Note] Access denied for user 'root'@'localhost' (using password: NO)
2026-09-29T00:31:12.718718Z 4524 [Note] Access denied for user 'root'@'localhost' (using password: NO)
2026-09-29T00:31:23.725937Z 4525 [Note] Access denied for user 'root'@'localhost' (using password: NO)
2026-09-29T00:31:34.721000Z 4526 [Note] Access denied for user 'root'@'localhost' (using password: NO)
2026-09-29T00:31:45.739455Z 4527 [Note] Access denied for user 'root'@'localhost' (using password: NO)
2026-09-29T00:31:56.715588Z 4528 [Note] Access denied for user 'root'@'localhost' (using password: NO)
2026-09-29T00:32:07.751750Z 4529 [Note] Access denied for user 'root'@'localhost' (using password: NO)
2026-09-29T00:32:18.713754Z 4530 [Note] Access denied for user 'root'@'localhost' (using password: NO)
2026-09-29T00:32:29.716136Z 4531 [Note] Access denied for user 'root'@'localhost' (using password: NO)
2026-09-29T00:32:40.728722Z 4532 [Note] Access denied for user 'root'@'localhost' (using password: NO)
2026-09-29T00:32:51.730635Z 4533 [Note] Access denied for user 'root'@'localhost' (using password: NO)
2026-09-29T00:33:02.723369Z 4534 [Note] Access denied for user 'root'@'localhost' (using password: NO)
2026-09-29T00:33:13.721850Z 4535 [Note] Access denied for user 'root'@'localhost' (using password: NO)
2026-09-29T00:33:24.736263Z 4536 [Note] Access denied for user 'root'@'localhost' (using password: NO)
2026-09-29T00:33:35.721175Z 4537 [Note] Access denied for user 'root'@'localhost' (using password: NO)
2026-09-29T00:33:46.726033Z 4538 [Note] Access denied for user 'root'@'localhost' (using password: NO)
2026-09-29T00:33:56.857941Z 4539 [Note] Access denied for user 'root'@'localhost' (using password: NO)
2026-09-29T00:34:07.719344Z 4540 [Note] Access denied for user 'root'@'localhost' (using password: NO)
2026-09-29T00:34:18.721973Z 4541 [Note] Access denied for user 'root'@'localhost' (using password: NO)
2026-09-29T00:34:29.724927Z 4542 [Note] Access denied for user 'root'@'localhost' (using password: NO)
2026-09-29T00:34:40.730900Z 4543 [Note] Access denied for user 'root'@'localhost' (using password: NO)
2026-09-29T00:34:51.706804Z 4544 [Note] Access denied for user 'root'@'localhost' (using password: NO)
2026-09-29T00:35:02.725403Z 4545 [Note] Access denied for user 'root'@'localhost' (using password: NO)
2026-09-29T00:35:13.726986Z 4546 [Note] Access denied for user 'root'@'localhost' (using password: NO)
2026-09-29T00:35:24.748908Z 4547 [Note] Access denied for user 'root'@'localhost' (using password: NO)
2026-09-29T00:35:35.716549Z 4548 [Note] Access denied for user 'root'@'localhost' (using password: NO)
2026-09-29T00:35:46.715182Z 4549 [Note] Access denied for user 'root'@'localhost' (using password: NO)
2026-09-29T00:35:57.721507Z 4550 [Note] Access denied for user 'root'@'localhost' (using password: NO)
2026-09-29T00:36:08.710438Z 4551 [Note] Access denied for user 'root'@'localhost' (using password: NO)
2026-09-29T00:36:19.719353Z 4552 [Note] Access denied for user 'root'@'localhost' (using password: NO)
2026-09-29T00:36:30.712506Z 4553 [Note] Access denied for user 'root'@'localhost' (using password: NO)
2026-09-29T00:36:41.726864Z 4554 [Note] Access denied for user 'root'@'localhost' (using password: NO)
2026-09-29T00:36:52.718051Z 4555 [Note] Access denied for user 'root'@'localhost' (using password: NO)
2026-09-29T00:37:03.717802Z 4556 [Note] Access denied for user 'root'@'localhost' (using password: NO)
2026-09-29T00:37:14.732027Z 4557 [Note] Access denied for user 'root'@'localhost' (using password: NO)
2026-09-29T00:37:25.720806Z 4558 [Note] Access denied for user 'root'@'localhost' (using password: NO)
2026-09-29T00:37:36.725454Z 4559 [Note] Access denied for user 'root'@'localhost' (using password: NO)
2026-09-29T00:37:47.723899Z 4560 [Note] Access denied for user 'root'@'localhost' (using password: NO)
2026-09-29T00:37:58.707379Z 4561 [Note] Access denied for user 'root'@'localhost' (using password: NO)
2026-09-29T00:38:09.723956Z 4562 [Note] Access denied for user 'root'@'localhost' (using password: NO)
2026-09-29T00:38:20.722061Z 4563 [Note] Access denied for user 'root'@'localhost' (using password: NO)
2026-09-29T00:38:31.713978Z 4564 [Note] Access denied for user 'root'@'localhost' (using password: NO)
2026-09-29T00:38:42.725530Z 4565 [Note] Access denied for user 'root'@'localhost' (using password: NO)
2026-09-29T00:38:53.745325Z 4566 [Note] Access denied for user 'root'@'localhost' (using password: NO)
2026-09-29T00:39:04.721268Z 4567 [Note] Access denied for user 'root'@'localhost' (using password: NO)
2026-09-29T00:39:15.712187Z 4568 [Note] Access denied for user 'root'@'localhost' (using password: NO)
2026-09-29T00:39:26.725842Z 4569 [Note] Access denied for user 'root'@'localhost' (using password: NO)
2026-09-29T00:39:37.734082Z 4570 [Note] Access denied for user 'root'@'localhost' (using password: NO)
2026-09-29T00:39:48.712510Z 4571 [Note] Access denied for user 'root'@'localhost' (using password: NO)
2026-09-29T00:39:59.722474Z 4572 [Note] Access denied for user 'root'@'localhost' (using password: NO)
2026-09-29T00:40:10.718320Z 4573 [Note] Access denied for user 'root'@'localhost' (using password: NO)
2026-09-29T00:40:21.717543Z 4574 [Note] Access denied for user 'root'@'localhost' (using password: NO)
2026-09-29T00:40:32.731377Z 4575 [Note] Access denied for user 'root'@'localhost' (using password: NO)
2026-09-29T00:40:43.731194Z 4576 [Note] Access denied for user 'root'@'localhost' (using password: NO)
2026-09-29T00:40:54.716678Z 4577 [Note] Access denied for user 'root'@'localhost' (using password: NO)
2026-09-29T00:41:05.715990Z 4578 [Note] Access denied for user 'root'@'localhost' (using password: NO)
2026-09-29T00:41:16.720077Z 4579 [Note] Access denied for user 'root'@'localhost' (using password: NO)
2026-09-29T00:41:27.733234Z 4580 [Note] Access denied for user 'root'@'localhost' (using password: NO)
2026-09-29T00:41:38.723368Z 4581 [Note] Access denied for user 'root'@'localhost' (using password: NO)
2026-09-29T00:41:49.725606Z 4582 [Note] Access denied for user 'root'@'localhost' (using password: NO)
2026-09-29T00:42:00.742799Z 4583 [Note] Access denied for user 'root'@'localhost' (using password: NO)
2026-09-29T00:42:11.715215Z 4584 [Note] Access denied for user 'root'@'localhost' (using password: NO)
2026-09-29T00:42:22.711860Z 4585 [Note] Access denied for user 'root'@'localhost' (using password: NO)
2026-09-29T00:42:33.713167Z 4586 [Note] Access denied for user 'root'@'localhost' (using password: NO)
2026-09-29T00:42:44.712844Z 4587 [Note] Access denied for user 'root'@'localhost' (using password: NO)
2026-09-29T00:42:55.715810Z 4588 [Note] Access denied for user 'root'@'localhost' (using password: NO)
2026-09-29T00:43:06.723238Z 4589 [Note] Access denied for user 'root'@'localhost' (using password: NO)
2026-09-29T00:43:17.722040Z 4590 [Note] Access denied for user 'root'@'localhost' (using password: NO)
2026-09-29T00:43:28.742729Z 4591 [Note] Access denied for user 'root'@'localhost' (using password: NO)
2026-09-29T00:43:39.714561Z 4592 [Note] Access denied for user 'root'@'localhost' (using password: NO)
2026-09-29T00:43:50.713408Z 4593 [Note] Access denied for user 'root'@'localhost' (using password: NO)
2026-09-29T00:44:01.714529Z 4594 [Note] Access denied for user 'root'@'localhost' (using password: NO)
2026-09-29T00:44:12.712934Z 4595 [Note] Access denied for user 'root'@'localhost' (using password: NO)
2026-09-29T00:44:23.730147Z 4596 [Note] Access denied for user 'root'@'localhost' (using password: NO)
2026-09-29T00:44:34.724971Z 4597 [Note] Access denied for user 'root'@'localhost' (using password: NO)
2026-09-29T00:44:45.753408Z 4598 [Note] Access denied for user 'root'@'localhost' (using password: NO)
2026-09-29T00:44:56.715419Z 4599 [Note] Access denied for user 'root'@'localhost' (using password: NO)
2026-09-29T00:45:07.731188Z 4600 [Note] Access denied for user 'root'@'localhost' (using password: NO)
2026-09-29T00:45:18.718667Z 4601 [Note] Access denied for user 'root'@'localhost' (using password: NO)
2026-09-29T00:45:29.365624Z 4602 [Note] Access denied for user 'root'@'localhost' (using password: NO)
2026-09-29T00:45:39.721398Z 4603 [Note] Access denied for user 'root'@'localhost' (using password: NO)
2026-09-29T00:45:50.719280Z 4604 [Note] Access denied for user 'root'@'localhost' (using password: NO)
2026-09-29T00:46:01.722420Z 4605 [Note] Access denied for user 'root'@'localhost' (using password: NO)
2026-09-29T00:46:12.719157Z 4606 [Note] Access denied for user 'root'@'localhost' (using password: NO)
2026-09-29T00:46:23.713939Z 4607 [Note] Access denied for user 'root'@'localhost' (using password: NO)
2026-09-29T00:46:34.741132Z 4608 [Note] Access denied for user 'root'@'localhost' (using password: NO)
2026-09-29T00:46:45.733638Z 4609 [Note] Access denied for user 'root'@'localhost' (using password: NO)
2026-09-29T00:46:56.715538Z 4610 [Note] Access denied for user 'root'@'localhost' (using password: NO)
2026-09-29T00:47:07.737191Z 4611 [Note] Access denied for user 'root'@'localhost' (using password: NO)
2026-09-29T00:47:18.719254Z 4612 [Note] Access denied for user 'root'@'localhost' (using password: NO)
2026-09-29T00:47:29.752168Z 4613 [Note] Access denied for user 'root'@'localhost' (using password: NO)
2026-09-29T00:47:40.721261Z 4614 [Note] Access denied for user 'root'@'localhost' (using password: NO)
2026-09-29T00:47:51.734375Z 4615 [Note] Access denied for user 'root'@'localhost' (using password: NO)
2026-09-29T00:48:02.743562Z 4616 [Note] Access denied for user 'root'@'localhost' (using password: NO)
2026-09-29T00:48:13.718889Z 4617 [Note] Access denied for user 'root'@'localhost' (using password: NO)
2026-09-29T00:48:24.718898Z 4618 [Note] Access denied for user 'root'@'localhost' (using password: NO)
2026-09-29T00:48:35.725167Z 4619 [Note] Access denied for user 'root'@'localhost' (using password: NO)
2026-09-29T00:48:46.722657Z 4620 [Note] Access denied for user 'root'@'localhost' (using password: NO)
2026-09-29T00:48:57.009155Z 4621 [Note] Access denied for user 'root'@'localhost' (using password: NO)
2026-09-29T00:49:07.717970Z 4622 [Note] Access denied for user 'root'@'localhost' (using password: NO)
2026-09-29T00:49:18.718731Z 4623 [Note] Access denied for user 'root'@'localhost' (using password: NO)
2026-09-29T00:49:29.734728Z 4624 [Note] Access denied for user 'root'@'localhost' (using password: NO)
2026-09-29T00:49:40.729872Z 4625 [Note] Access denied for user 'root'@'localhost' (using password: NO)
2026-09-29T00:49:51.725492Z 4626 [Note] Access denied for user 'root'@'localhost' (using password: NO)
2026-09-29T00:50:02.748235Z 4627 [Note] Access denied for user 'root'@'localhost' (using password: NO)
2026-09-29T00:50:13.724991Z 4628 [Note] Access denied for user 'root'@'localhost' (using password: NO)
2026-09-29T00:50:24.713154Z 4629 [Note] Access denied for user 'root'@'localhost' (using password: NO)
2026-09-29T00:50:35.731667Z 4630 [Note] Access denied for user 'root'@'localhost' (using password: NO)
2026-09-29T00:50:46.720502Z 4631 [Note] Access denied for user 'root'@'localhost' (using password: NO)
2026-09-29T00:50:57.715898Z 4632 [Note] Access denied for user 'root'@'localhost' (using password: NO)
2026-09-29T00:51:08.720186Z 4633 [Note] Access denied for user 'root'@'localhost' (using password: NO)
2026-09-29T00:51:19.716644Z 4634 [Note] Access denied for user 'root'@'localhost' (using password: NO)
2026-09-29T00:51:30.757367Z 4635 [Note] Access denied for user 'root'@'localhost' (using password: NO)
2026-09-29T00:51:41.719723Z 4636 [Note] Access denied for user 'root'@'localhost' (using password: NO)
2026-09-29T00:51:52.721470Z 4637 [Note] Access denied for user 'root'@'localhost' (using password: NO)
2026-09-29T00:52:03.722962Z 4638 [Note] Access denied for user 'root'@'localhost' (using password: NO)
2026-09-29T00:52:14.721430Z 4639 [Note] Access denied for user 'root'@'localhost' (using password: NO)
2026-09-29T00:52:25.717482Z 4640 [Note] Access denied for user 'root'@'localhost' (using password: NO)
2026-09-29T00:52:36.713644Z 4641 [Note] Access denied for user 'root'@'localhost' (using password: NO)
2026-09-29T00:52:47.740689Z 4642 [Note] Access denied for user 'root'@'localhost' (using password: NO)
2026-09-29T00:52:58.709380Z 4643 [Note] Access denied for user 'root'@'localhost' (using password: NO)
2026-09-29T00:53:09.714761Z 4644 [Note] Access denied for user 'root'@'localhost' (using password: NO)
2026-09-29T00:53:20.721523Z 4645 [Note] Access denied for user 'root'@'localhost' (using password: NO)
2026-09-29T00:53:31.729177Z 4646 [Note] Access denied for user 'root'@'localhost' (using password: NO)
2026-09-29T00:53:42.714397Z 4647 [Note] Access denied for user 'root'@'localhost' (using password: NO)
2026-09-29T00:53:53.747414Z 4648 [Note] Access denied for user 'root'@'localhost' (using password: NO)
2026-09-29T00:54:04.712431Z 4649 [Note] Access denied for user 'root'@'localhost' (using password: NO)
2026-09-29T00:54:15.730234Z 4650 [Note] Access denied for user 'root'@'localhost' (using password: NO)
2026-09-29T00:54:26.715599Z 4651 [Note] Access denied for user 'root'@'localhost' (using password: NO)
2026-09-29T00:54:37.728269Z 4652 [Note] Access denied for user 'root'@'localhost' (using password: NO)
2026-09-29T00:54:48.714547Z 4653 [Note] Access denied for user 'root'@'localhost' (using password: NO)
2026-09-29T00:54:59.718802Z 4654 [Note] Access denied for user 'root'@'localhost' (using password: NO)
2026-09-29T00:55:10.716786Z 4655 [Note] Access denied for user 'root'@'localhost' (using password: NO)
2026-09-29T00:55:21.721056Z 4656 [Note] Access denied for user 'root'@'localhost' (using password: NO)
2026-09-29T00:55:32.728038Z 4657 [Note] Access denied for user 'root'@'localhost' (using password: NO)
2026-09-29T00:55:43.714549Z 4658 [Note] Access denied for user 'root'@'localhost' (using password: NO)
2026-09-29T00:55:54.719115Z 4659 [Note] Access denied for user 'root'@'localhost' (using password: NO)
2026-09-29T00:56:05.812818Z 4660 [Note] Access denied for user 'root'@'localhost' (using password: NO)
2026-09-29T00:56:16.732490Z 4661 [Note] Access denied for user 'root'@'localhost' (using password: NO)
2026-09-29T00:56:27.723041Z 4662 [Note] Access denied for user 'root'@'localhost' (using password: NO)
2026-09-29T00:56:38.717447Z 4663 [Note] Access denied for user 'root'@'localhost' (using password: NO)
2026-09-29T00:56:49.716152Z 4664 [Note] Access denied for user 'root'@'localhost' (using password: NO)
2026-09-29T00:57:00.720738Z 4665 [Note] Access denied for user 'root'@'localhost' (using password: NO)
2026-09-29T00:57:11.716364Z 4666 [Note] Access denied for user 'root'@'localhost' (using password: NO)
2026-09-29T00:57:22.715646Z 4667 [Note] Access denied for user 'root'@'localhost' (using password: NO)
2026-09-29T00:57:33.720308Z 4668 [Note] Access denied for user 'root'@'localhost' (using password: NO)
2026-09-29T00:57:44.726041Z 4669 [Note] Access denied for user 'root'@'localhost' (using password: NO)
2026-09-29T00:57:55.711636Z 4670 [Note] Access denied for user 'root'@'localhost' (using password: NO)
2026-09-29T00:58:06.713603Z 4671 [Note] Access denied for user 'root'@'localhost' (using password: NO)
2026-09-29T00:58:17.726024Z 4672 [Note] Access denied for user 'root'@'localhost' (using password: NO)
2026-09-29T00:58:28.723403Z 4673 [Note] Access denied for user 'root'@'localhost' (using password: NO)
2026-09-29T00:58:39.718919Z 4674 [Note] Access denied for user 'root'@'localhost' (using password: NO)
2026-09-29T00:58:50.718366Z 4675 [Note] Access denied for user 'root'@'localhost' (using password: NO)
2026-09-29T00:59:01.721782Z 4676 [Note] Access denied for user 'root'@'localhost' (using password: NO)
2026-09-29T00:59:12.722118Z 4677 [Note] Access denied for user 'root'@'localhost' (using password: NO)
2026-09-29T00:59:23.722149Z 4678 [Note] Access denied for user 'root'@'localhost' (using password: NO)
2026-09-29T00:59:34.718036Z 4679 [Note] Access denied for user 'root'@'localhost' (using password: NO)
2026-09-29T00:59:45.747357Z 4680 [Note] Access denied for user 'root'@'localhost' (using password: NO)
2026-09-29T00:59:56.737274Z 4681 [Note] Access denied for user 'root'@'localhost' (using password: NO)
2026-09-29T01:00:07.748116Z 4682 [Note] Access denied for user 'root'@'localhost' (using password: NO)
2026-09-29T01:00:18.717413Z 4683 [Note] Access denied for user 'root'@'localhost' (using password: NO)
2026-09-29T01:00:29.351023Z 4684 [Note] Access denied for user 'root'@'localhost' (using password: NO)
2026-09-29T01:00:39.715532Z 4685 [Note] Access denied for user 'root'@'localhost' (using password: NO)
2026-09-29T01:00:50.712007Z 4686 [Note] Access denied for user 'root'@'localhost' (using password: NO)
2026-09-29T01:01:01.737229Z 4687 [Note] Access denied for user 'root'@'localhost' (using password: NO)
2026-09-29T01:01:12.723440Z 4688 [Note] Access denied for user 'root'@'localhost' (using password: NO)
2026-09-29T01:01:23.710898Z 4689 [Note] Access denied for user 'root'@'localhost' (using password: NO)
2026-09-29T01:01:34.718683Z 4690 [Note] Access denied for user 'root'@'localhost' (using password: NO)
2026-09-29T01:01:45.738974Z 4691 [Note] Access denied for user 'root'@'localhost' (using password: NO)
2026-09-29T01:01:56.720735Z 4692 [Note] Access denied for user 'root'@'localhost' (using password: NO)
2026-09-29T01:02:07.734059Z 4693 [Note] Access denied for user 'root'@'localhost' (using password: NO)
2026-09-29T01:02:18.733010Z 4694 [Note] Access denied for user 'root'@'localhost' (using password: NO)
2026-09-29T01:02:29.709334Z 4695 [Note] Access denied for user 'root'@'localhost' (using password: NO)
2026-09-29T01:02:40.722480Z 4696 [Note] Access denied for user 'root'@'localhost' (using password: NO)
2026-09-29T01:02:51.745513Z 4697 [Note] Access denied for user 'root'@'localhost' (using password: NO)
2026-09-29T01:03:02.718986Z 4698 [Note] Access denied for user 'root'@'localhost' (using password: NO)
2026-09-29T01:03:13.723860Z 4699 [Note] Access denied for user 'root'@'localhost' (using password: NO)
2026-09-29T01:03:24.729541Z 4700 [Note] Access denied for user 'root'@'localhost' (using password: NO)
2026-09-29T01:03:35.724769Z 4701 [Note] Access denied for user 'root'@'localhost' (using password: NO)
2026-09-29T01:03:46.734638Z 4702 [Note] Access denied for user 'root'@'localhost' (using password: NO)
2026-09-29T01:03:57.169282Z 4703 [Note] Access denied for user 'root'@'localhost' (using password: NO)
2026-09-29T01:04:07.721925Z 4704 [Note] Access denied for user 'root'@'localhost' (using password: NO)
2026-09-29T01:04:18.889369Z 4705 [Note] Access denied for user 'root'@'localhost' (using password: NO)
2026-09-29T01:04:29.773963Z 4706 [Note] Access denied for user 'root'@'localhost' (using password: NO)
2026-09-29T01:04:40.704781Z 4707 [Note] Access denied for user 'root'@'localhost' (using password: NO)
2026-09-29T01:04:51.701645Z 4708 [Note] Access denied for user 'root'@'localhost' (using password: NO)
2026-09-29T01:05:02.705268Z 4709 [Note] Access denied for user 'root'@'localhost' (using password: NO)
2026-09-29T01:05:13.688905Z 4710 [Note] Access denied for user 'root'@'localhost' (using password: NO)
2026-09-29T01:05:24.683861Z 4711 [Note] Access denied for user 'root'@'localhost' (using password: NO)
2026-09-29T01:05:35.688515Z 4712 [Note] Access denied for user 'root'@'localhost' (using password: NO)
2026-09-29T01:05:46.677247Z 4713 [Note] Access denied for user 'root'@'localhost' (using password: NO)
2026-09-29T01:05:57.679330Z 4714 [Note] Access denied for user 'root'@'localhost' (using password: NO)
2026-09-29T01:06:08.683715Z 4715 [Note] Access denied for user 'root'@'localhost' (using password: NO)
2026-09-29T01:06:19.689064Z 4716 [Note] Access denied for user 'root'@'localhost' (using password: NO)
2026-09-29T01:06:30.703055Z 4717 [Note] Access denied for user 'root'@'localhost' (using password: NO)
2026-09-29T01:06:41.685997Z 4718 [Note] Access denied for user 'root'@'localhost' (using password: NO)
2026-09-29T01:06:52.680092Z 4719 [Note] Access denied for user 'root'@'localhost' (using password: NO)
2026-09-29T01:07:03.681918Z 4720 [Note] Access denied for user 'root'@'localhost' (using password: NO)
2026-09-29T01:07:14.681336Z 4721 [Note] Access denied for user 'root'@'localhost' (using password: NO)
2026-09-29T01:07:25.680479Z 4722 [Note] Access denied for user 'root'@'localhost' (using password: NO)
2026-09-29T01:07:36.692682Z 4723 [Note] Access denied for user 'root'@'localhost' (using password: NO)
2026-09-29T01:07:47.678845Z 4724 [Note] Access denied for user 'root'@'localhost' (using password: NO)
2026-09-29T01:07:58.680568Z 4725 [Note] Access denied for user 'root'@'localhost' (using password: NO)
2026-09-29T01:08:09.684577Z 4726 [Note] Access denied for user 'root'@'localhost' (using password: NO)
2026-09-29T01:08:20.679329Z 4727 [Note] Access denied for user 'root'@'localhost' (using password: NO)
2026-09-29T01:08:31.677185Z 4728 [Note] Access denied for user 'root'@'localhost' (using password: NO)
2026-09-29T01:08:42.680926Z 4729 [Note] Access denied for user 'root'@'localhost' (using password: NO)
2026-09-29T01:08:53.716354Z 4730 [Note] Access denied for user 'root'@'localhost' (using password: NO)
2026-09-29T01:09:04.683832Z 4731 [Note] Access denied for user 'root'@'localhost' (using password: NO)
2026-09-29T01:09:15.687567Z 4732 [Note] Access denied for user 'root'@'localhost' (using password: NO)
2026-09-29T01:09:26.685235Z 4733 [Note] Access denied for user 'root'@'localhost' (using password: NO)
2026-09-29T01:09:37.685936Z 4734 [Note] Access denied for user 'root'@'localhost' (using password: NO)
2026-09-29T01:09:48.686347Z 4735 [Note] Access denied for user 'root'@'localhost' (using password: NO)
2026-09-29T01:09:59.686967Z 4736 [Note] Access denied for user 'root'@'localhost' (using password: NO)
2026-09-29T01:10:10.691169Z 4737 [Note] Access denied for user 'root'@'localhost' (using password: NO)
2026-09-29T01:10:21.682035Z 4738 [Note] Access denied for user 'root'@'localhost' (using password: NO)
2026-09-29T01:10:32.676839Z 4739 [Note] Access denied for user 'root'@'localhost' (using password: NO)
2026-09-29T01:10:43.676815Z 4740 [Note] Access denied for user 'root'@'localhost' (using password: NO)
2026-09-29T01:10:54.679001Z 4741 [Note] Access denied for user 'root'@'localhost' (using password: NO)
2026-09-29T01:11:05.704974Z 4742 [Note] Access denied for user 'root'@'localhost' (using password: NO)
2026-09-29T01:11:16.689275Z 4743 [Note] Access denied for user 'root'@'localhost' (using password: NO)
2026-09-29T01:11:27.696430Z 4744 [Note] Access denied for user 'root'@'localhost' (using password: NO)
2026-09-29T01:11:38.683531Z 4745 [Note] Access denied for user 'root'@'localhost' (using password: NO)
2026-09-29T01:11:49.681106Z 4746 [Note] Access denied for user 'root'@'localhost' (using password: NO)
2026-09-29T01:12:00.682720Z 4747 [Note] Access denied for user 'root'@'localhost' (using password: NO)
2026-09-29T01:12:11.692671Z 4748 [Note] Access denied for user 'root'@'localhost' (using password: NO)
2026-09-29T01:12:22.684400Z 4749 [Note] Access denied for user 'root'@'localhost' (using password: NO)
2026-09-29T01:12:33.681013Z 4750 [Note] Access denied for user 'root'@'localhost' (using password: NO)
2026-09-29T01:12:44.702229Z 4751 [Note] Access denied for user 'root'@'localhost' (using password: NO)
2026-09-29T01:12:55.695805Z 4752 [Note] Access denied for user 'root'@'localhost' (using password: NO)
2026-09-29T01:13:06.684205Z 4753 [Note] Access denied for user 'root'@'localhost' (using password: NO)
2026-09-29T01:13:17.678859Z 4754 [Note] Access denied for user 'root'@'localhost' (using password: NO)
2026-09-29T01:13:28.683255Z 4755 [Note] Access denied for user 'root'@'localhost' (using password: NO)
2026-09-29T01:13:39.682013Z 4756 [Note] Access denied for user 'root'@'localhost' (using password: NO)
2026-09-29T01:13:50.684704Z 4757 [Note] Access denied for user 'root'@'localhost' (using password: NO)
2026-09-29T01:14:01.709754Z 4758 [Note] Access denied for user 'root'@'localhost' (using password: NO)
2026-09-29T01:14:12.693411Z 4759 [Note] Access denied for user 'root'@'localhost' (using password: NO)
2026-09-29T01:14:23.684196Z 4760 [Note] Access denied for user 'root'@'localhost' (using password: NO)
2026-09-29T01:14:34.690911Z 4761 [Note] Access denied for user 'root'@'localhost' (using password: NO)
2026-09-29T01:14:45.709908Z 4762 [Note] Access denied for user 'root'@'localhost' (using password: NO)
2026-09-29T01:14:56.685312Z 4763 [Note] Access denied for user 'root'@'localhost' (using password: NO)
2026-09-29T01:15:07.704113Z 4764 [Note] Access denied for user 'root'@'localhost' (using password: NO)
2026-09-29T01:15:18.686736Z 4765 [Note] Access denied for user 'root'@'localhost' (using password: NO)
2026-09-29T01:15:29.298767Z 4766 [Note] Access denied for user 'root'@'localhost' (using password: NO)
2026-09-29T01:15:39.684267Z 4767 [Note] Access denied for user 'root'@'localhost' (using password: NO)
2026-09-29T01:15:50.683059Z 4768 [Note] Access denied for user 'root'@'localhost' (using password: NO)
2026-09-29T01:16:01.688096Z 4769 [Note] Access denied for user 'root'@'localhost' (using password: NO)
2026-09-29T01:16:12.681615Z 4770 [Note] Access denied for user 'root'@'localhost' (using password: NO)
2026-09-29T01:16:23.690866Z 4771 [Note] Access denied for user 'root'@'localhost' (using password: NO)
2026-09-29T01:16:34.685001Z 4772 [Note] Access denied for user 'root'@'localhost' (using password: NO)
2026-09-29T01:16:45.695125Z 4773 [Note] Access denied for user 'root'@'localhost' (using password: NO)
2026-09-29T01:16:56.679238Z 4774 [Note] Access denied for user 'root'@'localhost' (using password: NO)
2026-09-29T01:17:07.685966Z 4775 [Note] Access denied for user 'root'@'localhost' (using password: NO)
2026-09-29T01:17:18.683109Z 4776 [Note] Access denied for user 'root'@'localhost' (using password: NO)
2026-09-29T01:17:29.680388Z 4777 [Note] Access denied for user 'root'@'localhost' (using password: NO)
2026-09-29T01:17:40.684211Z 4778 [Note] Access denied for user 'root'@'localhost' (using password: NO)
2026-09-29T01:17:51.693507Z 4779 [Note] Access denied for user 'root'@'localhost' (using password: NO)
2026-09-29T01:18:02.678450Z 4780 [Note] Access denied for user 'root'@'localhost' (using password: NO)
2026-09-29T01:18:13.679965Z 4781 [Note] Access denied for user 'root'@'localhost' (using password: NO)
2026-09-29T01:18:24.682677Z 4782 [Note] Access denied for user 'root'@'localhost' (using password: NO)
2026-09-29T01:18:35.692608Z 4783 [Note] Access denied for user 'root'@'localhost' (using password: NO)
2026-09-29T01:18:46.680265Z 4784 [Note] Access denied for user 'root'@'localhost' (using password: NO)
2026-09-29T01:18:57.248965Z 4785 [Note] Access denied for user 'root'@'localhost' (using password: NO)
2026-09-29T01:19:07.692509Z 4786 [Note] Access denied for user 'root'@'localhost' (using password: NO)
2026-09-29T01:19:18.716475Z 4787 [Note] Access denied for user 'root'@'localhost' (using password: NO)
2026-09-29T01:19:29.682496Z 4788 [Note] Access denied for user 'root'@'localhost' (using password: NO)
2026-09-29T01:19:40.687441Z 4789 [Note] Access denied for user 'root'@'localhost' (using password: NO)
2026-09-29T01:19:51.684926Z 4790 [Note] Access denied for user 'root'@'localhost' (using password: NO)
2026-09-29T01:20:02.676413Z 4791 [Note] Access denied for user 'root'@'localhost' (using password: NO)
2026-09-29T01:20:13.688638Z 4792 [Note] Access denied for user 'root'@'localhost' (using password: NO)
2026-09-29T01:20:24.731110Z 4793 [Note] Access denied for user 'root'@'localhost' (using password: NO)
2026-09-29T01:20:35.831088Z 4794 [Note] Access denied for user 'root'@'localhost' (using password: NO)
2026-09-29T01:20:46.690341Z 4795 [Note] Access denied for user 'root'@'localhost' (using password: NO)
2026-09-29T01:20:57.681994Z 4796 [Note] Access denied for user 'root'@'localhost' (using password: NO)
2026-09-29T01:21:08.685488Z 4797 [Note] Access denied for user 'root'@'localhost' (using password: NO)
2026-09-29T01:21:19.686730Z 4798 [Note] Access denied for user 'root'@'localhost' (using password: NO)
2026-09-29T01:21:30.686230Z 4799 [Note] Access denied for user 'root'@'localhost' (using password: NO)
2026-09-29T01:21:41.701698Z 4800 [Note] Access denied for user 'root'@'localhost' (using password: NO)
2026-09-29T01:21:52.686972Z 4801 [Note] Access denied for user 'root'@'localhost' (using password: NO)
2026-09-29T01:22:03.674182Z 4802 [Note] Access denied for user 'root'@'localhost' (using password: NO)
2026-09-29T01:22:14.811608Z 4803 [Note] Access denied for user 'root'@'localhost' (using password: NO)
2026-09-29T01:22:26.112816Z 4804 [Note] Access denied for user 'root'@'localhost' (using password: NO)
2026-09-29T01:22:36.740233Z 4805 [Note] Access denied for user 'root'@'localhost' (using password: NO)
2026-09-29T01:22:47.741042Z 4806 [Note] Access denied for user 'root'@'localhost' (using password: NO)
2026-09-29T01:22:58.881564Z 4807 [Note] Access denied for user 'root'@'localhost' (using password: NO)
2026-09-29T01:23:09.895014Z 4808 [Note] Access denied for user 'root'@'localhost' (using password: NO)
2026-09-29T01:23:20.737709Z 4809 [Note] Access denied for user 'root'@'localhost' (using password: NO)
2026-09-29T01:23:31.699243Z 4810 [Note] Access denied for user 'root'@'localhost' (using password: NO)
2026-09-29T01:23:42.743896Z 4811 [Note] Access denied for user 'root'@'localhost' (using password: NO)
2026-09-29T01:23:53.692265Z 4812 [Note] Access denied for user 'root'@'localhost' (using password: NO)
2026-09-29T01:24:04.692649Z 4813 [Note] Access denied for user 'root'@'localhost' (using password: NO)
2026-09-29T01:24:15.705585Z 4814 [Note] Access denied for user 'root'@'localhost' (using password: NO)
2026-09-29T01:24:26.684475Z 4815 [Note] Access denied for user 'root'@'localhost' (using password: NO)
2026-09-29T01:24:37.702125Z 4816 [Note] Access denied for user 'root'@'localhost' (using password: NO)
2026-09-29T01:24:48.687838Z 4817 [Note] Access denied for user 'root'@'localhost' (using password: NO)
2026-09-29T01:24:59.682863Z 4818 [Note] Access denied for user 'root'@'localhost' (using password: NO)
2026-09-29T01:25:10.685805Z 4819 [Note] Access denied for user 'root'@'localhost' (using password: NO)
2026-09-29T01:25:21.680773Z 4820 [Note] Access denied for user 'root'@'localhost' (using password: NO)
2026-09-29T01:25:32.686562Z 4821 [Note] Access denied for user 'root'@'localhost' (using password: NO)
2026-09-29T01:25:43.688633Z 4822 [Note] Access denied for user 'root'@'localhost' (using password: NO)
2026-09-29T01:25:54.684354Z 4823 [Note] Access denied for user 'root'@'localhost' (using password: NO)
2026-09-29T01:26:05.706837Z 4824 [Note] Access denied for user 'root'@'localhost' (using password: NO)
2026-09-29T01:26:16.679546Z 4825 [Note] Access denied for user 'root'@'localhost' (using password: NO)
2026-09-29T01:26:27.694155Z 4826 [Note] Access denied for user 'root'@'localhost' (using password: NO)
2026-09-29T01:26:38.693618Z 4827 [Note] Access denied for user 'root'@'localhost' (using password: NO)
2026-09-29T01:26:49.701629Z 4828 [Note] Access denied for user 'root'@'localhost' (using password: NO)
2026-09-29T01:27:01.121283Z 4829 [Note] Access denied for user 'root'@'localhost' (using password: NO)
2026-09-29T01:27:11.859453Z 4830 [Note] Access denied for user 'root'@'localhost' (using password: NO)
2026-09-29T01:27:22.713096Z 4831 [Note] Access denied for user 'root'@'localhost' (using password: NO)
2026-09-29T01:27:33.883200Z 4832 [Note] Access denied for user 'root'@'localhost' (using password: NO)
2026-09-29T01:27:44.784941Z 4833 [Note] Access denied for user 'root'@'localhost' (using password: NO)
2026-09-29T01:27:55.902228Z 4834 [Note] Access denied for user 'root'@'localhost' (using password: NO)
2026-09-29T01:28:06.750215Z 4835 [Note] Access denied for user 'root'@'localhost' (using password: NO)
2026-09-29T01:28:17.910330Z 4836 [Note] Access denied for user 'root'@'localhost' (using password: NO)
2026-09-29T01:28:28.609399Z 4837 [Note] Access denied for user 'root'@'localhost' (using password: NO)
2026-09-29T01:28:39.851826Z 4838 [Note] Access denied for user 'root'@'localhost' (using password: NO)
2026-09-29T01:28:50.790340Z 4839 [Note] Access denied for user 'root'@'localhost' (using password: NO)
2026-09-29T01:29:01.763374Z 4840 [Note] Access denied for user 'root'@'localhost' (using password: NO)
2026-09-29T01:29:12.714773Z 4841 [Note] Access denied for user 'root'@'localhost' (using password: NO)
2026-09-29T01:29:23.719641Z 4842 [Note] Access denied for user 'root'@'localhost' (using password: NO)
2026-09-29T01:29:26.903258Z 0 [Note] Giving 2 client threads a chance to die gracefully
2026-09-29T01:29:26.903578Z 0 [Note] Shutting down slave threads
2026-09-29T01:29:28.908177Z 0 [Note] Forcefully disconnecting 2 remaining clients
2026-09-29T01:29:28.908257Z 0 [Warning] mysqld: Forcing close of thread 3  user: 'otel'

2026-09-29T01:29:28.908474Z 0 [Warning] mysqld: Forcing close of thread 2  user: 'otel'

2026-09-29T01:29:28.909194Z 0 [Note] Event Scheduler: Purging the queue. 0 events
2026-09-29T01:29:28.911566Z 0 [Note] Binlog end
2026-09-29T01:29:28.946603Z 0 [Note] Shutting down plugin 'ngram'
2026-09-29T01:29:28.946660Z 0 [Note] Shutting down plugin 'partition'
2026-09-29T01:29:28.946685Z 0 [Note] Shutting down plugin 'BLACKHOLE'
2026-09-29T01:29:28.946695Z 0 [Note] Shutting down plugin 'ARCHIVE'
2026-09-29T01:29:28.946699Z 0 [Note] Shutting down plugin 'PERFORMANCE_SCHEMA'
2026-09-29T01:29:28.947792Z 0 [Note] Shutting down plugin 'MRG_MYISAM'
2026-09-29T01:29:28.949011Z 0 [Note] Shutting down plugin 'MyISAM'
2026-09-29T01:29:28.950223Z 0 [Note] Shutting down plugin 'INNODB_SYS_VIRTUAL'
2026-09-29T01:29:28.950964Z 0 [Note] Shutting down plugin 'INNODB_SYS_DATAFILES'
2026-09-29T01:29:28.950979Z 0 [Note] Shutting down plugin 'INNODB_SYS_TABLESPACES'
2026-09-29T01:29:28.950983Z 0 [Note] Shutting down plugin 'INNODB_SYS_FOREIGN_COLS'
2026-09-29T01:29:28.950985Z 0 [Note] Shutting down plugin 'INNODB_SYS_FOREIGN'
2026-09-29T01:29:28.950988Z 0 [Note] Shutting down plugin 'INNODB_SYS_FIELDS'
2026-09-29T01:29:28.950990Z 0 [Note] Shutting down plugin 'INNODB_SYS_COLUMNS'
2026-09-29T01:29:28.950992Z 0 [Note] Shutting down plugin 'INNODB_SYS_INDEXES'
2026-09-29T01:29:28.950995Z 0 [Note] Shutting down plugin 'INNODB_SYS_TABLESTATS'
2026-09-29T01:29:28.950997Z 0 [Note] Shutting down plugin 'INNODB_SYS_TABLES'
2026-09-29T01:29:28.950999Z 0 [Note] Shutting down plugin 'INNODB_FT_INDEX_TABLE'
2026-09-29T01:29:28.951002Z 0 [Note] Shutting down plugin 'INNODB_FT_INDEX_CACHE'
2026-09-29T01:29:28.951004Z 0 [Note] Shutting down plugin 'INNODB_FT_CONFIG'
2026-09-29T01:29:28.951006Z 0 [Note] Shutting down plugin 'INNODB_FT_BEING_DELETED'
2026-09-29T01:29:28.951009Z 0 [Note] Shutting down plugin 'INNODB_FT_DELETED'
2026-09-29T01:29:28.951027Z 0 [Note] Shutting down plugin 'INNODB_FT_DEFAULT_STOPWORD'
2026-09-29T01:29:28.951030Z 0 [Note] Shutting down plugin 'INNODB_METRICS'
2026-09-29T01:29:28.951032Z 0 [Note] Shutting down plugin 'INNODB_TEMP_TABLE_INFO'
2026-09-29T01:29:28.951035Z 0 [Note] Shutting down plugin 'INNODB_BUFFER_POOL_STATS'
2026-09-29T01:29:28.951037Z 0 [Note] Shutting down plugin 'INNODB_BUFFER_PAGE_LRU'
2026-09-29T01:29:28.951040Z 0 [Note] Shutting down plugin 'INNODB_BUFFER_PAGE'
2026-09-29T01:29:28.951042Z 0 [Note] Shutting down plugin 'INNODB_CMP_PER_INDEX_RESET'
2026-09-29T01:29:28.951045Z 0 [Note] Shutting down plugin 'INNODB_CMP_PER_INDEX'
2026-09-29T01:29:28.951047Z 0 [Note] Shutting down plugin 'INNODB_CMPMEM_RESET'
2026-09-29T01:29:28.951049Z 0 [Note] Shutting down plugin 'INNODB_CMPMEM'
2026-09-29T01:29:28.951052Z 0 [Note] Shutting down plugin 'INNODB_CMP_RESET'
2026-09-29T01:29:28.951054Z 0 [Note] Shutting down plugin 'INNODB_CMP'
2026-09-29T01:29:28.951057Z 0 [Note] Shutting down plugin 'INNODB_LOCK_WAITS'
2026-09-29T01:29:28.951059Z 0 [Note] Shutting down plugin 'INNODB_LOCKS'
2026-09-29T01:29:28.951062Z 0 [Note] Shutting down plugin 'INNODB_TRX'
2026-09-29T01:29:28.951064Z 0 [Note] Shutting down plugin 'InnoDB'
2026-09-29T01:29:28.954911Z 0 [Note] InnoDB: FTS optimize thread exiting.
2026-09-29T01:29:28.955711Z 0 [Note] InnoDB: Starting shutdown...
2026-09-29T01:29:29.058641Z 0 [Note] InnoDB: Dumping buffer pool(s) to /var/lib/mysql/ib_buffer_pool
2026-09-29T01:29:29.061589Z 0 [Note] InnoDB: Buffer pool(s) dump completed at 260929  9:29:29
2026-09-29T01:29:30.580975Z 0 [Note] InnoDB: Shutdown completed; log sequence number 12243895
2026-09-29T01:29:30.582872Z 0 [Note] InnoDB: Removed temporary tablespace data file: "ibtmp1"
2026-09-29T01:29:30.582896Z 0 [Note] Shutting down plugin 'MEMORY'
2026-09-29T01:29:30.583321Z 0 [Note] Shutting down plugin 'CSV'
2026-09-29T01:29:30.583343Z 0 [Note] Shutting down plugin 'sha256_password'
2026-09-29T01:29:30.583348Z 0 [Note] Shutting down plugin 'mysql_native_password'
2026-09-29T01:29:30.586136Z 0 [Note] Shutting down plugin 'binlog'
2026-09-29T01:29:30.593966Z 0 [Note] mysqld: Shutdown complete

2026-09-29T01:29:41.280739Z 0 [Warning] TIMESTAMP with implicit DEFAULT value is deprecated. Please use --explicit_defaults_for_timestamp server option (see documentation for more details).
2026-09-29T01:29:41.281689Z 0 [Note] mysqld (mysqld 5.7.44) starting as process 1 ...
2026-09-29T01:29:41.284968Z 0 [Note] InnoDB: PUNCH HOLE support available
2026-09-29T01:29:41.285007Z 0 [Note] InnoDB: Mutexes and rw_locks use GCC atomic builtins
2026-09-29T01:29:41.285011Z 0 [Note] InnoDB: Uses event mutexes
2026-09-29T01:29:41.285014Z 0 [Note] InnoDB: GCC builtin __atomic_thread_fence() is used for memory barrier
2026-09-29T01:29:41.285017Z 0 [Note] InnoDB: Compressed tables use zlib 1.2.13
2026-09-29T01:29:41.285019Z 0 [Note] InnoDB: Using Linux native AIO
2026-09-29T01:29:41.285409Z 0 [Note] InnoDB: Number of pools: 1
2026-09-29T01:29:41.285961Z 0 [Note] InnoDB: Using CPU crc32 instructions
2026-09-29T01:29:41.289147Z 0 [Note] InnoDB: Initializing buffer pool, total size = 128M, instances = 1, chunk size = 128M
2026-09-29T01:29:41.295623Z 0 [Note] InnoDB: Completed initialization of buffer pool
2026-09-29T01:29:41.298439Z 0 [Note] InnoDB: If the mysqld execution user is authorized, page cleaner thread priority can be changed. See the man page of setpriority().
2026-09-29T01:29:41.313991Z 0 [Note] InnoDB: Highest supported file format is Barracuda.
2026-09-29T01:29:41.330651Z 0 [Note] InnoDB: Creating shared tablespace for temporary tables
2026-09-29T01:29:41.330734Z 0 [Note] InnoDB: Setting file './ibtmp1' size to 12 MB. Physically writing the file full; Please wait ...
2026-09-29T01:29:41.349128Z 0 [Note] InnoDB: File './ibtmp1' size is now 12 MB.
2026-09-29T01:29:41.349564Z 0 [Note] InnoDB: 96 redo rollback segment(s) found. 96 redo rollback segment(s) are active.
2026-09-29T01:29:41.349571Z 0 [Note] InnoDB: 32 non-redo rollback segment(s) are active.
2026-09-29T01:29:41.349965Z 0 [Note] InnoDB: Waiting for purge to start
2026-09-29T01:29:41.400672Z 0 [Note] InnoDB: 5.7.44 started; log sequence number 12243895
2026-09-29T01:29:41.401079Z 0 [Note] InnoDB: Loading buffer pool(s) from /var/lib/mysql/ib_buffer_pool
2026-09-29T01:29:41.401118Z 0 [Note] Plugin 'FEDERATED' is disabled.
2026-09-29T01:29:41.409570Z 0 [Note] Found ca.pem, server-cert.pem and server-key.pem in data directory. Trying to enable SSL support using them.
2026-09-29T01:29:41.409602Z 0 [Note] Skipping generation of SSL certificates as certificate files are present in data directory.
2026-09-29T01:29:41.409608Z 0 [Warning] A deprecated TLS version TLSv1 is enabled. Please use TLSv1.2 or higher.
2026-09-29T01:29:41.409610Z 0 [Warning] A deprecated TLS version TLSv1.1 is enabled. Please use TLSv1.2 or higher.
2026-09-29T01:29:41.411424Z 0 [Warning] CA certificate ca.pem is self signed.
2026-09-29T01:29:41.411515Z 0 [Note] Skipping generation of RSA key pair as key files are present in data directory.
2026-09-29T01:29:41.412414Z 0 [Note] Server hostname (bind-address): '*'; port: 3306
2026-09-29T01:29:41.412490Z 0 [Note] IPv6 is available.
2026-09-29T01:29:41.412704Z 0 [Note]   - '::' resolves to '::';
2026-09-29T01:29:41.412734Z 0 [Note] Server socket created on IP: '::'.
2026-09-29T01:29:41.413479Z 0 [Note] InnoDB: Buffer pool(s) load completed at 260929  9:29:41
2026-09-29T01:29:41.413987Z 0 [Warning] Insecure configuration for --pid-file: Location '/var/run/mysqld' in the path is accessible to all OS users. Consider choosing a different directory.
2026-09-29T01:29:41.448399Z 0 [Note] Event Scheduler: Loaded 0 events
2026-09-29T01:29:41.449005Z 0 [Note] mysqld: ready for connections.
Version: '5.7.44'  socket: '/var/run/mysqld/mysqld.sock'  port: 3306  MySQL Community Server (GPL)
2026-09-29T01:29:50.796376Z 4 [Note] Access denied for user 'root'@'localhost' (using password: NO)
2026-09-29T01:30:01.713590Z 5 [Note] Access denied for user 'root'@'localhost' (using password: NO)
2026-09-29T01:30:12.881010Z 6 [Note] Access denied for user 'root'@'localhost' (using password: NO)
2026-09-29T01:30:23.779720Z 7 [Note] Access denied for user 'root'@'localhost' (using password: NO)
2026-09-29T01:30:34.754033Z 8 [Note] Access denied for user 'root'@'localhost' (using password: NO)
2026-09-29T01:30:45.721394Z 9 [Note] Access denied for user 'root'@'localhost' (using password: NO)
2026-09-29T01:30:56.769683Z 10 [Note] Access denied for user 'root'@'localhost' (using password: NO)
2026-09-29T01:31:07.716259Z 11 [Note] Access denied for user 'root'@'localhost' (using password: NO)
2026-09-29T01:31:18.717145Z 12 [Note] Access denied for user 'root'@'localhost' (using password: NO)
2026-09-29T01:31:29.727762Z 13 [Note] Access denied for user 'root'@'localhost' (using password: NO)
2026-09-29T01:31:40.750174Z 14 [Note] Access denied for user 'root'@'localhost' (using password: NO)
2026-09-29T01:31:51.731751Z 15 [Note] Access denied for user 'root'@'localhost' (using password: NO)
2026-09-29T01:32:02.708088Z 16 [Note] Access denied for user 'root'@'localhost' (using password: NO)
2026-09-29T01:32:13.736975Z 17 [Note] Access denied for user 'root'@'localhost' (using password: NO)
2026-09-29T01:32:24.679547Z 18 [Note] Access denied for user 'root'@'localhost' (using password: NO)
2026-09-29T01:32:35.722957Z 19 [Note] Access denied for user 'root'@'localhost' (using password: NO)
2026-09-29T01:32:46.703906Z 20 [Note] Access denied for user 'root'@'localhost' (using password: NO)
2026-09-29T01:32:57.701235Z 21 [Note] Access denied for user 'root'@'localhost' (using password: NO)
2026-09-29T01:33:08.688021Z 22 [Note] Access denied for user 'root'@'localhost' (using password: NO)
2026-09-29T01:33:19.685451Z 23 [Note] Access denied for user 'root'@'localhost' (using password: NO)
2026-09-29T01:33:30.691843Z 24 [Note] Access denied for user 'root'@'localhost' (using password: NO)
2026-09-29T01:33:41.681203Z 25 [Note] Access denied for user 'root'@'localhost' (using password: NO)
2026-09-29T01:33:52.683848Z 26 [Note] Access denied for user 'root'@'localhost' (using password: NO)
2026-09-29T01:34:03.684736Z 27 [Note] Access denied for user 'root'@'localhost' (using password: NO)
2026-09-29T01:34:14.700374Z 28 [Note] Access denied for user 'root'@'localhost' (using password: NO)
2026-09-29T01:34:20.370337Z 0 [Note] Giving 2 client threads a chance to die gracefully
2026-09-29T01:34:20.370366Z 0 [Note] Shutting down slave threads
2026-09-29T01:34:22.372042Z 0 [Note] Forcefully disconnecting 2 remaining clients
2026-09-29T01:34:22.372652Z 0 [Warning] mysqld: Forcing close of thread 2  user: 'otel'

2026-09-29T01:34:22.372769Z 0 [Warning] mysqld: Forcing close of thread 3  user: 'otel'

2026-09-29T01:34:22.372839Z 0 [Note] Event Scheduler: Purging the queue. 0 events
2026-09-29T01:34:22.374737Z 0 [Note] Binlog end
2026-09-29T01:34:22.378409Z 0 [Note] Shutting down plugin 'ngram'
2026-09-29T01:34:22.378445Z 0 [Note] Shutting down plugin 'partition'
2026-09-29T01:34:22.378448Z 0 [Note] Shutting down plugin 'BLACKHOLE'
2026-09-29T01:34:22.378850Z 0 [Note] Shutting down plugin 'ARCHIVE'
2026-09-29T01:34:22.378861Z 0 [Note] Shutting down plugin 'PERFORMANCE_SCHEMA'
2026-09-29T01:34:22.379203Z 0 [Note] Shutting down plugin 'MRG_MYISAM'
2026-09-29T01:34:22.379378Z 0 [Note] Shutting down plugin 'MyISAM'
2026-09-29T01:34:22.379561Z 0 [Note] Shutting down plugin 'INNODB_SYS_VIRTUAL'
2026-09-29T01:34:22.379859Z 0 [Note] Shutting down plugin 'INNODB_SYS_DATAFILES'
2026-09-29T01:34:22.379876Z 0 [Note] Shutting down plugin 'INNODB_SYS_TABLESPACES'
2026-09-29T01:34:22.379879Z 0 [Note] Shutting down plugin 'INNODB_SYS_FOREIGN_COLS'
2026-09-29T01:34:22.379882Z 0 [Note] Shutting down plugin 'INNODB_SYS_FOREIGN'
2026-09-29T01:34:22.379884Z 0 [Note] Shutting down plugin 'INNODB_SYS_FIELDS'
2026-09-29T01:34:22.379886Z 0 [Note] Shutting down plugin 'INNODB_SYS_COLUMNS'
2026-09-29T01:34:22.379888Z 0 [Note] Shutting down plugin 'INNODB_SYS_INDEXES'
2026-09-29T01:34:22.379890Z 0 [Note] Shutting down plugin 'INNODB_SYS_TABLESTATS'
2026-09-29T01:34:22.379892Z 0 [Note] Shutting down plugin 'INNODB_SYS_TABLES'
2026-09-29T01:34:22.379894Z 0 [Note] Shutting down plugin 'INNODB_FT_INDEX_TABLE'
2026-09-29T01:34:22.379896Z 0 [Note] Shutting down plugin 'INNODB_FT_INDEX_CACHE'
2026-09-29T01:34:22.379898Z 0 [Note] Shutting down plugin 'INNODB_FT_CONFIG'
2026-09-29T01:34:22.379900Z 0 [Note] Shutting down plugin 'INNODB_FT_BEING_DELETED'
2026-09-29T01:34:22.379902Z 0 [Note] Shutting down plugin 'INNODB_FT_DELETED'
2026-09-29T01:34:22.379905Z 0 [Note] Shutting down plugin 'INNODB_FT_DEFAULT_STOPWORD'
2026-09-29T01:34:22.379907Z 0 [Note] Shutting down plugin 'INNODB_METRICS'
2026-09-29T01:34:22.379908Z 0 [Note] Shutting down plugin 'INNODB_TEMP_TABLE_INFO'
2026-09-29T01:34:22.379911Z 0 [Note] Shutting down plugin 'INNODB_BUFFER_POOL_STATS'
2026-09-29T01:34:22.379913Z 0 [Note] Shutting down plugin 'INNODB_BUFFER_PAGE_LRU'
2026-09-29T01:34:22.379916Z 0 [Note] Shutting down plugin 'INNODB_BUFFER_PAGE'
2026-09-29T01:34:22.379918Z 0 [Note] Shutting down plugin 'INNODB_CMP_PER_INDEX_RESET'
2026-09-29T01:34:22.379920Z 0 [Note] Shutting down plugin 'INNODB_CMP_PER_INDEX'
2026-09-29T01:34:22.379922Z 0 [Note] Shutting down plugin 'INNODB_CMPMEM_RESET'
2026-09-29T01:34:22.379924Z 0 [Note] Shutting down plugin 'INNODB_CMPMEM'
2026-09-29T01:34:22.379926Z 0 [Note] Shutting down plugin 'INNODB_CMP_RESET'
2026-09-29T01:34:22.379928Z 0 [Note] Shutting down plugin 'INNODB_CMP'
2026-09-29T01:34:22.379931Z 0 [Note] Shutting down plugin 'INNODB_LOCK_WAITS'
2026-09-29T01:34:22.379933Z 0 [Note] Shutting down plugin 'INNODB_LOCKS'
2026-09-29T01:34:22.379935Z 0 [Note] Shutting down plugin 'INNODB_TRX'
2026-09-29T01:34:22.379937Z 0 [Note] Shutting down plugin 'InnoDB'
2026-09-29T01:34:22.382222Z 0 [Note] InnoDB: FTS optimize thread exiting.
2026-09-29T01:34:22.383133Z 0 [Note] InnoDB: Starting shutdown...
2026-09-29T01:34:22.483906Z 0 [Note] InnoDB: Dumping buffer pool(s) to /var/lib/mysql/ib_buffer_pool
2026-09-29T01:34:22.485020Z 0 [Note] InnoDB: Buffer pool(s) dump completed at 260929  9:34:22
2026-09-29T01:34:23.397149Z 0 [Note] InnoDB: Shutdown completed; log sequence number 12243923
2026-09-29T01:34:23.397647Z 0 [Note] InnoDB: Removed temporary tablespace data file: "ibtmp1"
2026-09-29T01:34:23.397659Z 0 [Note] Shutting down plugin 'MEMORY'
2026-09-29T01:34:23.397667Z 0 [Note] Shutting down plugin 'CSV'
2026-09-29T01:34:23.397672Z 0 [Note] Shutting down plugin 'sha256_password'
2026-09-29T01:34:23.397674Z 0 [Note] Shutting down plugin 'mysql_native_password'
2026-09-29T01:34:23.398520Z 0 [Note] Shutting down plugin 'binlog'
2026-09-29T01:34:23.401181Z 0 [Note] mysqld: Shutdown complete

2026-09-29T01:34:57.767209Z 0 [Warning] TIMESTAMP with implicit DEFAULT value is deprecated. Please use --explicit_defaults_for_timestamp server option (see documentation for more details).
2026-09-29T01:34:57.768183Z 0 [Note] mysqld (mysqld 5.7.44) starting as process 1 ...
2026-09-29T01:34:57.771256Z 0 [Note] InnoDB: PUNCH HOLE support available
2026-09-29T01:34:57.771273Z 0 [Note] InnoDB: Mutexes and rw_locks use GCC atomic builtins
2026-09-29T01:34:57.771277Z 0 [Note] InnoDB: Uses event mutexes
2026-09-29T01:34:57.771280Z 0 [Note] InnoDB: GCC builtin __atomic_thread_fence() is used for memory barrier
2026-09-29T01:34:57.771282Z 0 [Note] InnoDB: Compressed tables use zlib 1.2.13
2026-09-29T01:34:57.771285Z 0 [Note] InnoDB: Using Linux native AIO
2026-09-29T01:34:57.771749Z 0 [Note] InnoDB: Number of pools: 1
2026-09-29T01:34:57.772067Z 0 [Note] InnoDB: Using CPU crc32 instructions
2026-09-29T01:34:57.774170Z 0 [Note] InnoDB: Initializing buffer pool, total size = 128M, instances = 1, chunk size = 128M
2026-09-29T01:34:57.779798Z 0 [Note] InnoDB: Completed initialization of buffer pool
2026-09-29T01:34:57.782122Z 0 [Note] InnoDB: If the mysqld execution user is authorized, page cleaner thread priority can be changed. See the man page of setpriority().
2026-09-29T01:34:57.796190Z 0 [Note] InnoDB: Highest supported file format is Barracuda.
2026-09-29T01:34:57.806899Z 0 [Note] InnoDB: Creating shared tablespace for temporary tables
2026-09-29T01:34:57.806972Z 0 [Note] InnoDB: Setting file './ibtmp1' size to 12 MB. Physically writing the file full; Please wait ...
2026-09-29T01:34:57.822201Z 0 [Note] InnoDB: File './ibtmp1' size is now 12 MB.
2026-09-29T01:34:57.822594Z 0 [Note] InnoDB: 96 redo rollback segment(s) found. 96 redo rollback segment(s) are active.
2026-09-29T01:34:57.822600Z 0 [Note] InnoDB: 32 non-redo rollback segment(s) are active.
2026-09-29T01:34:57.823075Z 0 [Note] InnoDB: Waiting for purge to start
2026-09-29T01:34:57.873719Z 0 [Note] InnoDB: 5.7.44 started; log sequence number 12243923
2026-09-29T01:34:57.874121Z 0 [Note] InnoDB: Loading buffer pool(s) from /var/lib/mysql/ib_buffer_pool
2026-09-29T01:34:57.874295Z 0 [Note] Plugin 'FEDERATED' is disabled.
2026-09-29T01:34:57.883718Z 0 [Note] Found ca.pem, server-cert.pem and server-key.pem in data directory. Trying to enable SSL support using them.
2026-09-29T01:34:57.883744Z 0 [Note] Skipping generation of SSL certificates as certificate files are present in data directory.
2026-09-29T01:34:57.883749Z 0 [Warning] A deprecated TLS version TLSv1 is enabled. Please use TLSv1.2 or higher.
2026-09-29T01:34:57.883752Z 0 [Warning] A deprecated TLS version TLSv1.1 is enabled. Please use TLSv1.2 or higher.
2026-09-29T01:34:57.885694Z 0 [Warning] CA certificate ca.pem is self signed.
2026-09-29T01:34:57.885804Z 0 [Note] Skipping generation of RSA key pair as key files are present in data directory.
2026-09-29T01:34:57.886588Z 0 [Note] Server hostname (bind-address): '*'; port: 3306
2026-09-29T01:34:57.886635Z 0 [Note] IPv6 is available.
2026-09-29T01:34:57.886653Z 0 [Note]   - '::' resolves to '::';
2026-09-29T01:34:57.886666Z 0 [Note] Server socket created on IP: '::'.
2026-09-29T01:34:57.886778Z 0 [Note] InnoDB: Buffer pool(s) load completed at 260929  9:34:57
2026-09-29T01:34:57.888712Z 0 [Warning] Insecure configuration for --pid-file: Location '/var/run/mysqld' in the path is accessible to all OS users. Consider choosing a different directory.
2026-09-29T01:34:57.928706Z 0 [Note] Event Scheduler: Loaded 0 events
2026-09-29T01:34:57.929188Z 0 [Note] mysqld: ready for connections.
Version: '5.7.44'  socket: '/var/run/mysqld/mysqld.sock'  port: 3306  MySQL Community Server (GPL)
2026-09-29T01:35:07.690799Z 4 [Note] Access denied for user 'root'@'localhost' (using password: NO)
2026-09-29T01:35:18.686344Z 5 [Note] Access denied for user 'root'@'localhost' (using password: NO)
2026-09-29T01:35:29.687712Z 6 [Note] Access denied for user 'root'@'localhost' (using password: NO)
2026-09-29T01:35:40.689807Z 7 [Note] Access denied for user 'root'@'localhost' (using password: NO)
2026-09-29T01:35:52.085523Z 8 [Note] Access denied for user 'root'@'localhost' (using password: NO)
2026-09-29T01:36:02.699826Z 9 [Note] Access denied for user 'root'@'localhost' (using password: NO)
2026-09-29T01:36:13.690336Z 10 [Note] Access denied for user 'root'@'localhost' (using password: NO)
2026-09-29T01:36:24.693878Z 11 [Note] Access denied for user 'root'@'localhost' (using password: NO)
2026-09-29T01:36:35.707492Z 12 [Note] Access denied for user 'root'@'localhost' (using password: NO)
2026-09-29T01:36:46.694937Z 13 [Note] Access denied for user 'root'@'localhost' (using password: NO)
2026-09-29T01:36:57.696032Z 14 [Note] Access denied for user 'root'@'localhost' (using password: NO)
2026-09-29T01:37:08.685041Z 15 [Note] Access denied for user 'root'@'localhost' (using password: NO)
2026-09-29T01:37:19.684167Z 16 [Note] Access denied for user 'root'@'localhost' (using password: NO)
2026-09-29T01:37:30.704809Z 17 [Note] Access denied for user 'root'@'localhost' (using password: NO)
2026-09-29T01:37:41.706303Z 18 [Note] Access denied for user 'root'@'localhost' (using password: NO)
2026-09-29T01:37:52.726242Z 19 [Note] Access denied for user 'root'@'localhost' (using password: NO)
2026-09-29T01:38:03.685713Z 20 [Note] Access denied for user 'root'@'localhost' (using password: NO)
2026-09-29T01:38:14.685318Z 21 [Note] Access denied for user 'root'@'localhost' (using password: NO)
2026-09-29T01:38:25.701292Z 22 [Note] Access denied for user 'root'@'localhost' (using password: NO)
2026-09-29T01:38:36.698064Z 23 [Note] Access denied for user 'root'@'localhost' (using password: NO)
2026-09-29T01:38:47.676990Z 24 [Note] Access denied for user 'root'@'localhost' (using password: NO)
2026-09-29T01:38:58.680118Z 25 [Note] Access denied for user 'root'@'localhost' (using password: NO)
2026-09-29T01:39:09.680530Z 26 [Note] Access denied for user 'root'@'localhost' (using password: NO)
2026-09-29T01:39:20.685866Z 27 [Note] Access denied for user 'root'@'localhost' (using password: NO)
2026-09-29T01:39:31.688877Z 28 [Note] Access denied for user 'root'@'localhost' (using password: NO)
2026-09-29T01:39:42.680439Z 29 [Note] Access denied for user 'root'@'localhost' (using password: NO)
2026-09-29T01:39:53.688230Z 30 [Note] Access denied for user 'root'@'localhost' (using password: NO)
2026-09-29T01:40:04.683300Z 31 [Note] Access denied for user 'root'@'localhost' (using password: NO)
2026-09-29T01:40:15.683279Z 32 [Note] Access denied for user 'root'@'localhost' (using password: NO)
2026-09-29T01:40:26.689080Z 33 [Note] Access denied for user 'root'@'localhost' (using password: NO)
2026-09-29T01:40:37.679437Z 34 [Note] Access denied for user 'root'@'localhost' (using password: NO)
2026-09-29T01:40:48.688391Z 35 [Note] Access denied for user 'root'@'localhost' (using password: NO)
2026-09-29T01:40:59.686505Z 36 [Note] Access denied for user 'root'@'localhost' (using password: NO)
2026-09-29T01:41:10.690659Z 37 [Note] Access denied for user 'root'@'localhost' (using password: NO)
2026-09-29T01:41:21.686686Z 38 [Note] Access denied for user 'root'@'localhost' (using password: NO)
2026-09-29T01:41:32.695479Z 39 [Note] Access denied for user 'root'@'localhost' (using password: NO)
2026-09-29T01:41:43.682857Z 40 [Note] Access denied for user 'root'@'localhost' (using password: NO)
2026-09-29T01:41:54.720907Z 41 [Note] Access denied for user 'root'@'localhost' (using password: NO)
2026-09-29T01:42:05.679110Z 42 [Note] Access denied for user 'root'@'localhost' (using password: NO)
2026-09-29T01:42:16.702506Z 43 [Note] Access denied for user 'root'@'localhost' (using password: NO)
2026-09-29T01:42:27.687218Z 44 [Note] Access denied for user 'root'@'localhost' (using password: NO)
2026-09-29T01:42:38.688529Z 45 [Note] Access denied for user 'root'@'localhost' (using password: NO)
2026-09-29T01:42:49.685580Z 46 [Note] Access denied for user 'root'@'localhost' (using password: NO)
2026-09-29T01:43:00.725754Z 47 [Note] Access denied for user 'root'@'localhost' (using password: NO)
2026-09-29T01:43:11.687653Z 48 [Note] Access denied for user 'root'@'localhost' (using password: NO)
2026-09-29T01:43:22.681452Z 49 [Note] Access denied for user 'root'@'localhost' (using password: NO)
2026-09-29T01:43:33.680630Z 50 [Note] Access denied for user 'root'@'localhost' (using password: NO)
2026-09-29T01:43:44.686380Z 51 [Note] Access denied for user 'root'@'localhost' (using password: NO)
2026-09-29T01:43:55.680546Z 52 [Note] Access denied for user 'root'@'localhost' (using password: NO)
2026-09-29T01:44:06.687896Z 53 [Note] Access denied for user 'root'@'localhost' (using password: NO)
2026-09-29T01:44:17.689933Z 54 [Note] Access denied for user 'root'@'localhost' (using password: NO)
2026-09-29T01:44:28.682612Z 55 [Note] Access denied for user 'root'@'localhost' (using password: NO)
2026-09-29T01:44:39.687719Z 56 [Note] Access denied for user 'root'@'localhost' (using password: NO)
2026-09-29T01:44:50.679204Z 57 [Note] Access denied for user 'root'@'localhost' (using password: NO)
2026-09-29T01:45:01.684725Z 58 [Note] Access denied for user 'root'@'localhost' (using password: NO)
2026-09-29T01:45:12.684913Z 59 [Note] Access denied for user 'root'@'localhost' (using password: NO)
2026-09-29T01:45:23.691083Z 60 [Note] Access denied for user 'root'@'localhost' (using password: NO)
2026-09-29T01:45:34.685551Z 61 [Note] Access denied for user 'root'@'localhost' (using password: NO)
2026-09-29T01:45:45.683718Z 62 [Note] Access denied for user 'root'@'localhost' (using password: NO)
2026-09-29T01:45:56.684315Z 63 [Note] Access denied for user 'root'@'localhost' (using password: NO)
2026-09-29T01:46:07.676615Z 64 [Note] Access denied for user 'root'@'localhost' (using password: NO)
2026-09-29T01:46:18.699902Z 65 [Note] Access denied for user 'root'@'localhost' (using password: NO)
2026-09-29T01:46:29.693125Z 66 [Note] Access denied for user 'root'@'localhost' (using password: NO)
2026-09-29T01:46:40.687975Z 67 [Note] Access denied for user 'root'@'localhost' (using password: NO)
2026-09-29T01:46:51.692545Z 68 [Note] Access denied for user 'root'@'localhost' (using password: NO)
2026-09-29T01:47:02.677649Z 69 [Note] Access denied for user 'root'@'localhost' (using password: NO)
2026-09-29T01:47:13.682733Z 70 [Note] Access denied for user 'root'@'localhost' (using password: NO)
2026-09-29T01:47:24.691786Z 71 [Note] Access denied for user 'root'@'localhost' (using password: NO)
2026-09-29T01:47:35.698686Z 72 [Note] Access denied for user 'root'@'localhost' (using password: NO)
2026-09-29T01:47:46.685583Z 73 [Note] Access denied for user 'root'@'localhost' (using password: NO)
2026-09-29T01:47:57.682333Z 74 [Note] Access denied for user 'root'@'localhost' (using password: NO)
2026-09-29T01:48:08.683916Z 75 [Note] Access denied for user 'root'@'localhost' (using password: NO)
2026-09-29T01:48:19.697016Z 76 [Note] Access denied for user 'root'@'localhost' (using password: NO)
2026-09-29T01:48:30.688457Z 77 [Note] Access denied for user 'root'@'localhost' (using password: NO)
2026-09-29T01:48:41.686413Z 78 [Note] Access denied for user 'root'@'localhost' (using password: NO)
2026-09-29T01:48:52.681540Z 79 [Note] Access denied for user 'root'@'localhost' (using password: NO)
2026-09-29T01:49:03.711083Z 80 [Note] Access denied for user 'root'@'localhost' (using password: NO)
2026-09-29T01:49:14.696392Z 81 [Note] Access denied for user 'root'@'localhost' (using password: NO)
2026-09-29T01:49:25.686450Z 82 [Note] Access denied for user 'root'@'localhost' (using password: NO)
2026-09-29T01:49:36.695319Z 83 [Note] Access denied for user 'root'@'localhost' (using password: NO)
2026-09-29T01:49:47.681057Z 84 [Note] Access denied for user 'root'@'localhost' (using password: NO)
2026-09-29T01:49:58.677845Z 85 [Note] Access denied for user 'root'@'localhost' (using password: NO)
2026-09-29T01:50:09.693827Z 86 [Note] Access denied for user 'root'@'localhost' (using password: NO)
2026-09-29T01:50:20.682143Z 87 [Note] Access denied for user 'root'@'localhost' (using password: NO)
2026-09-29T01:50:31.682929Z 88 [Note] Access denied for user 'root'@'localhost' (using password: NO)
2026-09-29T01:50:42.685537Z 89 [Note] Access denied for user 'root'@'localhost' (using password: NO)
2026-09-29T01:50:53.703020Z 90 [Note] Access denied for user 'root'@'localhost' (using password: NO)
2026-09-29T01:51:04.696520Z 91 [Note] Access denied for user 'root'@'localhost' (using password: NO)
2026-09-29T01:51:15.693920Z 92 [Note] Access denied for user 'root'@'localhost' (using password: NO)
