2026/09/23 07:08:43 [notice] 1#1: using the "epoll" event method
2026/09/23 07:08:43 [notice] 1#1: nginx/1.31.6
2026/09/23 07:08:43 [notice] 1#1: built by gcc 14.2.0 (Debian 14.2.0-19) 
2026/09/23 07:08:43 [notice] 1#1: OS: Linux 5.14.0-687.49.1.el9_8.x86_64
2026/09/23 07:08:43 [notice] 1#1: getrlimit(RLIMIT_NOFILE): 1048576:1048576
2026/09/23 07:08:43 [notice] 1#1: start worker processes
2026/09/23 07:08:43 [notice] 1#1: start worker process 17
2026/09/23 07:08:43 [notice] 1#1: start worker process 18
2026/09/23 07:41:17 [error] 17#17: *6 open() "/usr/share/nginx/html/sub_status" failed (2: No such file or directory), client: 192.168.223.1, server: localhost, request: "GET /sub_status HTTP/1.1", host: "192.168.223.111:8080"
2026/09/23 07:49:51 [notice] 1#1: signal 3 (SIGQUIT) received, shutting down
2026/09/23 07:49:51 [notice] 17#17: gracefully shutting down
2026/09/23 07:49:51 [notice] 17#17: exiting
2026/09/23 07:49:51 [notice] 17#17: exit
2026/09/23 07:49:51 [notice] 18#18: gracefully shutting down
2026/09/23 07:49:51 [notice] 18#18: exiting
2026/09/23 07:49:51 [notice] 18#18: exit
2026/09/23 07:49:51 [notice] 1#1: signal 17 (SIGCHLD) received from 17
2026/09/23 07:49:51 [notice] 1#1: worker process 17 exited with code 0
2026/09/23 07:49:51 [notice] 1#1: signal 29 (SIGIO) received
2026/09/23 07:49:51 [notice] 1#1: signal 17 (SIGCHLD) received from 18
2026/09/23 07:49:51 [notice] 1#1: worker process 18 exited with code 0
2026/09/23 07:49:51 [notice] 1#1: exit
2026/09/23 07:49:51 [emerg] 1#1: duplicate "log_format" name "json_combined" in /etc/nginx/nginx.conf:41
2026/09/23 07:49:51 [emerg] 1#1: duplicate "log_format" name "json_combined" in /etc/nginx/nginx.conf:41
2026/09/23 07:49:52 [emerg] 1#1: duplicate "log_format" name "json_combined" in /etc/nginx/nginx.conf:41
2026/09/23 07:49:52 [emerg] 1#1: duplicate "log_format" name "json_combined" in /etc/nginx/nginx.conf:41
2026/09/23 07:49:52 [emerg] 1#1: duplicate "log_format" name "json_combined" in /etc/nginx/nginx.conf:41
2026/09/23 07:49:52 [emerg] 1#1: duplicate "log_format" name "json_combined" in /etc/nginx/nginx.conf:41
2026/09/23 07:49:52 [emerg] 1#1: duplicate "log_format" name "json_combined" in /etc/nginx/nginx.conf:41
2026/09/23 07:49:52 [emerg] 1#1: duplicate "log_format" name "json_combined" in /etc/nginx/nginx.conf:41
2026/09/23 07:49:52 [emerg] 1#1: duplicate "log_format" name "json_combined" in /etc/nginx/nginx.conf:41
2026/09/23 07:49:52 [emerg] 1#1: duplicate "log_format" name "json_combined" in /etc/nginx/nginx.conf:41
2026/09/23 07:49:53 [emerg] 1#1: duplicate "log_format" name "json_combined" in /etc/nginx/nginx.conf:41
2026/09/23 07:49:53 [emerg] 1#1: duplicate "log_format" name "json_combined" in /etc/nginx/nginx.conf:41
2026/09/23 07:49:53 [emerg] 1#1: duplicate "log_format" name "json_combined" in /etc/nginx/nginx.conf:41
2026/09/23 07:49:53 [emerg] 1#1: duplicate "log_format" name "json_combined" in /etc/nginx/nginx.conf:41
2026/09/23 07:49:53 [emerg] 1#1: duplicate "log_format" name "json_combined" in /etc/nginx/nginx.conf:41
2026/09/23 07:49:53 [emerg] 1#1: duplicate "log_format" name "json_combined" in /etc/nginx/nginx.conf:41
2026/09/23 07:49:53 [emerg] 1#1: duplicate "log_format" name "json_combined" in /etc/nginx/nginx.conf:41
2026/09/23 07:49:53 [emerg] 1#1: duplicate "log_format" name "json_combined" in /etc/nginx/nginx.conf:41
2026/09/23 07:49:54 [emerg] 1#1: duplicate "log_format" name "json_combined" in /etc/nginx/nginx.conf:41
2026/09/23 07:49:54 [emerg] 1#1: duplicate "log_format" name "json_combined" in /etc/nginx/nginx.conf:41
2026/09/23 07:49:54 [emerg] 1#1: duplicate "log_format" name "json_combined" in /etc/nginx/nginx.conf:41
2026/09/23 07:49:54 [emerg] 1#1: duplicate "log_format" name "json_combined" in /etc/nginx/nginx.conf:41
2026/09/23 07:49:54 [emerg] 1#1: duplicate "log_format" name "json_combined" in /etc/nginx/nginx.conf:41
2026/09/23 07:49:54 [emerg] 1#1: duplicate "log_format" name "json_combined" in /etc/nginx/nginx.conf:41
2026/09/23 07:49:54 [emerg] 1#1: duplicate "log_format" name "json_combined" in /etc/nginx/nginx.conf:41
2026/09/23 07:49:54 [emerg] 1#1: duplicate "log_format" name "json_combined" in /etc/nginx/nginx.conf:41
2026/09/23 07:49:55 [emerg] 1#1: duplicate "log_format" name "json_combined" in /etc/nginx/nginx.conf:41
2026/09/23 07:49:55 [emerg] 1#1: duplicate "log_format" name "json_combined" in /etc/nginx/nginx.conf:41
2026/09/23 07:49:55 [emerg] 1#1: duplicate "log_format" name "json_combined" in /etc/nginx/nginx.conf:41
2026/09/23 07:49:55 [emerg] 1#1: duplicate "log_format" name "json_combined" in /etc/nginx/nginx.conf:41
2026/09/23 07:49:55 [emerg] 1#1: duplicate "log_format" name "json_combined" in /etc/nginx/nginx.conf:41
2026/09/23 07:49:55 [emerg] 1#1: duplicate "log_format" name "json_combined" in /etc/nginx/nginx.conf:41
2026/09/23 07:49:55 [emerg] 1#1: duplicate "log_format" name "json_combined" in /etc/nginx/nginx.conf:41
2026/09/23 07:49:55 [emerg] 1#1: duplicate "log_format" name "json_combined" in /etc/nginx/nginx.conf:41
2026/09/23 07:49:56 [emerg] 1#1: duplicate "log_format" name "json_combined" in /etc/nginx/nginx.conf:41
2026/09/23 07:49:56 [emerg] 1#1: duplicate "log_format" name "json_combined" in /etc/nginx/nginx.conf:41
2026/09/23 07:49:56 [emerg] 1#1: duplicate "log_format" name "json_combined" in /etc/nginx/nginx.conf:41
2026/09/23 07:49:56 [emerg] 1#1: duplicate "log_format" name "json_combined" in /etc/nginx/nginx.conf:41
2026/09/23 07:49:56 [emerg] 1#1: duplicate "log_format" name "json_combined" in /etc/nginx/nginx.conf:41
2026/09/23 07:49:56 [emerg] 1#1: duplicate "log_format" name "json_combined" in /etc/nginx/nginx.conf:41
2026/09/23 07:49:56 [emerg] 1#1: duplicate "log_format" name "json_combined" in /etc/nginx/nginx.conf:41
2026/09/23 07:49:56 [emerg] 1#1: duplicate "log_format" name "json_combined" in /etc/nginx/nginx.conf:41
2026/09/23 07:49:57 [emerg] 1#1: duplicate "log_format" name "json_combined" in /etc/nginx/nginx.conf:41
2026/09/23 07:49:57 [emerg] 1#1: duplicate "log_format" name "json_combined" in /etc/nginx/nginx.conf:41
2026/09/23 07:49:57 [emerg] 1#1: duplicate "log_format" name "json_combined" in /etc/nginx/nginx.conf:41
2026/09/23 07:49:57 [emerg] 1#1: duplicate "log_format" name "json_combined" in /etc/nginx/nginx.conf:41
2026/09/23 07:49:57 [emerg] 1#1: duplicate "log_format" name "json_combined" in /etc/nginx/nginx.conf:41
2026/09/23 07:49:57 [emerg] 1#1: duplicate "log_format" name "json_combined" in /etc/nginx/nginx.conf:41
2026/09/23 07:49:57 [emerg] 1#1: duplicate "log_format" name "json_combined" in /etc/nginx/nginx.conf:41
2026/09/23 07:49:57 [emerg] 1#1: duplicate "log_format" name "json_combined" in /etc/nginx/nginx.conf:41
2026/09/23 07:49:58 [emerg] 1#1: duplicate "log_format" name "json_combined" in /etc/nginx/nginx.conf:41
2026/09/23 07:49:58 [emerg] 1#1: duplicate "log_format" name "json_combined" in /etc/nginx/nginx.conf:41
2026/09/23 07:49:58 [emerg] 1#1: duplicate "log_format" name "json_combined" in /etc/nginx/nginx.conf:41
2026/09/23 07:49:58 [emerg] 1#1: duplicate "log_format" name "json_combined" in /etc/nginx/nginx.conf:41
2026/09/23 07:49:58 [emerg] 1#1: duplicate "log_format" name "json_combined" in /etc/nginx/nginx.conf:41
2026/09/23 07:49:58 [emerg] 1#1: duplicate "log_format" name "json_combined" in /etc/nginx/nginx.conf:41
2026/09/23 07:49:58 [emerg] 1#1: duplicate "log_format" name "json_combined" in /etc/nginx/nginx.conf:41
2026/09/23 07:49:58 [emerg] 1#1: duplicate "log_format" name "json_combined" in /etc/nginx/nginx.conf:41
2026/09/23 07:49:59 [emerg] 1#1: duplicate "log_format" name "json_combined" in /etc/nginx/nginx.conf:41
2026/09/23 07:49:59 [emerg] 1#1: duplicate "log_format" name "json_combined" in /etc/nginx/nginx.conf:41
2026/09/23 07:49:59 [emerg] 1#1: duplicate "log_format" name "json_combined" in /etc/nginx/nginx.conf:41
2026/09/23 07:49:59 [emerg] 1#1: duplicate "log_format" name "json_combined" in /etc/nginx/nginx.conf:41
2026/09/23 07:49:59 [emerg] 1#1: duplicate "log_format" name "json_combined" in /etc/nginx/nginx.conf:41
2026/09/23 07:49:59 [emerg] 1#1: duplicate "log_format" name "json_combined" in /etc/nginx/nginx.conf:41
2026/09/23 07:49:59 [emerg] 1#1: duplicate "log_format" name "json_combined" in /etc/nginx/nginx.conf:41
2026/09/23 07:49:59 [emerg] 1#1: duplicate "log_format" name "json_combined" in /etc/nginx/nginx.conf:41
2026/09/23 07:50:00 [emerg] 1#1: duplicate "log_format" name "json_combined" in /etc/nginx/nginx.conf:41
2026/09/23 07:50:00 [emerg] 1#1: duplicate "log_format" name "json_combined" in /etc/nginx/nginx.conf:41
2026/09/23 07:50:00 [emerg] 1#1: duplicate "log_format" name "json_combined" in /etc/nginx/nginx.conf:41
2026/09/23 07:50:00 [emerg] 1#1: duplicate "log_format" name "json_combined" in /etc/nginx/nginx.conf:41
2026/09/23 07:50:00 [emerg] 1#1: duplicate "log_format" name "json_combined" in /etc/nginx/nginx.conf:41
2026/09/23 07:50:00 [emerg] 1#1: duplicate "log_format" name "json_combined" in /etc/nginx/nginx.conf:41
2026/09/23 07:50:00 [emerg] 1#1: duplicate "log_format" name "json_combined" in /etc/nginx/nginx.conf:41
2026/09/23 07:50:00 [emerg] 1#1: duplicate "log_format" name "json_combined" in /etc/nginx/nginx.conf:41
2026/09/23 07:50:01 [emerg] 1#1: duplicate "log_format" name "json_combined" in /etc/nginx/nginx.conf:41
2026/09/23 07:50:01 [emerg] 1#1: duplicate "log_format" name "json_combined" in /etc/nginx/nginx.conf:41
2026/09/23 07:50:01 [emerg] 1#1: duplicate "log_format" name "json_combined" in /etc/nginx/nginx.conf:41
2026/09/23 07:50:01 [emerg] 1#1: duplicate "log_format" name "json_combined" in /etc/nginx/nginx.conf:41
2026/09/23 07:50:01 [emerg] 1#1: duplicate "log_format" name "json_combined" in /etc/nginx/nginx.conf:41
2026/09/23 07:50:01 [emerg] 1#1: duplicate "log_format" name "json_combined" in /etc/nginx/nginx.conf:41
2026/09/23 07:50:01 [emerg] 1#1: duplicate "log_format" name "json_combined" in /etc/nginx/nginx.conf:41
2026/09/23 07:50:02 [emerg] 1#1: duplicate "log_format" name "json_combined" in /etc/nginx/nginx.conf:41
2026/09/23 07:50:02 [emerg] 1#1: duplicate "log_format" name "json_combined" in /etc/nginx/nginx.conf:41
2026/09/23 07:50:02 [emerg] 1#1: duplicate "log_format" name "json_combined" in /etc/nginx/nginx.conf:41
2026/09/23 07:50:02 [emerg] 1#1: duplicate "log_format" name "json_combined" in /etc/nginx/nginx.conf:41
2026/09/23 07:50:02 [emerg] 1#1: duplicate "log_format" name "json_combined" in /etc/nginx/nginx.conf:41
2026/09/23 07:50:02 [emerg] 1#1: duplicate "log_format" name "json_combined" in /etc/nginx/nginx.conf:41
2026/09/23 07:50:02 [emerg] 1#1: duplicate "log_format" name "json_combined" in /etc/nginx/nginx.conf:41
2026/09/23 07:50:02 [emerg] 1#1: duplicate "log_format" name "json_combined" in /etc/nginx/nginx.conf:41
2026/09/23 07:50:02 [emerg] 1#1: duplicate "log_format" name "json_combined" in /etc/nginx/nginx.conf:41
2026/09/23 07:50:03 [emerg] 1#1: duplicate "log_format" name "json_combined" in /etc/nginx/nginx.conf:41
2026/09/23 07:50:03 [emerg] 1#1: duplicate "log_format" name "json_combined" in /etc/nginx/nginx.conf:41
2026/09/23 07:50:03 [emerg] 1#1: duplicate "log_format" name "json_combined" in /etc/nginx/nginx.conf:41
2026/09/23 07:50:03 [emerg] 1#1: duplicate "log_format" name "json_combined" in /etc/nginx/nginx.conf:41
2026/09/23 07:50:03 [emerg] 1#1: duplicate "log_format" name "json_combined" in /etc/nginx/nginx.conf:41
2026/09/23 07:50:03 [emerg] 1#1: duplicate "log_format" name "json_combined" in /etc/nginx/nginx.conf:41
2026/09/23 07:50:03 [emerg] 1#1: duplicate "log_format" name "json_combined" in /etc/nginx/nginx.conf:41
2026/09/23 07:50:03 [emerg] 1#1: duplicate "log_format" name "json_combined" in /etc/nginx/nginx.conf:41
2026/09/23 07:50:04 [emerg] 1#1: duplicate "log_format" name "json_combined" in /etc/nginx/nginx.conf:41
2026/09/23 07:50:04 [emerg] 1#1: duplicate "log_format" name "json_combined" in /etc/nginx/nginx.conf:41
2026/09/23 07:50:04 [emerg] 1#1: duplicate "log_format" name "json_combined" in /etc/nginx/nginx.conf:41
2026/09/23 07:50:04 [emerg] 1#1: duplicate "log_format" name "json_combined" in /etc/nginx/nginx.conf:41
2026/09/23 07:50:04 [emerg] 1#1: duplicate "log_format" name "json_combined" in /etc/nginx/nginx.conf:41
2026/09/23 07:50:04 [emerg] 1#1: duplicate "log_format" name "json_combined" in /etc/nginx/nginx.conf:41
2026/09/23 07:50:04 [emerg] 1#1: duplicate "log_format" name "json_combined" in /etc/nginx/nginx.conf:41
2026/09/23 07:50:04 [emerg] 1#1: duplicate "log_format" name "json_combined" in /etc/nginx/nginx.conf:41
2026/09/23 07:50:05 [emerg] 1#1: duplicate "log_format" name "json_combined" in /etc/nginx/nginx.conf:41
2026/09/23 07:50:05 [emerg] 1#1: duplicate "log_format" name "json_combined" in /etc/nginx/nginx.conf:41
2026/09/23 07:50:05 [emerg] 1#1: duplicate "log_format" name "json_combined" in /etc/nginx/nginx.conf:41
2026/09/23 07:50:05 [emerg] 1#1: duplicate "log_format" name "json_combined" in /etc/nginx/nginx.conf:41
2026/09/23 07:50:05 [emerg] 1#1: duplicate "log_format" name "json_combined" in /etc/nginx/nginx.conf:41
2026/09/23 07:50:05 [emerg] 1#1: duplicate "log_format" name "json_combined" in /etc/nginx/nginx.conf:41
2026/09/23 07:50:05 [emerg] 1#1: duplicate "log_format" name "json_combined" in /etc/nginx/nginx.conf:41
2026/09/23 07:50:06 [emerg] 1#1: duplicate "log_format" name "json_combined" in /etc/nginx/nginx.conf:41
2026/09/23 07:50:06 [emerg] 1#1: duplicate "log_format" name "json_combined" in /etc/nginx/nginx.conf:41
2026/09/23 07:50:06 [emerg] 1#1: duplicate "log_format" name "json_combined" in /etc/nginx/nginx.conf:41
2026/09/23 07:50:06 [emerg] 1#1: duplicate "log_format" name "json_combined" in /etc/nginx/nginx.conf:41
2026/09/23 07:50:06 [emerg] 1#1: duplicate "log_format" name "json_combined" in /etc/nginx/nginx.conf:41
2026/09/23 07:50:06 [emerg] 1#1: duplicate "log_format" name "json_combined" in /etc/nginx/nginx.conf:41
2026/09/23 07:50:06 [emerg] 1#1: duplicate "log_format" name "json_combined" in /etc/nginx/nginx.conf:41
2026/09/23 07:50:06 [emerg] 1#1: duplicate "log_format" name "json_combined" in /etc/nginx/nginx.conf:41
2026/09/23 07:50:07 [emerg] 1#1: duplicate "log_format" name "json_combined" in /etc/nginx/nginx.conf:41
2026/09/23 07:50:07 [emerg] 1#1: duplicate "log_format" name "json_combined" in /etc/nginx/nginx.conf:41
2026/09/23 07:50:07 [emerg] 1#1: duplicate "log_format" name "json_combined" in /etc/nginx/nginx.conf:41
2026/09/23 07:50:07 [emerg] 1#1: duplicate "log_format" name "json_combined" in /etc/nginx/nginx.conf:41
2026/09/23 07:50:07 [emerg] 1#1: duplicate "log_format" name "json_combined" in /etc/nginx/nginx.conf:41
2026/09/23 07:50:07 [emerg] 1#1: duplicate "log_format" name "json_combined" in /etc/nginx/nginx.conf:41
2026/09/23 07:50:07 [emerg] 1#1: duplicate "log_format" name "json_combined" in /etc/nginx/nginx.conf:41
2026/09/23 07:50:08 [emerg] 1#1: duplicate "log_format" name "json_combined" in /etc/nginx/nginx.conf:41
2026/09/23 07:50:08 [emerg] 1#1: duplicate "log_format" name "json_combined" in /etc/nginx/nginx.conf:41
2026/09/23 07:50:08 [emerg] 1#1: duplicate "log_format" name "json_combined" in /etc/nginx/nginx.conf:41
2026/09/23 07:50:08 [emerg] 1#1: duplicate "log_format" name "json_combined" in /etc/nginx/nginx.conf:41
2026/09/23 07:50:08 [emerg] 1#1: duplicate "log_format" name "json_combined" in /etc/nginx/nginx.conf:41
2026/09/23 07:50:08 [emerg] 1#1: duplicate "log_format" name "json_combined" in /etc/nginx/nginx.conf:41
2026/09/23 07:50:08 [emerg] 1#1: duplicate "log_format" name "json_combined" in /etc/nginx/nginx.conf:41
2026/09/23 07:50:08 [emerg] 1#1: duplicate "log_format" name "json_combined" in /etc/nginx/nginx.conf:41
2026/09/23 07:50:09 [emerg] 1#1: duplicate "log_format" name "json_combined" in /etc/nginx/nginx.conf:41
2026/09/23 07:50:09 [emerg] 1#1: duplicate "log_format" name "json_combined" in /etc/nginx/nginx.conf:41
2026/09/23 07:50:09 [emerg] 1#1: duplicate "log_format" name "json_combined" in /etc/nginx/nginx.conf:41
2026/09/23 07:50:09 [emerg] 1#1: duplicate "log_format" name "json_combined" in /etc/nginx/nginx.conf:41
2026/09/23 07:50:09 [emerg] 1#1: duplicate "log_format" name "json_combined" in /etc/nginx/nginx.conf:41
2026/09/23 07:50:09 [emerg] 1#1: duplicate "log_format" name "json_combined" in /etc/nginx/nginx.conf:41
2026/09/23 07:50:09 [emerg] 1#1: duplicate "log_format" name "json_combined" in /etc/nginx/nginx.conf:41
2026/09/23 07:50:10 [emerg] 1#1: duplicate "log_format" name "json_combined" in /etc/nginx/nginx.conf:41
2026/09/23 07:50:10 [emerg] 1#1: duplicate "log_format" name "json_combined" in /etc/nginx/nginx.conf:41
2026/09/23 07:50:10 [emerg] 1#1: duplicate "log_format" name "json_combined" in /etc/nginx/nginx.conf:41
2026/09/23 07:50:10 [emerg] 1#1: duplicate "log_format" name "json_combined" in /etc/nginx/nginx.conf:41
2026/09/23 07:50:10 [emerg] 1#1: duplicate "log_format" name "json_combined" in /etc/nginx/nginx.conf:41
2026/09/23 07:50:10 [emerg] 1#1: duplicate "log_format" name "json_combined" in /etc/nginx/nginx.conf:41
2026/09/23 07:50:10 [emerg] 1#1: duplicate "log_format" name "json_combined" in /etc/nginx/nginx.conf:41
2026/09/23 07:50:10 [emerg] 1#1: duplicate "log_format" name "json_combined" in /etc/nginx/nginx.conf:41
2026/09/23 07:50:11 [emerg] 1#1: duplicate "log_format" name "json_combined" in /etc/nginx/nginx.conf:41
2026/09/23 07:50:11 [emerg] 1#1: duplicate "log_format" name "json_combined" in /etc/nginx/nginx.conf:41
2026/09/23 07:50:11 [emerg] 1#1: duplicate "log_format" name "json_combined" in /etc/nginx/nginx.conf:41
2026/09/23 07:50:11 [emerg] 1#1: duplicate "log_format" name "json_combined" in /etc/nginx/nginx.conf:41
2026/09/23 07:50:11 [emerg] 1#1: duplicate "log_format" name "json_combined" in /etc/nginx/nginx.conf:41
2026/09/23 07:50:11 [emerg] 1#1: duplicate "log_format" name "json_combined" in /etc/nginx/nginx.conf:41
2026/09/23 07:50:11 [emerg] 1#1: duplicate "log_format" name "json_combined" in /etc/nginx/nginx.conf:41
2026/09/23 07:50:12 [emerg] 1#1: duplicate "log_format" name "json_combined" in /etc/nginx/nginx.conf:41
2026/09/23 07:50:12 [emerg] 1#1: duplicate "log_format" name "json_combined" in /etc/nginx/nginx.conf:41
2026/09/23 07:50:12 [emerg] 1#1: duplicate "log_format" name "json_combined" in /etc/nginx/nginx.conf:41
2026/09/23 07:50:12 [emerg] 1#1: duplicate "log_format" name "json_combined" in /etc/nginx/nginx.conf:41
2026/09/23 07:50:12 [emerg] 1#1: duplicate "log_format" name "json_combined" in /etc/nginx/nginx.conf:41
2026/09/23 07:50:12 [emerg] 1#1: duplicate "log_format" name "json_combined" in /etc/nginx/nginx.conf:41
2026/09/23 07:50:12 [emerg] 1#1: duplicate "log_format" name "json_combined" in /etc/nginx/nginx.conf:41
2026/09/23 07:50:12 [emerg] 1#1: duplicate "log_format" name "json_combined" in /etc/nginx/nginx.conf:41
2026/09/23 07:50:13 [emerg] 1#1: duplicate "log_format" name "json_combined" in /etc/nginx/nginx.conf:41
2026/09/23 07:50:13 [emerg] 1#1: duplicate "log_format" name "json_combined" in /etc/nginx/nginx.conf:41
2026/09/23 07:50:13 [emerg] 1#1: duplicate "log_format" name "json_combined" in /etc/nginx/nginx.conf:41
2026/09/23 07:50:13 [emerg] 1#1: duplicate "log_format" name "json_combined" in /etc/nginx/nginx.conf:41
2026/09/23 07:50:13 [emerg] 1#1: duplicate "log_format" name "json_combined" in /etc/nginx/nginx.conf:41
2026/09/23 07:50:13 [emerg] 1#1: duplicate "log_format" name "json_combined" in /etc/nginx/nginx.conf:41
2026/09/23 07:50:13 [emerg] 1#1: duplicate "log_format" name "json_combined" in /etc/nginx/nginx.conf:41
2026/09/23 07:50:13 [emerg] 1#1: duplicate "log_format" name "json_combined" in /etc/nginx/nginx.conf:41
2026/09/23 07:50:14 [emerg] 1#1: duplicate "log_format" name "json_combined" in /etc/nginx/nginx.conf:41
2026/09/23 07:50:14 [emerg] 1#1: duplicate "log_format" name "json_combined" in /etc/nginx/nginx.conf:41
2026/09/23 07:50:14 [emerg] 1#1: duplicate "log_format" name "json_combined" in /etc/nginx/nginx.conf:41
2026/09/23 07:50:14 [emerg] 1#1: duplicate "log_format" name "json_combined" in /etc/nginx/nginx.conf:41
2026/09/23 07:50:14 [emerg] 1#1: duplicate "log_format" name "json_combined" in /etc/nginx/nginx.conf:41
2026/09/23 07:50:14 [emerg] 1#1: duplicate "log_format" name "json_combined" in /etc/nginx/nginx.conf:41
2026/09/23 07:50:14 [emerg] 1#1: duplicate "log_format" name "json_combined" in /etc/nginx/nginx.conf:41
2026/09/23 07:50:15 [emerg] 1#1: duplicate "log_format" name "json_combined" in /etc/nginx/nginx.conf:41
2026/09/23 07:50:15 [emerg] 1#1: duplicate "log_format" name "json_combined" in /etc/nginx/nginx.conf:41
2026/09/23 07:50:15 [emerg] 1#1: duplicate "log_format" name "json_combined" in /etc/nginx/nginx.conf:41
2026/09/23 07:50:15 [emerg] 1#1: duplicate "log_format" name "json_combined" in /etc/nginx/nginx.conf:41
2026/09/23 07:50:15 [emerg] 1#1: duplicate "log_format" name "json_combined" in /etc/nginx/nginx.conf:41
2026/09/23 07:50:15 [emerg] 1#1: duplicate "log_format" name "json_combined" in /etc/nginx/nginx.conf:41
2026/09/23 07:50:15 [emerg] 1#1: duplicate "log_format" name "json_combined" in /etc/nginx/nginx.conf:41
2026/09/23 07:50:15 [emerg] 1#1: duplicate "log_format" name "json_combined" in /etc/nginx/nginx.conf:41
2026/09/23 07:50:16 [emerg] 1#1: duplicate "log_format" name "json_combined" in /etc/nginx/nginx.conf:41
2026/09/23 07:50:16 [emerg] 1#1: duplicate "log_format" name "json_combined" in /etc/nginx/nginx.conf:41
2026/09/23 07:50:16 [emerg] 1#1: duplicate "log_format" name "json_combined" in /etc/nginx/nginx.conf:41
2026/09/23 07:50:16 [emerg] 1#1: duplicate "log_format" name "json_combined" in /etc/nginx/nginx.conf:41
2026/09/23 07:50:16 [emerg] 1#1: duplicate "log_format" name "json_combined" in /etc/nginx/nginx.conf:41
2026/09/23 07:50:16 [emerg] 1#1: duplicate "log_format" name "json_combined" in /etc/nginx/nginx.conf:41
2026/09/23 07:50:16 [emerg] 1#1: duplicate "log_format" name "json_combined" in /etc/nginx/nginx.conf:41
2026/09/23 07:50:16 [emerg] 1#1: duplicate "log_format" name "json_combined" in /etc/nginx/nginx.conf:41
2026/09/23 07:50:17 [emerg] 1#1: duplicate "log_format" name "json_combined" in /etc/nginx/nginx.conf:41
2026/09/23 07:50:17 [emerg] 1#1: duplicate "log_format" name "json_combined" in /etc/nginx/nginx.conf:41
2026/09/23 07:50:17 [emerg] 1#1: duplicate "log_format" name "json_combined" in /etc/nginx/nginx.conf:41
2026/09/23 07:50:17 [emerg] 1#1: duplicate "log_format" name "json_combined" in /etc/nginx/nginx.conf:41
2026/09/23 07:50:17 [emerg] 1#1: duplicate "log_format" name "json_combined" in /etc/nginx/nginx.conf:41
2026/09/23 07:50:17 [emerg] 1#1: duplicate "log_format" name "json_combined" in /etc/nginx/nginx.conf:41
2026/09/23 07:50:17 [emerg] 1#1: duplicate "log_format" name "json_combined" in /etc/nginx/nginx.conf:41
2026/09/23 07:50:17 [emerg] 1#1: duplicate "log_format" name "json_combined" in /etc/nginx/nginx.conf:41
2026/09/23 07:50:18 [emerg] 1#1: duplicate "log_format" name "json_combined" in /etc/nginx/nginx.conf:41
2026/09/23 07:50:18 [emerg] 1#1: duplicate "log_format" name "json_combined" in /etc/nginx/nginx.conf:41
2026/09/23 07:50:18 [emerg] 1#1: duplicate "log_format" name "json_combined" in /etc/nginx/nginx.conf:41
2026/09/23 07:50:18 [emerg] 1#1: duplicate "log_format" name "json_combined" in /etc/nginx/nginx.conf:41
2026/09/23 07:50:18 [emerg] 1#1: duplicate "log_format" name "json_combined" in /etc/nginx/nginx.conf:41
2026/09/23 07:50:18 [emerg] 1#1: duplicate "log_format" name "json_combined" in /etc/nginx/nginx.conf:41
2026/09/23 07:50:18 [emerg] 1#1: duplicate "log_format" name "json_combined" in /etc/nginx/nginx.conf:41
2026/09/23 07:50:18 [emerg] 1#1: duplicate "log_format" name "json_combined" in /etc/nginx/nginx.conf:41
2026/09/23 07:50:18 [emerg] 1#1: duplicate "log_format" name "json_combined" in /etc/nginx/nginx.conf:41
2026/09/23 07:50:19 [emerg] 1#1: duplicate "log_format" name "json_combined" in /etc/nginx/nginx.conf:41
2026/09/23 07:50:19 [emerg] 1#1: duplicate "log_format" name "json_combined" in /etc/nginx/nginx.conf:41
2026/09/23 07:50:19 [emerg] 1#1: duplicate "log_format" name "json_combined" in /etc/nginx/nginx.conf:41
2026/09/23 07:50:19 [emerg] 1#1: duplicate "log_format" name "json_combined" in /etc/nginx/nginx.conf:41
2026/09/23 07:50:19 [emerg] 1#1: duplicate "log_format" name "json_combined" in /etc/nginx/nginx.conf:41
2026/09/23 07:50:19 [emerg] 1#1: duplicate "log_format" name "json_combined" in /etc/nginx/nginx.conf:41
2026/09/23 07:50:19 [emerg] 1#1: duplicate "log_format" name "json_combined" in /etc/nginx/nginx.conf:41
2026/09/23 07:50:19 [emerg] 1#1: duplicate "log_format" name "json_combined" in /etc/nginx/nginx.conf:41
2026/09/23 07:50:20 [emerg] 1#1: duplicate "log_format" name "json_combined" in /etc/nginx/nginx.conf:41
2026/09/23 07:50:20 [emerg] 1#1: duplicate "log_format" name "json_combined" in /etc/nginx/nginx.conf:41
2026/09/23 07:50:20 [emerg] 1#1: duplicate "log_format" name "json_combined" in /etc/nginx/nginx.conf:41
2026/09/23 07:50:20 [emerg] 1#1: duplicate "log_format" name "json_combined" in /etc/nginx/nginx.conf:41
2026/09/23 07:50:20 [emerg] 1#1: duplicate "log_format" name "json_combined" in /etc/nginx/nginx.conf:41
2026/09/23 07:50:20 [emerg] 1#1: duplicate "log_format" name "json_combined" in /etc/nginx/nginx.conf:41
2026/09/23 07:50:20 [emerg] 1#1: duplicate "log_format" name "json_combined" in /etc/nginx/nginx.conf:41
2026/09/23 07:50:20 [emerg] 1#1: duplicate "log_format" name "json_combined" in /etc/nginx/nginx.conf:41
2026/09/23 07:50:21 [emerg] 1#1: duplicate "log_format" name "json_combined" in /etc/nginx/nginx.conf:41
2026/09/23 07:50:21 [emerg] 1#1: duplicate "log_format" name "json_combined" in /etc/nginx/nginx.conf:41
2026/09/23 07:50:21 [emerg] 1#1: duplicate "log_format" name "json_combined" in /etc/nginx/nginx.conf:41
2026/09/23 07:50:21 [emerg] 1#1: duplicate "log_format" name "json_combined" in /etc/nginx/nginx.conf:41
2026/09/23 07:50:21 [emerg] 1#1: duplicate "log_format" name "json_combined" in /etc/nginx/nginx.conf:41
2026/09/23 07:50:21 [emerg] 1#1: duplicate "log_format" name "json_combined" in /etc/nginx/nginx.conf:41
2026/09/23 07:50:21 [emerg] 1#1: duplicate "log_format" name "json_combined" in /etc/nginx/nginx.conf:41
2026/09/23 07:50:22 [emerg] 1#1: duplicate "log_format" name "json_combined" in /etc/nginx/nginx.conf:41
2026/09/23 07:50:22 [emerg] 1#1: duplicate "log_format" name "json_combined" in /etc/nginx/nginx.conf:41
2026/09/23 07:50:22 [emerg] 1#1: duplicate "log_format" name "json_combined" in /etc/nginx/nginx.conf:41
2026/09/23 07:50:22 [emerg] 1#1: duplicate "log_format" name "json_combined" in /etc/nginx/nginx.conf:41
2026/09/23 07:50:22 [emerg] 1#1: duplicate "log_format" name "json_combined" in /etc/nginx/nginx.conf:41
2026/09/23 07:50:22 [emerg] 1#1: duplicate "log_format" name "json_combined" in /etc/nginx/nginx.conf:41
2026/09/23 07:50:22 [emerg] 1#1: duplicate "log_format" name "json_combined" in /etc/nginx/nginx.conf:41
2026/09/23 07:50:22 [emerg] 1#1: duplicate "log_format" name "json_combined" in /etc/nginx/nginx.conf:41
2026/09/23 07:50:23 [emerg] 1#1: duplicate "log_format" name "json_combined" in /etc/nginx/nginx.conf:41
2026/09/23 07:50:23 [emerg] 1#1: duplicate "log_format" name "json_combined" in /etc/nginx/nginx.conf:41
2026/09/23 07:50:23 [emerg] 1#1: duplicate "log_format" name "json_combined" in /etc/nginx/nginx.conf:41
2026/09/23 07:50:23 [emerg] 1#1: duplicate "log_format" name "json_combined" in /etc/nginx/nginx.conf:41
2026/09/23 07:50:23 [emerg] 1#1: duplicate "log_format" name "json_combined" in /etc/nginx/nginx.conf:41
2026/09/23 07:50:23 [emerg] 1#1: duplicate "log_format" name "json_combined" in /etc/nginx/nginx.conf:41
2026/09/23 07:50:23 [emerg] 1#1: duplicate "log_format" name "json_combined" in /etc/nginx/nginx.conf:41
2026/09/23 07:50:23 [emerg] 1#1: duplicate "log_format" name "json_combined" in /etc/nginx/nginx.conf:41
2026/09/23 07:50:24 [emerg] 1#1: duplicate "log_format" name "json_combined" in /etc/nginx/nginx.conf:41
2026/09/23 07:50:24 [emerg] 1#1: duplicate "log_format" name "json_combined" in /etc/nginx/nginx.conf:41
2026/09/23 07:50:24 [emerg] 1#1: duplicate "log_format" name "json_combined" in /etc/nginx/nginx.conf:41
2026/09/23 07:50:24 [emerg] 1#1: duplicate "log_format" name "json_combined" in /etc/nginx/nginx.conf:41
2026/09/23 07:50:24 [emerg] 1#1: duplicate "log_format" name "json_combined" in /etc/nginx/nginx.conf:41
2026/09/23 07:50:24 [emerg] 1#1: duplicate "log_format" name "json_combined" in /etc/nginx/nginx.conf:41
2026/09/23 07:50:24 [emerg] 1#1: duplicate "log_format" name "json_combined" in /etc/nginx/nginx.conf:41
2026/09/23 07:50:24 [emerg] 1#1: duplicate "log_format" name "json_combined" in /etc/nginx/nginx.conf:41
2026/09/23 07:50:25 [emerg] 1#1: duplicate "log_format" name "json_combined" in /etc/nginx/nginx.conf:41
2026/09/23 07:50:25 [emerg] 1#1: duplicate "log_format" name "json_combined" in /etc/nginx/nginx.conf:41
2026/09/23 07:50:25 [emerg] 1#1: duplicate "log_format" name "json_combined" in /etc/nginx/nginx.conf:41
2026/09/23 07:50:25 [emerg] 1#1: duplicate "log_format" name "json_combined" in /etc/nginx/nginx.conf:41
2026/09/23 07:50:25 [emerg] 1#1: duplicate "log_format" name "json_combined" in /etc/nginx/nginx.conf:41
2026/09/23 07:50:25 [emerg] 1#1: duplicate "log_format" name "json_combined" in /etc/nginx/nginx.conf:41
2026/09/23 07:50:25 [emerg] 1#1: duplicate "log_format" name "json_combined" in /etc/nginx/nginx.conf:41
2026/09/23 07:50:25 [emerg] 1#1: duplicate "log_format" name "json_combined" in /etc/nginx/nginx.conf:41
2026/09/23 07:50:26 [emerg] 1#1: duplicate "log_format" name "json_combined" in /etc/nginx/nginx.conf:41
2026/09/23 07:50:26 [emerg] 1#1: duplicate "log_format" name "json_combined" in /etc/nginx/nginx.conf:41
2026/09/23 07:50:26 [emerg] 1#1: duplicate "log_format" name "json_combined" in /etc/nginx/nginx.conf:41
2026/09/23 07:50:26 [emerg] 1#1: duplicate "log_format" name "json_combined" in /etc/nginx/nginx.conf:41
2026/09/23 07:50:26 [emerg] 1#1: duplicate "log_format" name "json_combined" in /etc/nginx/nginx.conf:41
2026/09/23 07:50:26 [emerg] 1#1: duplicate "log_format" name "json_combined" in /etc/nginx/nginx.conf:41
2026/09/23 07:50:26 [emerg] 1#1: duplicate "log_format" name "json_combined" in /etc/nginx/nginx.conf:41
2026/09/23 07:50:26 [emerg] 1#1: duplicate "log_format" name "json_combined" in /etc/nginx/nginx.conf:41
2026/09/23 07:50:27 [emerg] 1#1: duplicate "log_format" name "json_combined" in /etc/nginx/nginx.conf:41
2026/09/23 07:50:27 [emerg] 1#1: duplicate "log_format" name "json_combined" in /etc/nginx/nginx.conf:41
2026/09/23 07:50:27 [emerg] 1#1: duplicate "log_format" name "json_combined" in /etc/nginx/nginx.conf:41
2026/09/23 07:50:27 [emerg] 1#1: duplicate "log_format" name "json_combined" in /etc/nginx/nginx.conf:41
2026/09/23 07:50:27 [emerg] 1#1: duplicate "log_format" name "json_combined" in /etc/nginx/nginx.conf:41
2026/09/23 07:50:27 [emerg] 1#1: duplicate "log_format" name "json_combined" in /etc/nginx/nginx.conf:41
2026/09/23 07:50:27 [emerg] 1#1: duplicate "log_format" name "json_combined" in /etc/nginx/nginx.conf:41
2026/09/23 07:50:27 [emerg] 1#1: duplicate "log_format" name "json_combined" in /etc/nginx/nginx.conf:41
2026/09/23 07:50:28 [emerg] 1#1: duplicate "log_format" name "json_combined" in /etc/nginx/nginx.conf:41
2026/09/23 07:50:28 [emerg] 1#1: duplicate "log_format" name "json_combined" in /etc/nginx/nginx.conf:41
2026/09/23 07:50:28 [emerg] 1#1: duplicate "log_format" name "json_combined" in /etc/nginx/nginx.conf:41
2026/09/23 07:50:28 [emerg] 1#1: duplicate "log_format" name "json_combined" in /etc/nginx/nginx.conf:41
2026/09/23 07:50:28 [emerg] 1#1: duplicate "log_format" name "json_combined" in /etc/nginx/nginx.conf:41
2026/09/23 07:50:28 [emerg] 1#1: duplicate "log_format" name "json_combined" in /etc/nginx/nginx.conf:41
2026/09/23 07:50:28 [emerg] 1#1: duplicate "log_format" name "json_combined" in /etc/nginx/nginx.conf:41
2026/09/23 07:50:28 [emerg] 1#1: duplicate "log_format" name "json_combined" in /etc/nginx/nginx.conf:41
2026/09/23 07:50:29 [emerg] 1#1: duplicate "log_format" name "json_combined" in /etc/nginx/nginx.conf:41
2026/09/23 07:50:29 [emerg] 1#1: duplicate "log_format" name "json_combined" in /etc/nginx/nginx.conf:41
2026/09/23 07:50:29 [emerg] 1#1: duplicate "log_format" name "json_combined" in /etc/nginx/nginx.conf:41
2026/09/23 07:50:29 [emerg] 1#1: duplicate "log_format" name "json_combined" in /etc/nginx/nginx.conf:41
2026/09/23 07:50:29 [emerg] 1#1: duplicate "log_format" name "json_combined" in /etc/nginx/nginx.conf:41
2026/09/23 07:50:29 [emerg] 1#1: duplicate "log_format" name "json_combined" in /etc/nginx/nginx.conf:41
2026/09/23 07:50:29 [emerg] 1#1: duplicate "log_format" name "json_combined" in /etc/nginx/nginx.conf:41
2026/09/23 07:50:29 [emerg] 1#1: duplicate "log_format" name "json_combined" in /etc/nginx/nginx.conf:41
2026/09/23 07:50:30 [emerg] 1#1: duplicate "log_format" name "json_combined" in /etc/nginx/nginx.conf:41
2026/09/23 07:50:30 [emerg] 1#1: duplicate "log_format" name "json_combined" in /etc/nginx/nginx.conf:41
2026/09/23 07:50:30 [emerg] 1#1: duplicate "log_format" name "json_combined" in /etc/nginx/nginx.conf:41
2026/09/23 07:50:30 [emerg] 1#1: duplicate "log_format" name "json_combined" in /etc/nginx/nginx.conf:41
2026/09/23 07:50:30 [emerg] 1#1: duplicate "log_format" name "json_combined" in /etc/nginx/nginx.conf:41
2026/09/23 07:50:30 [emerg] 1#1: duplicate "log_format" name "json_combined" in /etc/nginx/nginx.conf:41
2026/09/23 07:50:30 [emerg] 1#1: duplicate "log_format" name "json_combined" in /etc/nginx/nginx.conf:41
2026/09/23 07:50:30 [emerg] 1#1: duplicate "log_format" name "json_combined" in /etc/nginx/nginx.conf:41
2026/09/23 07:50:30 [emerg] 1#1: duplicate "log_format" name "json_combined" in /etc/nginx/nginx.conf:41
2026/09/23 07:50:31 [emerg] 1#1: duplicate "log_format" name "json_combined" in /etc/nginx/nginx.conf:41
2026/09/23 07:50:31 [emerg] 1#1: duplicate "log_format" name "json_combined" in /etc/nginx/nginx.conf:41
2026/09/23 07:50:31 [emerg] 1#1: duplicate "log_format" name "json_combined" in /etc/nginx/nginx.conf:41
2026/09/23 07:50:31 [emerg] 1#1: duplicate "log_format" name "json_combined" in /etc/nginx/nginx.conf:41
2026/09/23 07:50:31 [emerg] 1#1: duplicate "log_format" name "json_combined" in /etc/nginx/nginx.conf:41
2026/09/23 07:50:31 [emerg] 1#1: duplicate "log_format" name "json_combined" in /etc/nginx/nginx.conf:41
2026/09/23 07:50:31 [emerg] 1#1: duplicate "log_format" name "json_combined" in /etc/nginx/nginx.conf:41
2026/09/23 07:50:31 [emerg] 1#1: duplicate "log_format" name "json_combined" in /etc/nginx/nginx.conf:41
2026/09/23 07:50:32 [emerg] 1#1: duplicate "log_format" name "json_combined" in /etc/nginx/nginx.conf:41
2026/09/23 07:50:32 [emerg] 1#1: duplicate "log_format" name "json_combined" in /etc/nginx/nginx.conf:41
2026/09/23 07:50:32 [emerg] 1#1: duplicate "log_format" name "json_combined" in /etc/nginx/nginx.conf:41
2026/09/23 07:50:32 [emerg] 1#1: duplicate "log_format" name "json_combined" in /etc/nginx/nginx.conf:41
2026/09/23 07:50:32 [emerg] 1#1: duplicate "log_format" name "json_combined" in /etc/nginx/nginx.conf:41
2026/09/23 07:50:32 [emerg] 1#1: duplicate "log_format" name "json_combined" in /etc/nginx/nginx.conf:41
2026/09/23 07:50:32 [emerg] 1#1: duplicate "log_format" name "json_combined" in /etc/nginx/nginx.conf:41
2026/09/23 07:50:32 [emerg] 1#1: duplicate "log_format" name "json_combined" in /etc/nginx/nginx.conf:41
2026/09/23 07:50:32 [emerg] 1#1: duplicate "log_format" name "json_combined" in /etc/nginx/nginx.conf:41
2026/09/23 07:50:33 [emerg] 1#1: duplicate "log_format" name "json_combined" in /etc/nginx/nginx.conf:41
2026/09/23 07:50:33 [emerg] 1#1: duplicate "log_format" name "json_combined" in /etc/nginx/nginx.conf:41
2026/09/23 07:50:33 [emerg] 1#1: duplicate "log_format" name "json_combined" in /etc/nginx/nginx.conf:41
2026/09/23 07:50:33 [emerg] 1#1: duplicate "log_format" name "json_combined" in /etc/nginx/nginx.conf:41
2026/09/23 07:50:33 [emerg] 1#1: duplicate "log_format" name "json_combined" in /etc/nginx/nginx.conf:41
2026/09/23 07:50:33 [emerg] 1#1: duplicate "log_format" name "json_combined" in /etc/nginx/nginx.conf:41
2026/09/23 07:50:33 [emerg] 1#1: duplicate "log_format" name "json_combined" in /etc/nginx/nginx.conf:41
2026/09/23 07:50:33 [emerg] 1#1: duplicate "log_format" name "json_combined" in /etc/nginx/nginx.conf:41
2026/09/23 07:50:34 [emerg] 1#1: duplicate "log_format" name "json_combined" in /etc/nginx/nginx.conf:41
2026/09/23 07:50:34 [emerg] 1#1: duplicate "log_format" name "json_combined" in /etc/nginx/nginx.conf:41
2026/09/23 07:50:34 [emerg] 1#1: duplicate "log_format" name "json_combined" in /etc/nginx/nginx.conf:41
2026/09/23 07:50:34 [emerg] 1#1: duplicate "log_format" name "json_combined" in /etc/nginx/nginx.conf:41
2026/09/23 07:50:34 [emerg] 1#1: duplicate "log_format" name "json_combined" in /etc/nginx/nginx.conf:41
2026/09/23 07:50:34 [emerg] 1#1: duplicate "log_format" name "json_combined" in /etc/nginx/nginx.conf:41
2026/09/23 07:50:34 [emerg] 1#1: duplicate "log_format" name "json_combined" in /etc/nginx/nginx.conf:41
2026/09/23 07:50:34 [emerg] 1#1: duplicate "log_format" name "json_combined" in /etc/nginx/nginx.conf:41
2026/09/23 07:50:35 [emerg] 1#1: duplicate "log_format" name "json_combined" in /etc/nginx/nginx.conf:41
2026/09/23 07:50:35 [emerg] 1#1: duplicate "log_format" name "json_combined" in /etc/nginx/nginx.conf:41
2026/09/23 07:50:35 [emerg] 1#1: duplicate "log_format" name "json_combined" in /etc/nginx/nginx.conf:41
2026/09/23 07:50:35 [emerg] 1#1: duplicate "log_format" name "json_combined" in /etc/nginx/nginx.conf:41
2026/09/23 07:50:35 [emerg] 1#1: duplicate "log_format" name "json_combined" in /etc/nginx/nginx.conf:41
2026/09/23 07:50:35 [emerg] 1#1: duplicate "log_format" name "json_combined" in /etc/nginx/nginx.conf:41
2026/09/23 07:50:35 [emerg] 1#1: duplicate "log_format" name "json_combined" in /etc/nginx/nginx.conf:41
2026/09/23 07:50:35 [emerg] 1#1: duplicate "log_format" name "json_combined" in /etc/nginx/nginx.conf:41
2026/09/23 07:50:36 [emerg] 1#1: duplicate "log_format" name "json_combined" in /etc/nginx/nginx.conf:41
2026/09/23 07:50:36 [emerg] 1#1: duplicate "log_format" name "json_combined" in /etc/nginx/nginx.conf:41
2026/09/23 07:50:36 [emerg] 1#1: duplicate "log_format" name "json_combined" in /etc/nginx/nginx.conf:41
2026/09/23 07:50:36 [emerg] 1#1: duplicate "log_format" name "json_combined" in /etc/nginx/nginx.conf:41
2026/09/23 07:50:36 [emerg] 1#1: duplicate "log_format" name "json_combined" in /etc/nginx/nginx.conf:41
2026/09/23 07:50:36 [emerg] 1#1: duplicate "log_format" name "json_combined" in /etc/nginx/nginx.conf:41
2026/09/23 07:50:36 [emerg] 1#1: duplicate "log_format" name "json_combined" in /etc/nginx/nginx.conf:41
2026/09/23 07:50:36 [emerg] 1#1: duplicate "log_format" name "json_combined" in /etc/nginx/nginx.conf:41
2026/09/23 07:50:37 [emerg] 1#1: duplicate "log_format" name "json_combined" in /etc/nginx/nginx.conf:41
2026/09/23 07:50:37 [emerg] 1#1: duplicate "log_format" name "json_combined" in /etc/nginx/nginx.conf:41
2026/09/23 07:50:37 [emerg] 1#1: duplicate "log_format" name "json_combined" in /etc/nginx/nginx.conf:41
2026/09/23 07:50:37 [emerg] 1#1: duplicate "log_format" name "json_combined" in /etc/nginx/nginx.conf:41
2026/09/23 07:50:37 [emerg] 1#1: duplicate "log_format" name "json_combined" in /etc/nginx/nginx.conf:41
2026/09/23 07:50:37 [emerg] 1#1: duplicate "log_format" name "json_combined" in /etc/nginx/nginx.conf:41
2026/09/23 07:50:37 [emerg] 1#1: duplicate "log_format" name "json_combined" in /etc/nginx/nginx.conf:41
2026/09/23 07:50:37 [emerg] 1#1: duplicate "log_format" name "json_combined" in /etc/nginx/nginx.conf:41
2026/09/23 07:50:38 [emerg] 1#1: duplicate "log_format" name "json_combined" in /etc/nginx/nginx.conf:41
2026/09/23 07:50:38 [emerg] 1#1: duplicate "log_format" name "json_combined" in /etc/nginx/nginx.conf:41
2026/09/23 07:50:38 [emerg] 1#1: duplicate "log_format" name "json_combined" in /etc/nginx/nginx.conf:41
2026/09/23 07:50:38 [emerg] 1#1: duplicate "log_format" name "json_combined" in /etc/nginx/nginx.conf:41
2026/09/23 07:50:38 [emerg] 1#1: duplicate "log_format" name "json_combined" in /etc/nginx/nginx.conf:41
2026/09/23 07:50:38 [emerg] 1#1: duplicate "log_format" name "json_combined" in /etc/nginx/nginx.conf:41
2026/09/23 07:50:38 [emerg] 1#1: duplicate "log_format" name "json_combined" in /etc/nginx/nginx.conf:41
2026/09/23 07:50:38 [emerg] 1#1: duplicate "log_format" name "json_combined" in /etc/nginx/nginx.conf:41
2026/09/23 07:50:39 [emerg] 1#1: duplicate "log_format" name "json_combined" in /etc/nginx/nginx.conf:41
2026/09/23 07:50:39 [emerg] 1#1: duplicate "log_format" name "json_combined" in /etc/nginx/nginx.conf:41
2026/09/23 07:50:39 [emerg] 1#1: duplicate "log_format" name "json_combined" in /etc/nginx/nginx.conf:41
2026/09/23 07:50:39 [emerg] 1#1: duplicate "log_format" name "json_combined" in /etc/nginx/nginx.conf:41
2026/09/23 07:50:39 [emerg] 1#1: duplicate "log_format" name "json_combined" in /etc/nginx/nginx.conf:41
2026/09/23 07:50:39 [emerg] 1#1: duplicate "log_format" name "json_combined" in /etc/nginx/nginx.conf:41
2026/09/23 07:50:39 [emerg] 1#1: duplicate "log_format" name "json_combined" in /etc/nginx/nginx.conf:41
2026/09/23 07:50:39 [emerg] 1#1: duplicate "log_format" name "json_combined" in /etc/nginx/nginx.conf:41
2026/09/23 07:50:39 [emerg] 1#1: duplicate "log_format" name "json_combined" in /etc/nginx/nginx.conf:41
2026/09/23 07:50:40 [emerg] 1#1: duplicate "log_format" name "json_combined" in /etc/nginx/nginx.conf:41
2026/09/23 07:50:40 [emerg] 1#1: duplicate "log_format" name "json_combined" in /etc/nginx/nginx.conf:41
2026/09/23 07:50:40 [emerg] 1#1: duplicate "log_format" name "json_combined" in /etc/nginx/nginx.conf:41
2026/09/23 07:50:40 [emerg] 1#1: duplicate "log_format" name "json_combined" in /etc/nginx/nginx.conf:41
2026/09/23 07:50:40 [emerg] 1#1: duplicate "log_format" name "json_combined" in /etc/nginx/nginx.conf:41
2026/09/23 07:50:40 [emerg] 1#1: duplicate "log_format" name "json_combined" in /etc/nginx/nginx.conf:41
2026/09/23 07:50:40 [emerg] 1#1: duplicate "log_format" name "json_combined" in /etc/nginx/nginx.conf:41
2026/09/23 07:50:40 [emerg] 1#1: duplicate "log_format" name "json_combined" in /etc/nginx/nginx.conf:41
2026/09/23 07:50:41 [emerg] 1#1: duplicate "log_format" name "json_combined" in /etc/nginx/nginx.conf:41
2026/09/23 07:50:41 [emerg] 1#1: duplicate "log_format" name "json_combined" in /etc/nginx/nginx.conf:41
2026/09/23 07:50:41 [emerg] 1#1: duplicate "log_format" name "json_combined" in /etc/nginx/nginx.conf:41
2026/09/23 07:50:41 [emerg] 1#1: duplicate "log_format" name "json_combined" in /etc/nginx/nginx.conf:41
2026/09/23 07:50:41 [emerg] 1#1: duplicate "log_format" name "json_combined" in /etc/nginx/nginx.conf:41
2026/09/23 07:50:41 [emerg] 1#1: duplicate "log_format" name "json_combined" in /etc/nginx/nginx.conf:41
2026/09/23 07:50:41 [emerg] 1#1: duplicate "log_format" name "json_combined" in /etc/nginx/nginx.conf:41
2026/09/23 07:50:41 [emerg] 1#1: duplicate "log_format" name "json_combined" in /etc/nginx/nginx.conf:41
2026/09/23 07:50:42 [emerg] 1#1: duplicate "log_format" name "json_combined" in /etc/nginx/nginx.conf:41
2026/09/23 07:50:42 [emerg] 1#1: duplicate "log_format" name "json_combined" in /etc/nginx/nginx.conf:41
2026/09/23 07:50:42 [emerg] 1#1: duplicate "log_format" name "json_combined" in /etc/nginx/nginx.conf:41
2026/09/23 07:50:42 [emerg] 1#1: duplicate "log_format" name "json_combined" in /etc/nginx/nginx.conf:41
2026/09/23 07:50:42 [emerg] 1#1: duplicate "log_format" name "json_combined" in /etc/nginx/nginx.conf:41
2026/09/23 07:50:42 [emerg] 1#1: duplicate "log_format" name "json_combined" in /etc/nginx/nginx.conf:41
2026/09/23 07:50:42 [emerg] 1#1: duplicate "log_format" name "json_combined" in /etc/nginx/nginx.conf:41
2026/09/23 07:50:42 [emerg] 1#1: duplicate "log_format" name "json_combined" in /etc/nginx/nginx.conf:41
2026/09/23 07:50:43 [emerg] 1#1: duplicate "log_format" name "json_combined" in /etc/nginx/nginx.conf:41
2026/09/23 07:50:43 [emerg] 1#1: duplicate "log_format" name "json_combined" in /etc/nginx/nginx.conf:41
2026/09/23 07:50:43 [emerg] 1#1: duplicate "log_format" name "json_combined" in /etc/nginx/nginx.conf:41
2026/09/23 07:50:43 [emerg] 1#1: duplicate "log_format" name "json_combined" in /etc/nginx/nginx.conf:41
2026/09/23 07:50:43 [emerg] 1#1: duplicate "log_format" name "json_combined" in /etc/nginx/nginx.conf:41
2026/09/23 07:50:43 [emerg] 1#1: duplicate "log_format" name "json_combined" in /etc/nginx/nginx.conf:41
2026/09/23 07:50:43 [emerg] 1#1: duplicate "log_format" name "json_combined" in /etc/nginx/nginx.conf:41
2026/09/23 07:50:43 [emerg] 1#1: duplicate "log_format" name "json_combined" in /etc/nginx/nginx.conf:41
2026/09/23 07:50:43 [emerg] 1#1: duplicate "log_format" name "json_combined" in /etc/nginx/nginx.conf:41
2026/09/23 07:50:44 [emerg] 1#1: duplicate "log_format" name "json_combined" in /etc/nginx/nginx.conf:41
2026/09/23 07:50:44 [emerg] 1#1: duplicate "log_format" name "json_combined" in /etc/nginx/nginx.conf:41
2026/09/23 07:50:44 [emerg] 1#1: duplicate "log_format" name "json_combined" in /etc/nginx/nginx.conf:41
2026/09/23 07:50:44 [emerg] 1#1: duplicate "log_format" name "json_combined" in /etc/nginx/nginx.conf:41
2026/09/23 07:50:44 [emerg] 1#1: duplicate "log_format" name "json_combined" in /etc/nginx/nginx.conf:41
2026/09/23 07:50:44 [emerg] 1#1: duplicate "log_format" name "json_combined" in /etc/nginx/nginx.conf:41
2026/09/23 07:50:44 [emerg] 1#1: duplicate "log_format" name "json_combined" in /etc/nginx/nginx.conf:41
2026/09/23 07:50:44 [emerg] 1#1: duplicate "log_format" name "json_combined" in /etc/nginx/nginx.conf:41
2026/09/23 07:50:45 [emerg] 1#1: duplicate "log_format" name "json_combined" in /etc/nginx/nginx.conf:41
2026/09/23 07:50:45 [emerg] 1#1: duplicate "log_format" name "json_combined" in /etc/nginx/nginx.conf:41
2026/09/23 07:50:45 [emerg] 1#1: duplicate "log_format" name "json_combined" in /etc/nginx/nginx.conf:41
2026/09/23 07:50:45 [emerg] 1#1: duplicate "log_format" name "json_combined" in /etc/nginx/nginx.conf:41
2026/09/23 07:50:45 [emerg] 1#1: duplicate "log_format" name "json_combined" in /etc/nginx/nginx.conf:41
2026/09/23 07:50:45 [emerg] 1#1: duplicate "log_format" name "json_combined" in /etc/nginx/nginx.conf:41
2026/09/23 07:50:45 [emerg] 1#1: duplicate "log_format" name "json_combined" in /etc/nginx/nginx.conf:41
2026/09/23 07:50:45 [emerg] 1#1: duplicate "log_format" name "json_combined" in /etc/nginx/nginx.conf:41
2026/09/23 07:50:46 [emerg] 1#1: duplicate "log_format" name "json_combined" in /etc/nginx/nginx.conf:41
2026/09/23 07:50:46 [emerg] 1#1: duplicate "log_format" name "json_combined" in /etc/nginx/nginx.conf:41
2026/09/23 07:50:46 [emerg] 1#1: duplicate "log_format" name "json_combined" in /etc/nginx/nginx.conf:41
2026/09/23 07:50:46 [emerg] 1#1: duplicate "log_format" name "json_combined" in /etc/nginx/nginx.conf:41
2026/09/23 07:50:46 [emerg] 1#1: duplicate "log_format" name "json_combined" in /etc/nginx/nginx.conf:41
2026/09/23 07:50:46 [emerg] 1#1: duplicate "log_format" name "json_combined" in /etc/nginx/nginx.conf:41
2026/09/23 07:50:46 [emerg] 1#1: duplicate "log_format" name "json_combined" in /etc/nginx/nginx.conf:41
2026/09/23 07:50:46 [emerg] 1#1: duplicate "log_format" name "json_combined" in /etc/nginx/nginx.conf:41
2026/09/23 07:50:47 [emerg] 1#1: duplicate "log_format" name "json_combined" in /etc/nginx/nginx.conf:41
2026/09/23 07:50:47 [emerg] 1#1: duplicate "log_format" name "json_combined" in /etc/nginx/nginx.conf:41
2026/09/23 07:50:47 [emerg] 1#1: duplicate "log_format" name "json_combined" in /etc/nginx/nginx.conf:41
2026/09/23 07:50:47 [emerg] 1#1: duplicate "log_format" name "json_combined" in /etc/nginx/nginx.conf:41
2026/09/23 07:50:47 [emerg] 1#1: duplicate "log_format" name "json_combined" in /etc/nginx/nginx.conf:41
2026/09/23 07:50:47 [emerg] 1#1: duplicate "log_format" name "json_combined" in /etc/nginx/nginx.conf:41
2026/09/23 07:50:47 [emerg] 1#1: duplicate "log_format" name "json_combined" in /etc/nginx/nginx.conf:41
2026/09/23 07:50:47 [emerg] 1#1: duplicate "log_format" name "json_combined" in /etc/nginx/nginx.conf:41
2026/09/23 07:50:47 [emerg] 1#1: duplicate "log_format" name "json_combined" in /etc/nginx/nginx.conf:41
2026/09/23 07:50:48 [emerg] 1#1: duplicate "log_format" name "json_combined" in /etc/nginx/nginx.conf:41
2026/09/23 07:50:48 [emerg] 1#1: duplicate "log_format" name "json_combined" in /etc/nginx/nginx.conf:41
2026/09/23 07:50:48 [emerg] 1#1: duplicate "log_format" name "json_combined" in /etc/nginx/nginx.conf:41
2026/09/23 07:50:48 [emerg] 1#1: duplicate "log_format" name "json_combined" in /etc/nginx/nginx.conf:41
2026/09/23 07:50:48 [emerg] 1#1: duplicate "log_format" name "json_combined" in /etc/nginx/nginx.conf:41
2026/09/23 07:50:48 [emerg] 1#1: duplicate "log_format" name "json_combined" in /etc/nginx/nginx.conf:41
2026/09/23 07:50:48 [emerg] 1#1: duplicate "log_format" name "json_combined" in /etc/nginx/nginx.conf:41
2026/09/23 07:50:48 [emerg] 1#1: duplicate "log_format" name "json_combined" in /etc/nginx/nginx.conf:41
2026/09/23 07:50:49 [emerg] 1#1: duplicate "log_format" name "json_combined" in /etc/nginx/nginx.conf:41
2026/09/23 07:50:49 [emerg] 1#1: duplicate "log_format" name "json_combined" in /etc/nginx/nginx.conf:41
2026/09/23 07:50:49 [emerg] 1#1: duplicate "log_format" name "json_combined" in /etc/nginx/nginx.conf:41
2026/09/23 07:50:49 [emerg] 1#1: duplicate "log_format" name "json_combined" in /etc/nginx/nginx.conf:41
2026/09/23 07:50:49 [emerg] 1#1: duplicate "log_format" name "json_combined" in /etc/nginx/nginx.conf:41
2026/09/23 07:50:49 [emerg] 1#1: duplicate "log_format" name "json_combined" in /etc/nginx/nginx.conf:41
2026/09/23 07:50:49 [emerg] 1#1: duplicate "log_format" name "json_combined" in /etc/nginx/nginx.conf:41
2026/09/23 07:50:49 [emerg] 1#1: duplicate "log_format" name "json_combined" in /etc/nginx/nginx.conf:41
2026/09/23 07:50:49 [emerg] 1#1: duplicate "log_format" name "json_combined" in /etc/nginx/nginx.conf:41
2026/09/23 07:50:50 [emerg] 1#1: duplicate "log_format" name "json_combined" in /etc/nginx/nginx.conf:41
2026/09/23 07:50:50 [emerg] 1#1: duplicate "log_format" name "json_combined" in /etc/nginx/nginx.conf:41
2026/09/23 07:50:50 [emerg] 1#1: duplicate "log_format" name "json_combined" in /etc/nginx/nginx.conf:41
2026/09/23 07:50:50 [emerg] 1#1: duplicate "log_format" name "json_combined" in /etc/nginx/nginx.conf:41
2026/09/23 07:50:50 [emerg] 1#1: duplicate "log_format" name "json_combined" in /etc/nginx/nginx.conf:41
2026/09/23 07:50:50 [emerg] 1#1: duplicate "log_format" name "json_combined" in /etc/nginx/nginx.conf:41
2026/09/23 07:50:50 [emerg] 1#1: duplicate "log_format" name "json_combined" in /etc/nginx/nginx.conf:41
2026/09/23 07:50:50 [emerg] 1#1: duplicate "log_format" name "json_combined" in /etc/nginx/nginx.conf:41
2026/09/23 07:50:51 [emerg] 1#1: duplicate "log_format" name "json_combined" in /etc/nginx/nginx.conf:41
2026/09/23 07:50:51 [emerg] 1#1: duplicate "log_format" name "json_combined" in /etc/nginx/nginx.conf:41
2026/09/23 07:50:51 [emerg] 1#1: duplicate "log_format" name "json_combined" in /etc/nginx/nginx.conf:41
2026/09/23 07:50:51 [emerg] 1#1: duplicate "log_format" name "json_combined" in /etc/nginx/nginx.conf:41
2026/09/23 07:50:51 [emerg] 1#1: duplicate "log_format" name "json_combined" in /etc/nginx/nginx.conf:41
2026/09/23 07:50:51 [emerg] 1#1: duplicate "log_format" name "json_combined" in /etc/nginx/nginx.conf:41
2026/09/23 07:50:51 [emerg] 1#1: duplicate "log_format" name "json_combined" in /etc/nginx/nginx.conf:41
2026/09/23 07:50:51 [emerg] 1#1: duplicate "log_format" name "json_combined" in /etc/nginx/nginx.conf:41
2026/09/23 07:50:51 [emerg] 1#1: duplicate "log_format" name "json_combined" in /etc/nginx/nginx.conf:41
2026/09/23 07:50:52 [emerg] 1#1: duplicate "log_format" name "json_combined" in /etc/nginx/nginx.conf:41
2026/09/23 07:50:52 [emerg] 1#1: duplicate "log_format" name "json_combined" in /etc/nginx/nginx.conf:41
2026/09/23 07:50:52 [emerg] 1#1: duplicate "log_format" name "json_combined" in /etc/nginx/nginx.conf:41
2026/09/23 07:50:52 [emerg] 1#1: duplicate "log_format" name "json_combined" in /etc/nginx/nginx.conf:41
2026/09/23 07:50:52 [emerg] 1#1: duplicate "log_format" name "json_combined" in /etc/nginx/nginx.conf:41
2026/09/23 07:50:52 [emerg] 1#1: duplicate "log_format" name "json_combined" in /etc/nginx/nginx.conf:41
2026/09/23 07:50:52 [emerg] 1#1: duplicate "log_format" name "json_combined" in /etc/nginx/nginx.conf:41
2026/09/23 07:50:52 [emerg] 1#1: duplicate "log_format" name "json_combined" in /etc/nginx/nginx.conf:41
2026/09/23 07:50:53 [emerg] 1#1: duplicate "log_format" name "json_combined" in /etc/nginx/nginx.conf:41
2026/09/23 07:50:53 [emerg] 1#1: duplicate "log_format" name "json_combined" in /etc/nginx/nginx.conf:41
2026/09/23 07:50:53 [emerg] 1#1: duplicate "log_format" name "json_combined" in /etc/nginx/nginx.conf:41
2026/09/23 07:50:53 [emerg] 1#1: duplicate "log_format" name "json_combined" in /etc/nginx/nginx.conf:41
2026/09/23 07:50:53 [emerg] 1#1: duplicate "log_format" name "json_combined" in /etc/nginx/nginx.conf:41
2026/09/23 07:50:53 [emerg] 1#1: duplicate "log_format" name "json_combined" in /etc/nginx/nginx.conf:41
2026/09/23 07:50:53 [emerg] 1#1: duplicate "log_format" name "json_combined" in /etc/nginx/nginx.conf:41
2026/09/23 07:50:54 [emerg] 1#1: duplicate "log_format" name "json_combined" in /etc/nginx/nginx.conf:41
2026/09/23 07:50:54 [emerg] 1#1: duplicate "log_format" name "json_combined" in /etc/nginx/nginx.conf:41
2026/09/23 07:50:54 [emerg] 1#1: duplicate "log_format" name "json_combined" in /etc/nginx/nginx.conf:41
2026/09/23 07:50:54 [emerg] 1#1: duplicate "log_format" name "json_combined" in /etc/nginx/nginx.conf:41
2026/09/23 07:50:54 [emerg] 1#1: duplicate "log_format" name "json_combined" in /etc/nginx/nginx.conf:41
2026/09/23 07:50:54 [emerg] 1#1: duplicate "log_format" name "json_combined" in /etc/nginx/nginx.conf:41
2026/09/23 07:50:54 [emerg] 1#1: duplicate "log_format" name "json_combined" in /etc/nginx/nginx.conf:41
2026/09/23 07:50:54 [emerg] 1#1: duplicate "log_format" name "json_combined" in /etc/nginx/nginx.conf:41
2026/09/23 07:50:55 [emerg] 1#1: duplicate "log_format" name "json_combined" in /etc/nginx/nginx.conf:41
2026/09/23 07:50:55 [emerg] 1#1: duplicate "log_format" name "json_combined" in /etc/nginx/nginx.conf:41
2026/09/23 07:50:55 [emerg] 1#1: duplicate "log_format" name "json_combined" in /etc/nginx/nginx.conf:41
2026/09/23 07:50:55 [emerg] 1#1: duplicate "log_format" name "json_combined" in /etc/nginx/nginx.conf:41
2026/09/23 07:50:55 [emerg] 1#1: duplicate "log_format" name "json_combined" in /etc/nginx/nginx.conf:41
2026/09/23 07:50:55 [emerg] 1#1: duplicate "log_format" name "json_combined" in /etc/nginx/nginx.conf:41
2026/09/23 07:50:55 [emerg] 1#1: duplicate "log_format" name "json_combined" in /etc/nginx/nginx.conf:41
2026/09/23 07:50:55 [emerg] 1#1: duplicate "log_format" name "json_combined" in /etc/nginx/nginx.conf:41
2026/09/23 07:50:56 [emerg] 1#1: duplicate "log_format" name "json_combined" in /etc/nginx/nginx.conf:41
2026/09/23 07:50:56 [emerg] 1#1: duplicate "log_format" name "json_combined" in /etc/nginx/nginx.conf:41
2026/09/23 07:50:56 [emerg] 1#1: duplicate "log_format" name "json_combined" in /etc/nginx/nginx.conf:41
2026/09/23 07:50:56 [emerg] 1#1: duplicate "log_format" name "json_combined" in /etc/nginx/nginx.conf:41
2026/09/23 07:50:56 [emerg] 1#1: duplicate "log_format" name "json_combined" in /etc/nginx/nginx.conf:41
2026/09/23 07:50:56 [emerg] 1#1: duplicate "log_format" name "json_combined" in /etc/nginx/nginx.conf:41
2026/09/23 07:50:56 [emerg] 1#1: duplicate "log_format" name "json_combined" in /etc/nginx/nginx.conf:41
2026/09/23 07:50:56 [emerg] 1#1: duplicate "log_format" name "json_combined" in /etc/nginx/nginx.conf:41
2026/09/23 07:50:57 [emerg] 1#1: duplicate "log_format" name "json_combined" in /etc/nginx/nginx.conf:41
2026/09/23 07:50:57 [emerg] 1#1: duplicate "log_format" name "json_combined" in /etc/nginx/nginx.conf:41
2026/09/23 07:50:57 [emerg] 1#1: duplicate "log_format" name "json_combined" in /etc/nginx/nginx.conf:41
2026/09/23 07:50:57 [emerg] 1#1: duplicate "log_format" name "json_combined" in /etc/nginx/nginx.conf:41
2026/09/23 07:50:57 [emerg] 1#1: duplicate "log_format" name "json_combined" in /etc/nginx/nginx.conf:41
2026/09/23 07:50:57 [emerg] 1#1: duplicate "log_format" name "json_combined" in /etc/nginx/nginx.conf:41
2026/09/23 07:50:57 [emerg] 1#1: duplicate "log_format" name "json_combined" in /etc/nginx/nginx.conf:41
2026/09/23 07:50:57 [emerg] 1#1: duplicate "log_format" name "json_combined" in /etc/nginx/nginx.conf:41
2026/09/23 07:50:57 [emerg] 1#1: duplicate "log_format" name "json_combined" in /etc/nginx/nginx.conf:41
2026/09/23 07:50:58 [emerg] 1#1: duplicate "log_format" name "json_combined" in /etc/nginx/nginx.conf:41
2026/09/23 07:50:58 [emerg] 1#1: duplicate "log_format" name "json_combined" in /etc/nginx/nginx.conf:41
2026/09/23 07:50:58 [emerg] 1#1: duplicate "log_format" name "json_combined" in /etc/nginx/nginx.conf:41
2026/09/23 07:50:58 [emerg] 1#1: duplicate "log_format" name "json_combined" in /etc/nginx/nginx.conf:41
2026/09/23 07:50:58 [emerg] 1#1: duplicate "log_format" name "json_combined" in /etc/nginx/nginx.conf:41
2026/09/23 07:50:58 [emerg] 1#1: duplicate "log_format" name "json_combined" in /etc/nginx/nginx.conf:41
2026/09/23 07:50:58 [emerg] 1#1: duplicate "log_format" name "json_combined" in /etc/nginx/nginx.conf:41
2026/09/23 07:50:58 [emerg] 1#1: duplicate "log_format" name "json_combined" in /etc/nginx/nginx.conf:41
2026/09/23 07:50:59 [emerg] 1#1: duplicate "log_format" name "json_combined" in /etc/nginx/nginx.conf:41
2026/09/23 07:50:59 [emerg] 1#1: duplicate "log_format" name "json_combined" in /etc/nginx/nginx.conf:41
2026/09/23 07:50:59 [emerg] 1#1: duplicate "log_format" name "json_combined" in /etc/nginx/nginx.conf:41
2026/09/23 07:50:59 [emerg] 1#1: duplicate "log_format" name "json_combined" in /etc/nginx/nginx.conf:41
2026/09/23 07:50:59 [emerg] 1#1: duplicate "log_format" name "json_combined" in /etc/nginx/nginx.conf:41
2026/09/23 07:50:59 [emerg] 1#1: duplicate "log_format" name "json_combined" in /etc/nginx/nginx.conf:41
2026/09/23 07:50:59 [emerg] 1#1: duplicate "log_format" name "json_combined" in /etc/nginx/nginx.conf:41
2026/09/23 07:51:00 [emerg] 1#1: duplicate "log_format" name "json_combined" in /etc/nginx/nginx.conf:41
2026/09/23 07:51:00 [emerg] 1#1: duplicate "log_format" name "json_combined" in /etc/nginx/nginx.conf:41
2026/09/23 07:51:00 [emerg] 1#1: duplicate "log_format" name "json_combined" in /etc/nginx/nginx.conf:41
2026/09/23 07:51:00 [emerg] 1#1: duplicate "log_format" name "json_combined" in /etc/nginx/nginx.conf:41
2026/09/23 07:51:00 [emerg] 1#1: duplicate "log_format" name "json_combined" in /etc/nginx/nginx.conf:41
2026/09/23 07:51:00 [emerg] 1#1: duplicate "log_format" name "json_combined" in /etc/nginx/nginx.conf:41
2026/09/23 07:51:00 [emerg] 1#1: duplicate "log_format" name "json_combined" in /etc/nginx/nginx.conf:41
2026/09/23 07:51:00 [emerg] 1#1: duplicate "log_format" name "json_combined" in /etc/nginx/nginx.conf:41
2026/09/23 07:51:01 [emerg] 1#1: duplicate "log_format" name "json_combined" in /etc/nginx/nginx.conf:41
2026/09/23 07:51:01 [emerg] 1#1: duplicate "log_format" name "json_combined" in /etc/nginx/nginx.conf:41
2026/09/23 07:51:01 [emerg] 1#1: duplicate "log_format" name "json_combined" in /etc/nginx/nginx.conf:41
2026/09/23 07:51:01 [emerg] 1#1: duplicate "log_format" name "json_combined" in /etc/nginx/nginx.conf:41
2026/09/23 07:51:01 [emerg] 1#1: duplicate "log_format" name "json_combined" in /etc/nginx/nginx.conf:41
2026/09/23 07:51:01 [emerg] 1#1: duplicate "log_format" name "json_combined" in /etc/nginx/nginx.conf:41
2026/09/23 07:51:01 [emerg] 1#1: duplicate "log_format" name "json_combined" in /etc/nginx/nginx.conf:41
2026/09/23 07:51:01 [emerg] 1#1: duplicate "log_format" name "json_combined" in /etc/nginx/nginx.conf:41
2026/09/23 07:51:02 [emerg] 1#1: duplicate "log_format" name "json_combined" in /etc/nginx/nginx.conf:41
2026/09/23 07:51:02 [emerg] 1#1: duplicate "log_format" name "json_combined" in /etc/nginx/nginx.conf:41
2026/09/23 07:51:02 [emerg] 1#1: duplicate "log_format" name "json_combined" in /etc/nginx/nginx.conf:41
2026/09/23 07:51:02 [emerg] 1#1: duplicate "log_format" name "json_combined" in /etc/nginx/nginx.conf:41
2026/09/23 07:51:02 [emerg] 1#1: duplicate "log_format" name "json_combined" in /etc/nginx/nginx.conf:41
2026/09/23 07:51:02 [emerg] 1#1: duplicate "log_format" name "json_combined" in /etc/nginx/nginx.conf:41
2026/09/23 07:51:02 [emerg] 1#1: duplicate "log_format" name "json_combined" in /etc/nginx/nginx.conf:41
2026/09/23 07:51:02 [emerg] 1#1: duplicate "log_format" name "json_combined" in /etc/nginx/nginx.conf:41
2026/09/23 07:51:03 [emerg] 1#1: duplicate "log_format" name "json_combined" in /etc/nginx/nginx.conf:41
2026/09/23 07:51:03 [emerg] 1#1: duplicate "log_format" name "json_combined" in /etc/nginx/nginx.conf:41
2026/09/23 07:51:03 [emerg] 1#1: duplicate "log_format" name "json_combined" in /etc/nginx/nginx.conf:41
2026/09/23 07:51:03 [emerg] 1#1: duplicate "log_format" name "json_combined" in /etc/nginx/nginx.conf:41
2026/09/23 07:51:03 [emerg] 1#1: duplicate "log_format" name "json_combined" in /etc/nginx/nginx.conf:41
2026/09/23 07:51:03 [emerg] 1#1: duplicate "log_format" name "json_combined" in /etc/nginx/nginx.conf:41
2026/09/23 07:51:03 [emerg] 1#1: duplicate "log_format" name "json_combined" in /etc/nginx/nginx.conf:41
2026/09/23 07:51:03 [emerg] 1#1: duplicate "log_format" name "json_combined" in /etc/nginx/nginx.conf:41
2026/09/23 07:51:04 [emerg] 1#1: duplicate "log_format" name "json_combined" in /etc/nginx/nginx.conf:41
2026/09/23 07:51:04 [emerg] 1#1: duplicate "log_format" name "json_combined" in /etc/nginx/nginx.conf:41
2026/09/23 07:51:04 [emerg] 1#1: duplicate "log_format" name "json_combined" in /etc/nginx/nginx.conf:41
2026/09/23 07:51:04 [emerg] 1#1: duplicate "log_format" name "json_combined" in /etc/nginx/nginx.conf:41
2026/09/23 07:51:04 [emerg] 1#1: duplicate "log_format" name "json_combined" in /etc/nginx/nginx.conf:41
2026/09/23 07:51:04 [emerg] 1#1: duplicate "log_format" name "json_combined" in /etc/nginx/nginx.conf:41
2026/09/23 07:51:04 [emerg] 1#1: duplicate "log_format" name "json_combined" in /etc/nginx/nginx.conf:41
2026/09/23 07:51:04 [emerg] 1#1: duplicate "log_format" name "json_combined" in /etc/nginx/nginx.conf:41
2026/09/23 07:51:05 [emerg] 1#1: duplicate "log_format" name "json_combined" in /etc/nginx/nginx.conf:41
2026/09/23 07:51:05 [emerg] 1#1: duplicate "log_format" name "json_combined" in /etc/nginx/nginx.conf:41
2026/09/23 07:51:05 [emerg] 1#1: duplicate "log_format" name "json_combined" in /etc/nginx/nginx.conf:41
2026/09/23 07:51:05 [emerg] 1#1: duplicate "log_format" name "json_combined" in /etc/nginx/nginx.conf:41
2026/09/23 07:51:05 [emerg] 1#1: duplicate "log_format" name "json_combined" in /etc/nginx/nginx.conf:41
2026/09/23 07:51:05 [emerg] 1#1: duplicate "log_format" name "json_combined" in /etc/nginx/nginx.conf:41
2026/09/23 07:51:05 [emerg] 1#1: duplicate "log_format" name "json_combined" in /etc/nginx/nginx.conf:41
2026/09/23 07:51:05 [emerg] 1#1: duplicate "log_format" name "json_combined" in /etc/nginx/nginx.conf:41
2026/09/23 07:51:05 [emerg] 1#1: duplicate "log_format" name "json_combined" in /etc/nginx/nginx.conf:41
2026/09/23 07:51:06 [emerg] 1#1: duplicate "log_format" name "json_combined" in /etc/nginx/nginx.conf:41
2026/09/23 07:51:06 [emerg] 1#1: duplicate "log_format" name "json_combined" in /etc/nginx/nginx.conf:41
2026/09/23 07:51:06 [emerg] 1#1: duplicate "log_format" name "json_combined" in /etc/nginx/nginx.conf:41
2026/09/23 07:51:06 [emerg] 1#1: duplicate "log_format" name "json_combined" in /etc/nginx/nginx.conf:41
2026/09/23 07:51:06 [emerg] 1#1: duplicate "log_format" name "json_combined" in /etc/nginx/nginx.conf:41
2026/09/23 07:51:06 [emerg] 1#1: duplicate "log_format" name "json_combined" in /etc/nginx/nginx.conf:41
2026/09/23 07:51:06 [emerg] 1#1: duplicate "log_format" name "json_combined" in /etc/nginx/nginx.conf:41
2026/09/23 07:51:06 [emerg] 1#1: duplicate "log_format" name "json_combined" in /etc/nginx/nginx.conf:41
2026/09/23 07:51:07 [emerg] 1#1: duplicate "log_format" name "json_combined" in /etc/nginx/nginx.conf:41
2026/09/23 07:51:07 [emerg] 1#1: duplicate "log_format" name "json_combined" in /etc/nginx/nginx.conf:41
2026/09/23 07:51:07 [emerg] 1#1: duplicate "log_format" name "json_combined" in /etc/nginx/nginx.conf:41
2026/09/23 07:51:07 [emerg] 1#1: duplicate "log_format" name "json_combined" in /etc/nginx/nginx.conf:41
2026/09/23 07:51:07 [emerg] 1#1: duplicate "log_format" name "json_combined" in /etc/nginx/nginx.conf:41
2026/09/23 07:51:07 [emerg] 1#1: duplicate "log_format" name "json_combined" in /etc/nginx/nginx.conf:41
2026/09/23 07:51:07 [emerg] 1#1: duplicate "log_format" name "json_combined" in /etc/nginx/nginx.conf:41
2026/09/23 07:51:07 [emerg] 1#1: duplicate "log_format" name "json_combined" in /etc/nginx/nginx.conf:41
2026/09/23 07:51:08 [emerg] 1#1: duplicate "log_format" name "json_combined" in /etc/nginx/nginx.conf:41
2026/09/23 07:51:08 [emerg] 1#1: duplicate "log_format" name "json_combined" in /etc/nginx/nginx.conf:41
2026/09/23 07:51:08 [emerg] 1#1: duplicate "log_format" name "json_combined" in /etc/nginx/nginx.conf:41
2026/09/23 07:51:08 [emerg] 1#1: duplicate "log_format" name "json_combined" in /etc/nginx/nginx.conf:41
2026/09/23 07:51:08 [emerg] 1#1: duplicate "log_format" name "json_combined" in /etc/nginx/nginx.conf:41
2026/09/23 07:51:08 [emerg] 1#1: duplicate "log_format" name "json_combined" in /etc/nginx/nginx.conf:41
2026/09/23 07:51:08 [emerg] 1#1: duplicate "log_format" name "json_combined" in /etc/nginx/nginx.conf:41
2026/09/23 07:51:08 [emerg] 1#1: duplicate "log_format" name "json_combined" in /etc/nginx/nginx.conf:41
2026/09/23 07:51:09 [emerg] 1#1: duplicate "log_format" name "json_combined" in /etc/nginx/nginx.conf:41
2026/09/23 07:51:09 [emerg] 1#1: duplicate "log_format" name "json_combined" in /etc/nginx/nginx.conf:41
2026/09/23 07:51:09 [emerg] 1#1: duplicate "log_format" name "json_combined" in /etc/nginx/nginx.conf:41
2026/09/23 07:51:09 [emerg] 1#1: duplicate "log_format" name "json_combined" in /etc/nginx/nginx.conf:41
2026/09/23 07:51:09 [emerg] 1#1: duplicate "log_format" name "json_combined" in /etc/nginx/nginx.conf:41
2026/09/23 07:51:09 [emerg] 1#1: duplicate "log_format" name "json_combined" in /etc/nginx/nginx.conf:41
2026/09/23 07:51:09 [emerg] 1#1: duplicate "log_format" name "json_combined" in /etc/nginx/nginx.conf:41
2026/09/23 07:51:09 [emerg] 1#1: duplicate "log_format" name "json_combined" in /etc/nginx/nginx.conf:41
2026/09/23 07:51:09 [emerg] 1#1: duplicate "log_format" name "json_combined" in /etc/nginx/nginx.conf:41
2026/09/23 07:51:10 [emerg] 1#1: duplicate "log_format" name "json_combined" in /etc/nginx/nginx.conf:41
2026/09/23 07:51:10 [emerg] 1#1: duplicate "log_format" name "json_combined" in /etc/nginx/nginx.conf:41
2026/09/23 07:51:10 [emerg] 1#1: duplicate "log_format" name "json_combined" in /etc/nginx/nginx.conf:41
2026/09/23 07:51:10 [emerg] 1#1: duplicate "log_format" name "json_combined" in /etc/nginx/nginx.conf:41
2026/09/23 07:51:10 [emerg] 1#1: duplicate "log_format" name "json_combined" in /etc/nginx/nginx.conf:41
2026/09/23 07:51:10 [emerg] 1#1: duplicate "log_format" name "json_combined" in /etc/nginx/nginx.conf:41
2026/09/23 07:51:10 [emerg] 1#1: duplicate "log_format" name "json_combined" in /etc/nginx/nginx.conf:41
2026/09/23 07:51:11 [emerg] 1#1: duplicate "log_format" name "json_combined" in /etc/nginx/nginx.conf:41
2026/09/23 07:51:11 [emerg] 1#1: duplicate "log_format" name "json_combined" in /etc/nginx/nginx.conf:41
2026/09/23 07:51:11 [emerg] 1#1: duplicate "log_format" name "json_combined" in /etc/nginx/nginx.conf:41
2026/09/23 07:51:11 [emerg] 1#1: duplicate "log_format" name "json_combined" in /etc/nginx/nginx.conf:41
2026/09/23 07:51:11 [emerg] 1#1: duplicate "log_format" name "json_combined" in /etc/nginx/nginx.conf:41
2026/09/23 07:51:11 [emerg] 1#1: duplicate "log_format" name "json_combined" in /etc/nginx/nginx.conf:41
2026/09/23 07:51:11 [emerg] 1#1: duplicate "log_format" name "json_combined" in /etc/nginx/nginx.conf:41
2026/09/23 07:51:11 [emerg] 1#1: duplicate "log_format" name "json_combined" in /etc/nginx/nginx.conf:41
2026/09/23 07:51:12 [emerg] 1#1: duplicate "log_format" name "json_combined" in /etc/nginx/nginx.conf:41
2026/09/23 07:51:12 [emerg] 1#1: duplicate "log_format" name "json_combined" in /etc/nginx/nginx.conf:41
2026/09/23 07:51:12 [emerg] 1#1: duplicate "log_format" name "json_combined" in /etc/nginx/nginx.conf:41
2026/09/23 07:51:12 [emerg] 1#1: duplicate "log_format" name "json_combined" in /etc/nginx/nginx.conf:41
2026/09/23 07:51:12 [emerg] 1#1: duplicate "log_format" name "json_combined" in /etc/nginx/nginx.conf:41
2026/09/23 07:51:12 [emerg] 1#1: duplicate "log_format" name "json_combined" in /etc/nginx/nginx.conf:41
2026/09/23 07:51:12 [emerg] 1#1: duplicate "log_format" name "json_combined" in /etc/nginx/nginx.conf:41
2026/09/23 07:51:12 [emerg] 1#1: duplicate "log_format" name "json_combined" in /etc/nginx/nginx.conf:41
2026/09/23 07:51:13 [emerg] 1#1: duplicate "log_format" name "json_combined" in /etc/nginx/nginx.conf:41
2026/09/23 07:51:13 [emerg] 1#1: duplicate "log_format" name "json_combined" in /etc/nginx/nginx.conf:41
2026/09/23 07:51:13 [emerg] 1#1: duplicate "log_format" name "json_combined" in /etc/nginx/nginx.conf:41
2026/09/23 07:51:13 [emerg] 1#1: duplicate "log_format" name "json_combined" in /etc/nginx/nginx.conf:41
2026/09/23 07:51:13 [emerg] 1#1: duplicate "log_format" name "json_combined" in /etc/nginx/nginx.conf:41
2026/09/23 07:51:13 [emerg] 1#1: duplicate "log_format" name "json_combined" in /etc/nginx/nginx.conf:41
2026/09/23 07:51:13 [emerg] 1#1: duplicate "log_format" name "json_combined" in /etc/nginx/nginx.conf:41
2026/09/23 07:51:14 [emerg] 1#1: duplicate "log_format" name "json_combined" in /etc/nginx/nginx.conf:41
2026/09/23 07:51:14 [emerg] 1#1: duplicate "log_format" name "json_combined" in /etc/nginx/nginx.conf:41
2026/09/23 07:51:14 [emerg] 1#1: duplicate "log_format" name "json_combined" in /etc/nginx/nginx.conf:41
2026/09/23 07:51:14 [emerg] 1#1: duplicate "log_format" name "json_combined" in /etc/nginx/nginx.conf:41
2026/09/23 07:51:14 [emerg] 1#1: duplicate "log_format" name "json_combined" in /etc/nginx/nginx.conf:41
2026/09/23 07:51:14 [emerg] 1#1: duplicate "log_format" name "json_combined" in /etc/nginx/nginx.conf:41
2026/09/23 07:51:14 [emerg] 1#1: duplicate "log_format" name "json_combined" in /etc/nginx/nginx.conf:41
2026/09/23 07:51:14 [emerg] 1#1: duplicate "log_format" name "json_combined" in /etc/nginx/nginx.conf:41
2026/09/23 07:51:15 [emerg] 1#1: duplicate "log_format" name "json_combined" in /etc/nginx/nginx.conf:41
2026/09/23 07:51:15 [emerg] 1#1: duplicate "log_format" name "json_combined" in /etc/nginx/nginx.conf:41
2026/09/23 07:51:15 [emerg] 1#1: duplicate "log_format" name "json_combined" in /etc/nginx/nginx.conf:41
2026/09/23 07:51:15 [emerg] 1#1: duplicate "log_format" name "json_combined" in /etc/nginx/nginx.conf:41
2026/09/23 07:51:15 [emerg] 1#1: duplicate "log_format" name "json_combined" in /etc/nginx/nginx.conf:41
2026/09/23 07:51:15 [emerg] 1#1: duplicate "log_format" name "json_combined" in /etc/nginx/nginx.conf:41
2026/09/23 07:51:15 [emerg] 1#1: duplicate "log_format" name "json_combined" in /etc/nginx/nginx.conf:41
2026/09/23 07:51:15 [emerg] 1#1: duplicate "log_format" name "json_combined" in /etc/nginx/nginx.conf:41
2026/09/23 07:51:16 [emerg] 1#1: duplicate "log_format" name "json_combined" in /etc/nginx/nginx.conf:41
2026/09/23 07:51:16 [emerg] 1#1: duplicate "log_format" name "json_combined" in /etc/nginx/nginx.conf:41
2026/09/23 07:51:16 [emerg] 1#1: duplicate "log_format" name "json_combined" in /etc/nginx/nginx.conf:41
2026/09/23 07:51:16 [emerg] 1#1: duplicate "log_format" name "json_combined" in /etc/nginx/nginx.conf:41
2026/09/23 07:51:16 [emerg] 1#1: duplicate "log_format" name "json_combined" in /etc/nginx/nginx.conf:41
2026/09/23 07:51:16 [emerg] 1#1: duplicate "log_format" name "json_combined" in /etc/nginx/nginx.conf:41
2026/09/23 07:51:16 [emerg] 1#1: duplicate "log_format" name "json_combined" in /etc/nginx/nginx.conf:41
2026/09/23 07:51:16 [emerg] 1#1: duplicate "log_format" name "json_combined" in /etc/nginx/nginx.conf:41
2026/09/23 07:51:17 [emerg] 1#1: duplicate "log_format" name "json_combined" in /etc/nginx/nginx.conf:41
2026/09/23 07:51:17 [emerg] 1#1: duplicate "log_format" name "json_combined" in /etc/nginx/nginx.conf:41
2026/09/23 07:51:17 [emerg] 1#1: duplicate "log_format" name "json_combined" in /etc/nginx/nginx.conf:41
2026/09/23 07:51:17 [emerg] 1#1: duplicate "log_format" name "json_combined" in /etc/nginx/nginx.conf:41
2026/09/23 07:51:17 [emerg] 1#1: duplicate "log_format" name "json_combined" in /etc/nginx/nginx.conf:41
2026/09/23 07:51:17 [emerg] 1#1: duplicate "log_format" name "json_combined" in /etc/nginx/nginx.conf:41
2026/09/23 07:51:17 [emerg] 1#1: duplicate "log_format" name "json_combined" in /etc/nginx/nginx.conf:41
2026/09/23 07:51:17 [emerg] 1#1: duplicate "log_format" name "json_combined" in /etc/nginx/nginx.conf:41
2026/09/23 07:51:17 [emerg] 1#1: duplicate "log_format" name "json_combined" in /etc/nginx/nginx.conf:41
2026/09/23 07:51:18 [emerg] 1#1: duplicate "log_format" name "json_combined" in /etc/nginx/nginx.conf:41
2026/09/23 07:51:18 [emerg] 1#1: duplicate "log_format" name "json_combined" in /etc/nginx/nginx.conf:41
2026/09/23 07:51:18 [emerg] 1#1: duplicate "log_format" name "json_combined" in /etc/nginx/nginx.conf:41
2026/09/23 07:51:18 [emerg] 1#1: duplicate "log_format" name "json_combined" in /etc/nginx/nginx.conf:41
2026/09/23 07:51:18 [emerg] 1#1: duplicate "log_format" name "json_combined" in /etc/nginx/nginx.conf:41
2026/09/23 07:51:18 [emerg] 1#1: duplicate "log_format" name "json_combined" in /etc/nginx/nginx.conf:41
2026/09/23 07:51:18 [emerg] 1#1: duplicate "log_format" name "json_combined" in /etc/nginx/nginx.conf:41
2026/09/23 07:51:18 [emerg] 1#1: duplicate "log_format" name "json_combined" in /etc/nginx/nginx.conf:41
2026/09/23 07:51:19 [emerg] 1#1: duplicate "log_format" name "json_combined" in /etc/nginx/nginx.conf:41
2026/09/23 07:51:19 [emerg] 1#1: duplicate "log_format" name "json_combined" in /etc/nginx/nginx.conf:41
2026/09/23 07:51:19 [emerg] 1#1: duplicate "log_format" name "json_combined" in /etc/nginx/nginx.conf:41
2026/09/23 07:51:19 [emerg] 1#1: duplicate "log_format" name "json_combined" in /etc/nginx/nginx.conf:41
2026/09/23 07:51:19 [emerg] 1#1: duplicate "log_format" name "json_combined" in /etc/nginx/nginx.conf:41
2026/09/23 07:51:19 [emerg] 1#1: duplicate "log_format" name "json_combined" in /etc/nginx/nginx.conf:41
2026/09/23 07:51:19 [emerg] 1#1: duplicate "log_format" name "json_combined" in /etc/nginx/nginx.conf:41
2026/09/23 07:51:19 [emerg] 1#1: duplicate "log_format" name "json_combined" in /etc/nginx/nginx.conf:41
2026/09/23 07:51:20 [emerg] 1#1: duplicate "log_format" name "json_combined" in /etc/nginx/nginx.conf:41
2026/09/23 07:51:20 [emerg] 1#1: duplicate "log_format" name "json_combined" in /etc/nginx/nginx.conf:41
2026/09/23 07:51:20 [emerg] 1#1: duplicate "log_format" name "json_combined" in /etc/nginx/nginx.conf:41
2026/09/23 07:51:20 [emerg] 1#1: duplicate "log_format" name "json_combined" in /etc/nginx/nginx.conf:41
2026/09/23 07:51:20 [emerg] 1#1: duplicate "log_format" name "json_combined" in /etc/nginx/nginx.conf:41
2026/09/23 07:51:20 [emerg] 1#1: duplicate "log_format" name "json_combined" in /etc/nginx/nginx.conf:41
2026/09/23 07:51:20 [emerg] 1#1: duplicate "log_format" name "json_combined" in /etc/nginx/nginx.conf:41
2026/09/23 07:51:20 [emerg] 1#1: duplicate "log_format" name "json_combined" in /etc/nginx/nginx.conf:41
2026/09/23 07:51:21 [emerg] 1#1: duplicate "log_format" name "json_combined" in /etc/nginx/nginx.conf:41
2026/09/23 07:51:21 [emerg] 1#1: duplicate "log_format" name "json_combined" in /etc/nginx/nginx.conf:41
2026/09/23 07:51:21 [emerg] 1#1: duplicate "log_format" name "json_combined" in /etc/nginx/nginx.conf:41
2026/09/23 07:51:21 [emerg] 1#1: duplicate "log_format" name "json_combined" in /etc/nginx/nginx.conf:41
2026/09/23 07:51:21 [emerg] 1#1: duplicate "log_format" name "json_combined" in /etc/nginx/nginx.conf:41
2026/09/23 07:51:21 [emerg] 1#1: duplicate "log_format" name "json_combined" in /etc/nginx/nginx.conf:41
2026/09/23 07:51:21 [emerg] 1#1: duplicate "log_format" name "json_combined" in /etc/nginx/nginx.conf:41
2026/09/23 07:51:21 [emerg] 1#1: duplicate "log_format" name "json_combined" in /etc/nginx/nginx.conf:41
2026/09/23 07:51:21 [emerg] 1#1: duplicate "log_format" name "json_combined" in /etc/nginx/nginx.conf:41
2026/09/23 07:51:22 [emerg] 1#1: duplicate "log_format" name "json_combined" in /etc/nginx/nginx.conf:41
2026/09/23 07:51:22 [emerg] 1#1: duplicate "log_format" name "json_combined" in /etc/nginx/nginx.conf:41
2026/09/23 07:51:22 [emerg] 1#1: duplicate "log_format" name "json_combined" in /etc/nginx/nginx.conf:41
2026/09/23 07:51:22 [emerg] 1#1: duplicate "log_format" name "json_combined" in /etc/nginx/nginx.conf:41
2026/09/23 07:51:22 [emerg] 1#1: duplicate "log_format" name "json_combined" in /etc/nginx/nginx.conf:41
2026/09/23 07:51:22 [emerg] 1#1: duplicate "log_format" name "json_combined" in /etc/nginx/nginx.conf:41
2026/09/23 07:51:22 [emerg] 1#1: duplicate "log_format" name "json_combined" in /etc/nginx/nginx.conf:41
2026/09/23 07:51:22 [emerg] 1#1: duplicate "log_format" name "json_combined" in /etc/nginx/nginx.conf:41
2026/09/23 07:51:23 [emerg] 1#1: duplicate "log_format" name "json_combined" in /etc/nginx/nginx.conf:41
2026/09/23 07:51:23 [emerg] 1#1: duplicate "log_format" name "json_combined" in /etc/nginx/nginx.conf:41
2026/09/23 07:51:23 [emerg] 1#1: duplicate "log_format" name "json_combined" in /etc/nginx/nginx.conf:41
2026/09/23 07:51:23 [emerg] 1#1: duplicate "log_format" name "json_combined" in /etc/nginx/nginx.conf:41
2026/09/23 07:51:23 [emerg] 1#1: duplicate "log_format" name "json_combined" in /etc/nginx/nginx.conf:41
2026/09/23 07:51:23 [emerg] 1#1: duplicate "log_format" name "json_combined" in /etc/nginx/nginx.conf:41
2026/09/23 07:51:23 [emerg] 1#1: duplicate "log_format" name "json_combined" in /etc/nginx/nginx.conf:41
2026/09/23 07:51:23 [emerg] 1#1: duplicate "log_format" name "json_combined" in /etc/nginx/nginx.conf:41
2026/09/23 07:51:24 [emerg] 1#1: duplicate "log_format" name "json_combined" in /etc/nginx/nginx.conf:41
2026/09/23 07:51:24 [emerg] 1#1: duplicate "log_format" name "json_combined" in /etc/nginx/nginx.conf:41
2026/09/23 07:51:24 [emerg] 1#1: duplicate "log_format" name "json_combined" in /etc/nginx/nginx.conf:41
2026/09/23 07:51:24 [emerg] 1#1: duplicate "log_format" name "json_combined" in /etc/nginx/nginx.conf:41
2026/09/23 07:51:24 [emerg] 1#1: duplicate "log_format" name "json_combined" in /etc/nginx/nginx.conf:41
2026/09/23 07:51:24 [emerg] 1#1: duplicate "log_format" name "json_combined" in /etc/nginx/nginx.conf:41
2026/09/23 07:51:24 [emerg] 1#1: duplicate "log_format" name "json_combined" in /etc/nginx/nginx.conf:41
2026/09/23 07:51:24 [emerg] 1#1: duplicate "log_format" name "json_combined" in /etc/nginx/nginx.conf:41
2026/09/23 07:51:25 [emerg] 1#1: duplicate "log_format" name "json_combined" in /etc/nginx/nginx.conf:41
2026/09/23 07:51:25 [emerg] 1#1: duplicate "log_format" name "json_combined" in /etc/nginx/nginx.conf:41
2026/09/23 07:51:25 [emerg] 1#1: duplicate "log_format" name "json_combined" in /etc/nginx/nginx.conf:41
2026/09/23 07:51:25 [emerg] 1#1: duplicate "log_format" name "json_combined" in /etc/nginx/nginx.conf:41
2026/09/23 07:51:25 [emerg] 1#1: duplicate "log_format" name "json_combined" in /etc/nginx/nginx.conf:41
2026/09/23 07:51:25 [emerg] 1#1: duplicate "log_format" name "json_combined" in /etc/nginx/nginx.conf:41
2026/09/23 07:51:25 [emerg] 1#1: duplicate "log_format" name "json_combined" in /etc/nginx/nginx.conf:41
2026/09/23 07:51:25 [emerg] 1#1: duplicate "log_format" name "json_combined" in /etc/nginx/nginx.conf:41
2026/09/23 07:51:26 [emerg] 1#1: duplicate "log_format" name "json_combined" in /etc/nginx/nginx.conf:41
2026/09/23 07:51:26 [emerg] 1#1: duplicate "log_format" name "json_combined" in /etc/nginx/nginx.conf:41
2026/09/23 07:51:26 [emerg] 1#1: duplicate "log_format" name "json_combined" in /etc/nginx/nginx.conf:41
2026/09/23 07:51:26 [emerg] 1#1: duplicate "log_format" name "json_combined" in /etc/nginx/nginx.conf:41
2026/09/23 07:51:26 [emerg] 1#1: duplicate "log_format" name "json_combined" in /etc/nginx/nginx.conf:41
2026/09/23 07:51:26 [emerg] 1#1: duplicate "log_format" name "json_combined" in /etc/nginx/nginx.conf:41
2026/09/23 07:51:26 [emerg] 1#1: duplicate "log_format" name "json_combined" in /etc/nginx/nginx.conf:41
2026/09/23 07:51:27 [emerg] 1#1: duplicate "log_format" name "json_combined" in /etc/nginx/nginx.conf:41
2026/09/23 07:51:27 [emerg] 1#1: duplicate "log_format" name "json_combined" in /etc/nginx/nginx.conf:41
2026/09/23 07:51:27 [emerg] 1#1: duplicate "log_format" name "json_combined" in /etc/nginx/nginx.conf:41
2026/09/23 07:51:27 [emerg] 1#1: duplicate "log_format" name "json_combined" in /etc/nginx/nginx.conf:41
2026/09/23 07:51:27 [emerg] 1#1: duplicate "log_format" name "json_combined" in /etc/nginx/nginx.conf:41
2026/09/23 07:51:27 [emerg] 1#1: duplicate "log_format" name "json_combined" in /etc/nginx/nginx.conf:41
2026/09/23 07:51:27 [emerg] 1#1: duplicate "log_format" name "json_combined" in /etc/nginx/nginx.conf:41
2026/09/23 07:51:27 [emerg] 1#1: duplicate "log_format" name "json_combined" in /etc/nginx/nginx.conf:41
2026/09/23 07:51:28 [emerg] 1#1: duplicate "log_format" name "json_combined" in /etc/nginx/nginx.conf:41
2026/09/23 07:51:28 [emerg] 1#1: duplicate "log_format" name "json_combined" in /etc/nginx/nginx.conf:41
2026/09/23 07:51:28 [emerg] 1#1: duplicate "log_format" name "json_combined" in /etc/nginx/nginx.conf:41
2026/09/23 07:51:28 [emerg] 1#1: duplicate "log_format" name "json_combined" in /etc/nginx/nginx.conf:41
2026/09/23 07:51:28 [emerg] 1#1: duplicate "log_format" name "json_combined" in /etc/nginx/nginx.conf:41
2026/09/23 07:51:28 [emerg] 1#1: duplicate "log_format" name "json_combined" in /etc/nginx/nginx.conf:41
2026/09/23 07:51:28 [emerg] 1#1: duplicate "log_format" name "json_combined" in /etc/nginx/nginx.conf:41
2026/09/23 07:51:28 [emerg] 1#1: duplicate "log_format" name "json_combined" in /etc/nginx/nginx.conf:41
2026/09/23 07:51:29 [emerg] 1#1: duplicate "log_format" name "json_combined" in /etc/nginx/nginx.conf:41
2026/09/23 07:51:29 [emerg] 1#1: duplicate "log_format" name "json_combined" in /etc/nginx/nginx.conf:41
2026/09/23 07:51:29 [emerg] 1#1: duplicate "log_format" name "json_combined" in /etc/nginx/nginx.conf:41
2026/09/23 07:51:29 [emerg] 1#1: duplicate "log_format" name "json_combined" in /etc/nginx/nginx.conf:41
2026/09/23 07:51:29 [emerg] 1#1: duplicate "log_format" name "json_combined" in /etc/nginx/nginx.conf:41
2026/09/23 07:51:29 [emerg] 1#1: duplicate "log_format" name "json_combined" in /etc/nginx/nginx.conf:41
2026/09/23 07:51:29 [emerg] 1#1: duplicate "log_format" name "json_combined" in /etc/nginx/nginx.conf:41
2026/09/23 07:51:29 [emerg] 1#1: duplicate "log_format" name "json_combined" in /etc/nginx/nginx.conf:41
2026/09/23 07:51:30 [emerg] 1#1: duplicate "log_format" name "json_combined" in /etc/nginx/nginx.conf:41
2026/09/23 07:51:30 [emerg] 1#1: duplicate "log_format" name "json_combined" in /etc/nginx/nginx.conf:41
2026/09/23 07:51:30 [emerg] 1#1: duplicate "log_format" name "json_combined" in /etc/nginx/nginx.conf:41
2026/09/23 07:51:30 [emerg] 1#1: duplicate "log_format" name "json_combined" in /etc/nginx/nginx.conf:41
2026/09/23 07:51:30 [emerg] 1#1: duplicate "log_format" name "json_combined" in /etc/nginx/nginx.conf:41
2026/09/23 07:51:30 [emerg] 1#1: duplicate "log_format" name "json_combined" in /etc/nginx/nginx.conf:41
2026/09/23 07:51:30 [emerg] 1#1: duplicate "log_format" name "json_combined" in /etc/nginx/nginx.conf:41
2026/09/23 07:51:30 [emerg] 1#1: duplicate "log_format" name "json_combined" in /etc/nginx/nginx.conf:41
2026/09/23 07:51:31 [emerg] 1#1: duplicate "log_format" name "json_combined" in /etc/nginx/nginx.conf:41
2026/09/23 07:51:31 [emerg] 1#1: duplicate "log_format" name "json_combined" in /etc/nginx/nginx.conf:41
2026/09/23 07:51:31 [emerg] 1#1: duplicate "log_format" name "json_combined" in /etc/nginx/nginx.conf:41
2026/09/23 07:51:31 [emerg] 1#1: duplicate "log_format" name "json_combined" in /etc/nginx/nginx.conf:41
2026/09/23 07:51:31 [emerg] 1#1: duplicate "log_format" name "json_combined" in /etc/nginx/nginx.conf:41
2026/09/23 07:51:31 [emerg] 1#1: duplicate "log_format" name "json_combined" in /etc/nginx/nginx.conf:41
2026/09/23 07:51:31 [emerg] 1#1: duplicate "log_format" name "json_combined" in /etc/nginx/nginx.conf:41
2026/09/23 07:51:31 [emerg] 1#1: duplicate "log_format" name "json_combined" in /etc/nginx/nginx.conf:41
2026/09/23 07:51:32 [emerg] 1#1: duplicate "log_format" name "json_combined" in /etc/nginx/nginx.conf:41
2026/09/23 07:51:32 [emerg] 1#1: duplicate "log_format" name "json_combined" in /etc/nginx/nginx.conf:41
2026/09/23 07:51:32 [emerg] 1#1: duplicate "log_format" name "json_combined" in /etc/nginx/nginx.conf:41
2026/09/23 07:51:32 [emerg] 1#1: duplicate "log_format" name "json_combined" in /etc/nginx/nginx.conf:41
2026/09/23 07:51:32 [emerg] 1#1: duplicate "log_format" name "json_combined" in /etc/nginx/nginx.conf:41
2026/09/23 07:51:32 [emerg] 1#1: duplicate "log_format" name "json_combined" in /etc/nginx/nginx.conf:41
2026/09/23 07:51:32 [emerg] 1#1: duplicate "log_format" name "json_combined" in /etc/nginx/nginx.conf:41
2026/09/23 07:51:32 [emerg] 1#1: duplicate "log_format" name "json_combined" in /etc/nginx/nginx.conf:41
2026/09/23 07:51:33 [emerg] 1#1: duplicate "log_format" name "json_combined" in /etc/nginx/nginx.conf:41
2026/09/23 07:51:33 [emerg] 1#1: duplicate "log_format" name "json_combined" in /etc/nginx/nginx.conf:41
2026/09/23 07:51:33 [emerg] 1#1: duplicate "log_format" name "json_combined" in /etc/nginx/nginx.conf:41
2026/09/23 07:51:33 [emerg] 1#1: duplicate "log_format" name "json_combined" in /etc/nginx/nginx.conf:41
2026/09/23 07:51:33 [emerg] 1#1: duplicate "log_format" name "json_combined" in /etc/nginx/nginx.conf:41
2026/09/23 07:51:33 [emerg] 1#1: duplicate "log_format" name "json_combined" in /etc/nginx/nginx.conf:41
2026/09/23 07:51:33 [emerg] 1#1: "log_format" directive is not allowed here in /etc/nginx/conf.d/default.conf:7
2026/09/23 07:51:33 [emerg] 1#1: "log_format" directive is not allowed here in /etc/nginx/conf.d/default.conf:7
2026/09/23 07:51:33 [emerg] 1#1: "log_format" directive is not allowed here in /etc/nginx/conf.d/default.conf:7
2026/09/23 07:51:34 [emerg] 1#1: "log_format" directive is not allowed here in /etc/nginx/conf.d/default.conf:7
2026/09/23 07:51:34 [emerg] 1#1: "log_format" directive is not allowed here in /etc/nginx/conf.d/default.conf:7
2026/09/23 07:51:34 [emerg] 1#1: "log_format" directive is not allowed here in /etc/nginx/conf.d/default.conf:7
2026/09/23 07:51:34 [emerg] 1#1: "log_format" directive is not allowed here in /etc/nginx/conf.d/default.conf:7
2026/09/23 07:51:34 [emerg] 1#1: "log_format" directive is not allowed here in /etc/nginx/conf.d/default.conf:7
2026/09/23 07:51:34 [emerg] 1#1: "log_format" directive is not allowed here in /etc/nginx/conf.d/default.conf:7
2026/09/23 07:51:34 [emerg] 1#1: "log_format" directive is not allowed here in /etc/nginx/conf.d/default.conf:7
2026/09/23 07:51:34 [emerg] 1#1: "log_format" directive is not allowed here in /etc/nginx/conf.d/default.conf:7
2026/09/23 07:51:35 [emerg] 1#1: "log_format" directive is not allowed here in /etc/nginx/conf.d/default.conf:7
2026/09/23 07:51:35 [emerg] 1#1: "log_format" directive is not allowed here in /etc/nginx/conf.d/default.conf:7
2026/09/23 07:51:35 [emerg] 1#1: "log_format" directive is not allowed here in /etc/nginx/conf.d/default.conf:7
2026/09/23 07:51:35 [emerg] 1#1: "log_format" directive is not allowed here in /etc/nginx/conf.d/default.conf:7
2026/09/23 07:51:35 [emerg] 1#1: "log_format" directive is not allowed here in /etc/nginx/conf.d/default.conf:7
2026/09/23 07:51:35 [emerg] 1#1: "log_format" directive is not allowed here in /etc/nginx/conf.d/default.conf:7
2026/09/23 07:51:35 [emerg] 1#1: "log_format" directive is not allowed here in /etc/nginx/conf.d/default.conf:7
2026/09/23 07:51:35 [emerg] 1#1: "log_format" directive is not allowed here in /etc/nginx/conf.d/default.conf:7
2026/09/23 07:51:36 [emerg] 1#1: "log_format" directive is not allowed here in /etc/nginx/conf.d/default.conf:7
2026/09/23 07:51:36 [emerg] 1#1: "log_format" directive is not allowed here in /etc/nginx/conf.d/default.conf:7
2026/09/23 07:51:36 [emerg] 1#1: "log_format" directive is not allowed here in /etc/nginx/conf.d/default.conf:7
2026/09/23 07:51:36 [emerg] 1#1: "log_format" directive is not allowed here in /etc/nginx/conf.d/default.conf:7
2026/09/23 07:51:36 [emerg] 1#1: "log_format" directive is not allowed here in /etc/nginx/conf.d/default.conf:7
2026/09/23 07:51:36 [emerg] 1#1: "log_format" directive is not allowed here in /etc/nginx/conf.d/default.conf:7
2026/09/23 07:51:37 [emerg] 1#1: "log_format" directive is not allowed here in /etc/nginx/conf.d/default.conf:7
2026/09/23 07:51:37 [emerg] 1#1: "log_format" directive is not allowed here in /etc/nginx/conf.d/default.conf:7
2026/09/23 07:51:37 [emerg] 1#1: "log_format" directive is not allowed here in /etc/nginx/conf.d/default.conf:7
2026/09/23 07:51:37 [emerg] 1#1: "log_format" directive is not allowed here in /etc/nginx/conf.d/default.conf:7
2026/09/23 07:51:37 [emerg] 1#1: "log_format" directive is not allowed here in /etc/nginx/conf.d/default.conf:7
2026/09/23 07:51:37 [emerg] 1#1: "log_format" directive is not allowed here in /etc/nginx/conf.d/default.conf:7
2026/09/23 07:51:37 [emerg] 1#1: "log_format" directive is not allowed here in /etc/nginx/conf.d/default.conf:7
2026/09/23 07:51:37 [emerg] 1#1: "log_format" directive is not allowed here in /etc/nginx/conf.d/default.conf:7
2026/09/23 07:51:38 [emerg] 1#1: "log_format" directive is not allowed here in /etc/nginx/conf.d/default.conf:7
2026/09/23 07:51:38 [emerg] 1#1: "log_format" directive is not allowed here in /etc/nginx/conf.d/default.conf:7
2026/09/23 07:51:38 [emerg] 1#1: "log_format" directive is not allowed here in /etc/nginx/conf.d/default.conf:7
2026/09/23 07:51:38 [emerg] 1#1: "log_format" directive is not allowed here in /etc/nginx/conf.d/default.conf:7
2026/09/23 07:51:38 [emerg] 1#1: "log_format" directive is not allowed here in /etc/nginx/conf.d/default.conf:7
2026/09/23 07:51:38 [emerg] 1#1: "log_format" directive is not allowed here in /etc/nginx/conf.d/default.conf:7
2026/09/23 07:51:38 [emerg] 1#1: "log_format" directive is not allowed here in /etc/nginx/conf.d/default.conf:7
2026/09/23 07:51:38 [emerg] 1#1: "log_format" directive is not allowed here in /etc/nginx/conf.d/default.conf:7
2026/09/23 07:51:39 [emerg] 1#1: "log_format" directive is not allowed here in /etc/nginx/conf.d/default.conf:7
2026/09/23 07:51:39 [emerg] 1#1: "log_format" directive is not allowed here in /etc/nginx/conf.d/default.conf:7
2026/09/23 07:51:39 [emerg] 1#1: "log_format" directive is not allowed here in /etc/nginx/conf.d/default.conf:7
2026/09/23 07:51:39 [emerg] 1#1: "log_format" directive is not allowed here in /etc/nginx/conf.d/default.conf:7
2026/09/23 07:51:39 [emerg] 1#1: "log_format" directive is not allowed here in /etc/nginx/conf.d/default.conf:7
2026/09/23 07:51:39 [emerg] 1#1: "log_format" directive is not allowed here in /etc/nginx/conf.d/default.conf:7
2026/09/23 07:51:39 [emerg] 1#1: "log_format" directive is not allowed here in /etc/nginx/conf.d/default.conf:7
2026/09/23 07:51:39 [emerg] 1#1: "log_format" directive is not allowed here in /etc/nginx/conf.d/default.conf:7
2026/09/23 07:51:40 [emerg] 1#1: "log_format" directive is not allowed here in /etc/nginx/conf.d/default.conf:7
2026/09/23 07:51:40 [emerg] 1#1: "log_format" directive is not allowed here in /etc/nginx/conf.d/default.conf:7
2026/09/23 07:51:40 [emerg] 1#1: "log_format" directive is not allowed here in /etc/nginx/conf.d/default.conf:7
2026/09/23 07:51:40 [emerg] 1#1: "log_format" directive is not allowed here in /etc/nginx/conf.d/default.conf:7
2026/09/23 07:51:40 [emerg] 1#1: "log_format" directive is not allowed here in /etc/nginx/conf.d/default.conf:7
2026/09/23 07:51:40 [emerg] 1#1: "log_format" directive is not allowed here in /etc/nginx/conf.d/default.conf:7
2026/09/23 07:51:40 [emerg] 1#1: "log_format" directive is not allowed here in /etc/nginx/conf.d/default.conf:7
2026/09/23 07:51:41 [emerg] 1#1: "log_format" directive is not allowed here in /etc/nginx/conf.d/default.conf:7
2026/09/23 07:51:41 [emerg] 1#1: "log_format" directive is not allowed here in /etc/nginx/conf.d/default.conf:7
2026/09/23 07:51:41 [emerg] 1#1: "log_format" directive is not allowed here in /etc/nginx/conf.d/default.conf:7
2026/09/23 07:51:41 [emerg] 1#1: "log_format" directive is not allowed here in /etc/nginx/conf.d/default.conf:7
2026/09/23 07:51:41 [emerg] 1#1: "log_format" directive is not allowed here in /etc/nginx/conf.d/default.conf:7
2026/09/23 07:51:41 [emerg] 1#1: "log_format" directive is not allowed here in /etc/nginx/conf.d/default.conf:7
2026/09/23 07:51:41 [emerg] 1#1: "log_format" directive is not allowed here in /etc/nginx/conf.d/default.conf:7
2026/09/23 07:51:41 [emerg] 1#1: "log_format" directive is not allowed here in /etc/nginx/conf.d/default.conf:7
2026/09/23 07:51:41 [emerg] 1#1: "log_format" directive is not allowed here in /etc/nginx/conf.d/default.conf:7
2026/09/23 07:51:42 [emerg] 1#1: "log_format" directive is not allowed here in /etc/nginx/conf.d/default.conf:7
2026/09/23 07:51:42 [emerg] 1#1: "log_format" directive is not allowed here in /etc/nginx/conf.d/default.conf:7
2026/09/23 07:51:42 [emerg] 1#1: "log_format" directive is not allowed here in /etc/nginx/conf.d/default.conf:7
2026/09/23 07:51:42 [emerg] 1#1: "log_format" directive is not allowed here in /etc/nginx/conf.d/default.conf:7
2026/09/23 07:51:42 [emerg] 1#1: "log_format" directive is not allowed here in /etc/nginx/conf.d/default.conf:7
2026/09/23 07:51:42 [emerg] 1#1: "log_format" directive is not allowed here in /etc/nginx/conf.d/default.conf:7
2026/09/23 07:51:42 [emerg] 1#1: "log_format" directive is not allowed here in /etc/nginx/conf.d/default.conf:7
2026/09/23 07:51:42 [emerg] 1#1: "log_format" directive is not allowed here in /etc/nginx/conf.d/default.conf:7
2026/09/23 07:51:43 [emerg] 1#1: "log_format" directive is not allowed here in /etc/nginx/conf.d/default.conf:7
2026/09/23 07:51:43 [emerg] 1#1: "log_format" directive is not allowed here in /etc/nginx/conf.d/default.conf:7
2026/09/23 07:51:43 [emerg] 1#1: "log_format" directive is not allowed here in /etc/nginx/conf.d/default.conf:7
2026/09/23 07:51:43 [emerg] 1#1: "log_format" directive is not allowed here in /etc/nginx/conf.d/default.conf:7
2026/09/23 07:51:43 [emerg] 1#1: "log_format" directive is not allowed here in /etc/nginx/conf.d/default.conf:7
2026/09/23 07:51:43 [emerg] 1#1: "log_format" directive is not allowed here in /etc/nginx/conf.d/default.conf:7
2026/09/23 07:51:43 [emerg] 1#1: "log_format" directive is not allowed here in /etc/nginx/conf.d/default.conf:7
2026/09/23 07:51:43 [emerg] 1#1: "log_format" directive is not allowed here in /etc/nginx/conf.d/default.conf:7
2026/09/23 07:51:44 [emerg] 1#1: "log_format" directive is not allowed here in /etc/nginx/conf.d/default.conf:7
2026/09/23 07:51:44 [emerg] 1#1: "log_format" directive is not allowed here in /etc/nginx/conf.d/default.conf:7
2026/09/23 07:51:44 [emerg] 1#1: "log_format" directive is not allowed here in /etc/nginx/conf.d/default.conf:7
2026/09/23 07:51:44 [emerg] 1#1: "log_format" directive is not allowed here in /etc/nginx/conf.d/default.conf:7
2026/09/23 07:51:44 [emerg] 1#1: "log_format" directive is not allowed here in /etc/nginx/conf.d/default.conf:7
2026/09/23 07:51:44 [emerg] 1#1: "log_format" directive is not allowed here in /etc/nginx/conf.d/default.conf:7
2026/09/23 07:51:44 [emerg] 1#1: "log_format" directive is not allowed here in /etc/nginx/conf.d/default.conf:7
2026/09/23 07:51:44 [emerg] 1#1: "log_format" directive is not allowed here in /etc/nginx/conf.d/default.conf:7
2026/09/23 07:51:44 [emerg] 1#1: "log_format" directive is not allowed here in /etc/nginx/conf.d/default.conf:7
2026/09/23 07:51:45 [emerg] 1#1: "log_format" directive is not allowed here in /etc/nginx/conf.d/default.conf:7
2026/09/23 07:51:45 [emerg] 1#1: "log_format" directive is not allowed here in /etc/nginx/conf.d/default.conf:7
2026/09/23 07:51:45 [emerg] 1#1: "log_format" directive is not allowed here in /etc/nginx/conf.d/default.conf:7
2026/09/23 07:51:45 [emerg] 1#1: "log_format" directive is not allowed here in /etc/nginx/conf.d/default.conf:7
2026/09/23 07:51:45 [emerg] 1#1: "log_format" directive is not allowed here in /etc/nginx/conf.d/default.conf:7
2026/09/23 07:51:45 [emerg] 1#1: "log_format" directive is not allowed here in /etc/nginx/conf.d/default.conf:7
2026/09/23 07:51:45 [emerg] 1#1: "log_format" directive is not allowed here in /etc/nginx/conf.d/default.conf:7
2026/09/23 07:51:45 [emerg] 1#1: "log_format" directive is not allowed here in /etc/nginx/conf.d/default.conf:7
2026/09/23 07:51:46 [emerg] 1#1: "log_format" directive is not allowed here in /etc/nginx/conf.d/default.conf:7
2026/09/23 07:51:46 [emerg] 1#1: "log_format" directive is not allowed here in /etc/nginx/conf.d/default.conf:7
2026/09/23 07:51:46 [emerg] 1#1: "log_format" directive is not allowed here in /etc/nginx/conf.d/default.conf:7
2026/09/23 07:51:46 [emerg] 1#1: "log_format" directive is not allowed here in /etc/nginx/conf.d/default.conf:7
2026/09/23 07:51:46 [emerg] 1#1: "log_format" directive is not allowed here in /etc/nginx/conf.d/default.conf:7
2026/09/23 07:51:46 [emerg] 1#1: "log_format" directive is not allowed here in /etc/nginx/conf.d/default.conf:7
2026/09/23 07:51:46 [emerg] 1#1: "log_format" directive is not allowed here in /etc/nginx/conf.d/default.conf:7
2026/09/23 07:51:46 [emerg] 1#1: "log_format" directive is not allowed here in /etc/nginx/conf.d/default.conf:7
2026/09/23 07:51:47 [emerg] 1#1: "log_format" directive is not allowed here in /etc/nginx/conf.d/default.conf:7
2026/09/23 07:51:47 [emerg] 1#1: "log_format" directive is not allowed here in /etc/nginx/conf.d/default.conf:7
2026/09/23 07:51:47 [emerg] 1#1: "log_format" directive is not allowed here in /etc/nginx/conf.d/default.conf:7
2026/09/23 07:51:47 [emerg] 1#1: "log_format" directive is not allowed here in /etc/nginx/conf.d/default.conf:7
2026/09/23 07:51:47 [emerg] 1#1: "log_format" directive is not allowed here in /etc/nginx/conf.d/default.conf:7
2026/09/23 07:51:47 [emerg] 1#1: "log_format" directive is not allowed here in /etc/nginx/conf.d/default.conf:7
2026/09/23 07:51:47 [emerg] 1#1: "log_format" directive is not allowed here in /etc/nginx/conf.d/default.conf:7
2026/09/23 07:51:47 [emerg] 1#1: "log_format" directive is not allowed here in /etc/nginx/conf.d/default.conf:7
2026/09/23 07:51:47 [emerg] 1#1: "log_format" directive is not allowed here in /etc/nginx/conf.d/default.conf:7
2026/09/23 07:51:48 [emerg] 1#1: "log_format" directive is not allowed here in /etc/nginx/conf.d/default.conf:7
2026/09/23 07:51:48 [emerg] 1#1: "log_format" directive is not allowed here in /etc/nginx/conf.d/default.conf:7
2026/09/23 07:51:48 [emerg] 1#1: "log_format" directive is not allowed here in /etc/nginx/conf.d/default.conf:7
2026/09/23 07:51:48 [emerg] 1#1: "log_format" directive is not allowed here in /etc/nginx/conf.d/default.conf:7
2026/09/23 07:51:48 [emerg] 1#1: "log_format" directive is not allowed here in /etc/nginx/conf.d/default.conf:7
2026/09/23 07:51:48 [emerg] 1#1: "log_format" directive is not allowed here in /etc/nginx/conf.d/default.conf:7
2026/09/23 07:51:48 [emerg] 1#1: "log_format" directive is not allowed here in /etc/nginx/conf.d/default.conf:7
2026/09/23 07:51:48 [emerg] 1#1: "log_format" directive is not allowed here in /etc/nginx/conf.d/default.conf:7
2026/09/23 07:51:49 [emerg] 1#1: "log_format" directive is not allowed here in /etc/nginx/conf.d/default.conf:7
2026/09/23 07:51:49 [emerg] 1#1: "log_format" directive is not allowed here in /etc/nginx/conf.d/default.conf:7
2026/09/23 07:51:49 [emerg] 1#1: "log_format" directive is not allowed here in /etc/nginx/conf.d/default.conf:7
2026/09/23 07:51:49 [emerg] 1#1: "log_format" directive is not allowed here in /etc/nginx/conf.d/default.conf:7
2026/09/23 07:51:49 [emerg] 1#1: "log_format" directive is not allowed here in /etc/nginx/conf.d/default.conf:7
2026/09/23 07:51:49 [emerg] 1#1: "log_format" directive is not allowed here in /etc/nginx/conf.d/default.conf:7
2026/09/23 07:51:49 [emerg] 1#1: "log_format" directive is not allowed here in /etc/nginx/conf.d/default.conf:7
2026/09/23 07:51:49 [emerg] 1#1: "log_format" directive is not allowed here in /etc/nginx/conf.d/default.conf:7
2026/09/23 07:51:50 [emerg] 1#1: "log_format" directive is not allowed here in /etc/nginx/conf.d/default.conf:7
2026/09/23 07:51:50 [emerg] 1#1: "log_format" directive is not allowed here in /etc/nginx/conf.d/default.conf:7
2026/09/23 07:51:50 [emerg] 1#1: "log_format" directive is not allowed here in /etc/nginx/conf.d/default.conf:7
2026/09/23 07:51:50 [emerg] 1#1: "log_format" directive is not allowed here in /etc/nginx/conf.d/default.conf:7
2026/09/23 07:51:50 [emerg] 1#1: "log_format" directive is not allowed here in /etc/nginx/conf.d/default.conf:7
2026/09/23 07:51:50 [emerg] 1#1: "log_format" directive is not allowed here in /etc/nginx/conf.d/default.conf:7
2026/09/23 07:51:50 [emerg] 1#1: "log_format" directive is not allowed here in /etc/nginx/conf.d/default.conf:7
2026/09/23 07:51:50 [emerg] 1#1: "log_format" directive is not allowed here in /etc/nginx/conf.d/default.conf:7
2026/09/23 07:51:51 [emerg] 1#1: "log_format" directive is not allowed here in /etc/nginx/conf.d/default.conf:7
2026/09/23 07:51:51 [emerg] 1#1: "log_format" directive is not allowed here in /etc/nginx/conf.d/default.conf:7
2026/09/23 07:51:51 [emerg] 1#1: "log_format" directive is not allowed here in /etc/nginx/conf.d/default.conf:7
2026/09/23 07:51:51 [emerg] 1#1: "log_format" directive is not allowed here in /etc/nginx/conf.d/default.conf:7
2026/09/23 07:51:51 [emerg] 1#1: "log_format" directive is not allowed here in /etc/nginx/conf.d/default.conf:7
2026/09/23 07:51:51 [emerg] 1#1: "log_format" directive is not allowed here in /etc/nginx/conf.d/default.conf:7
2026/09/23 07:51:51 [emerg] 1#1: "log_format" directive is not allowed here in /etc/nginx/conf.d/default.conf:7
2026/09/23 07:51:51 [emerg] 1#1: "log_format" directive is not allowed here in /etc/nginx/conf.d/default.conf:7
2026/09/23 07:51:51 [emerg] 1#1: "log_format" directive is not allowed here in /etc/nginx/conf.d/default.conf:7
2026/09/23 07:51:52 [emerg] 1#1: "log_format" directive is not allowed here in /etc/nginx/conf.d/default.conf:7
2026/09/23 07:51:52 [emerg] 1#1: "log_format" directive is not allowed here in /etc/nginx/conf.d/default.conf:7
2026/09/23 07:51:52 [emerg] 1#1: "log_format" directive is not allowed here in /etc/nginx/conf.d/default.conf:7
2026/09/23 07:51:52 [emerg] 1#1: "log_format" directive is not allowed here in /etc/nginx/conf.d/default.conf:7
2026/09/23 07:51:52 [emerg] 1#1: "log_format" directive is not allowed here in /etc/nginx/conf.d/default.conf:7
2026/09/23 07:51:52 [emerg] 1#1: "log_format" directive is not allowed here in /etc/nginx/conf.d/default.conf:7
2026/09/23 07:51:52 [emerg] 1#1: "log_format" directive is not allowed here in /etc/nginx/conf.d/default.conf:7
2026/09/23 07:51:52 [emerg] 1#1: "log_format" directive is not allowed here in /etc/nginx/conf.d/default.conf:7
2026/09/23 07:51:53 [emerg] 1#1: "log_format" directive is not allowed here in /etc/nginx/conf.d/default.conf:7
2026/09/23 07:51:53 [emerg] 1#1: "log_format" directive is not allowed here in /etc/nginx/conf.d/default.conf:7
2026/09/23 07:51:53 [emerg] 1#1: "log_format" directive is not allowed here in /etc/nginx/conf.d/default.conf:7
2026/09/23 07:51:53 [emerg] 1#1: "log_format" directive is not allowed here in /etc/nginx/conf.d/default.conf:7
2026/09/23 07:51:53 [emerg] 1#1: "log_format" directive is not allowed here in /etc/nginx/conf.d/default.conf:7
2026/09/23 07:51:53 [emerg] 1#1: "log_format" directive is not allowed here in /etc/nginx/conf.d/default.conf:7
2026/09/23 07:51:53 [emerg] 1#1: "log_format" directive is not allowed here in /etc/nginx/conf.d/default.conf:7
2026/09/23 07:51:53 [emerg] 1#1: "log_format" directive is not allowed here in /etc/nginx/conf.d/default.conf:7
2026/09/23 07:51:54 [emerg] 1#1: "log_format" directive is not allowed here in /etc/nginx/conf.d/default.conf:7
2026/09/23 07:51:54 [emerg] 1#1: "log_format" directive is not allowed here in /etc/nginx/conf.d/default.conf:7
2026/09/23 07:51:54 [emerg] 1#1: "log_format" directive is not allowed here in /etc/nginx/conf.d/default.conf:7
2026/09/23 07:51:54 [emerg] 1#1: "log_format" directive is not allowed here in /etc/nginx/conf.d/default.conf:7
2026/09/23 07:51:54 [emerg] 1#1: "log_format" directive is not allowed here in /etc/nginx/conf.d/default.conf:7
2026/09/23 07:51:54 [emerg] 1#1: "log_format" directive is not allowed here in /etc/nginx/conf.d/default.conf:7
2026/09/23 07:51:54 [emerg] 1#1: "log_format" directive is not allowed here in /etc/nginx/conf.d/default.conf:7
2026/09/23 07:51:54 [emerg] 1#1: "log_format" directive is not allowed here in /etc/nginx/conf.d/default.conf:7
2026/09/23 07:51:55 [emerg] 1#1: "log_format" directive is not allowed here in /etc/nginx/conf.d/default.conf:7
2026/09/23 07:51:55 [emerg] 1#1: "log_format" directive is not allowed here in /etc/nginx/conf.d/default.conf:7
2026/09/23 07:51:55 [emerg] 1#1: "log_format" directive is not allowed here in /etc/nginx/conf.d/default.conf:7
2026/09/23 07:51:55 [emerg] 1#1: "log_format" directive is not allowed here in /etc/nginx/conf.d/default.conf:7
2026/09/23 07:51:55 [emerg] 1#1: "log_format" directive is not allowed here in /etc/nginx/conf.d/default.conf:7
2026/09/23 07:51:55 [emerg] 1#1: "log_format" directive is not allowed here in /etc/nginx/conf.d/default.conf:7
2026/09/23 07:51:55 [emerg] 1#1: "log_format" directive is not allowed here in /etc/nginx/conf.d/default.conf:7
2026/09/23 07:51:55 [emerg] 1#1: "log_format" directive is not allowed here in /etc/nginx/conf.d/default.conf:7
2026/09/23 07:51:56 [emerg] 1#1: "log_format" directive is not allowed here in /etc/nginx/conf.d/default.conf:7
2026/09/23 07:51:56 [emerg] 1#1: "log_format" directive is not allowed here in /etc/nginx/conf.d/default.conf:7
2026/09/23 07:51:56 [emerg] 1#1: "log_format" directive is not allowed here in /etc/nginx/conf.d/default.conf:7
2026/09/23 07:51:56 [emerg] 1#1: "log_format" directive is not allowed here in /etc/nginx/conf.d/default.conf:7
2026/09/23 07:51:56 [emerg] 1#1: "log_format" directive is not allowed here in /etc/nginx/conf.d/default.conf:7
2026/09/23 07:51:56 [emerg] 1#1: "log_format" directive is not allowed here in /etc/nginx/conf.d/default.conf:7
2026/09/23 07:51:56 [emerg] 1#1: "log_format" directive is not allowed here in /etc/nginx/conf.d/default.conf:7
2026/09/23 07:51:57 [emerg] 1#1: "log_format" directive is not allowed here in /etc/nginx/conf.d/default.conf:7
2026/09/23 07:51:57 [emerg] 1#1: "log_format" directive is not allowed here in /etc/nginx/conf.d/default.conf:7
2026/09/23 07:51:57 [emerg] 1#1: "log_format" directive is not allowed here in /etc/nginx/conf.d/default.conf:7
2026/09/23 07:51:57 [emerg] 1#1: "log_format" directive is not allowed here in /etc/nginx/conf.d/default.conf:7
2026/09/23 07:51:57 [emerg] 1#1: "log_format" directive is not allowed here in /etc/nginx/conf.d/default.conf:7
2026/09/23 07:51:57 [emerg] 1#1: "log_format" directive is not allowed here in /etc/nginx/conf.d/default.conf:7
2026/09/23 07:51:57 [emerg] 1#1: "log_format" directive is not allowed here in /etc/nginx/conf.d/default.conf:7
2026/09/23 07:51:57 [emerg] 1#1: "log_format" directive is not allowed here in /etc/nginx/conf.d/default.conf:7
2026/09/23 07:51:58 [emerg] 1#1: "log_format" directive is not allowed here in /etc/nginx/conf.d/default.conf:7
2026/09/23 07:51:58 [emerg] 1#1: "log_format" directive is not allowed here in /etc/nginx/conf.d/default.conf:7
2026/09/23 07:51:58 [emerg] 1#1: "log_format" directive is not allowed here in /etc/nginx/conf.d/default.conf:7
2026/09/23 07:51:58 [emerg] 1#1: "log_format" directive is not allowed here in /etc/nginx/conf.d/default.conf:7
2026/09/23 07:51:58 [emerg] 1#1: "log_format" directive is not allowed here in /etc/nginx/conf.d/default.conf:7
2026/09/23 07:51:58 [emerg] 1#1: "log_format" directive is not allowed here in /etc/nginx/conf.d/default.conf:7
2026/09/23 07:51:58 [emerg] 1#1: "log_format" directive is not allowed here in /etc/nginx/conf.d/default.conf:7
2026/09/23 07:51:58 [emerg] 1#1: "log_format" directive is not allowed here in /etc/nginx/conf.d/default.conf:7
2026/09/23 07:51:59 [emerg] 1#1: "log_format" directive is not allowed here in /etc/nginx/conf.d/default.conf:7
2026/09/23 07:51:59 [emerg] 1#1: "log_format" directive is not allowed here in /etc/nginx/conf.d/default.conf:7
2026/09/23 07:51:59 [emerg] 1#1: "log_format" directive is not allowed here in /etc/nginx/conf.d/default.conf:7
2026/09/23 07:51:59 [emerg] 1#1: "log_format" directive is not allowed here in /etc/nginx/conf.d/default.conf:7
2026/09/23 07:51:59 [emerg] 1#1: "log_format" directive is not allowed here in /etc/nginx/conf.d/default.conf:7
2026/09/23 07:51:59 [emerg] 1#1: "log_format" directive is not allowed here in /etc/nginx/conf.d/default.conf:7
2026/09/23 07:51:59 [emerg] 1#1: "log_format" directive is not allowed here in /etc/nginx/conf.d/default.conf:7
2026/09/23 07:51:59 [emerg] 1#1: "log_format" directive is not allowed here in /etc/nginx/conf.d/default.conf:7
2026/09/23 07:52:00 [emerg] 1#1: "log_format" directive is not allowed here in /etc/nginx/conf.d/default.conf:7
2026/09/23 07:52:00 [emerg] 1#1: "log_format" directive is not allowed here in /etc/nginx/conf.d/default.conf:7
2026/09/23 07:52:00 [emerg] 1#1: "log_format" directive is not allowed here in /etc/nginx/conf.d/default.conf:7
2026/09/23 07:52:00 [emerg] 1#1: "log_format" directive is not allowed here in /etc/nginx/conf.d/default.conf:7
2026/09/23 07:52:00 [emerg] 1#1: "log_format" directive is not allowed here in /etc/nginx/conf.d/default.conf:7
2026/09/23 07:52:00 [emerg] 1#1: "log_format" directive is not allowed here in /etc/nginx/conf.d/default.conf:7
2026/09/23 07:52:00 [emerg] 1#1: "log_format" directive is not allowed here in /etc/nginx/conf.d/default.conf:7
2026/09/23 07:52:00 [emerg] 1#1: "log_format" directive is not allowed here in /etc/nginx/conf.d/default.conf:7
2026/09/23 07:52:01 [emerg] 1#1: "log_format" directive is not allowed here in /etc/nginx/conf.d/default.conf:7
2026/09/23 07:52:01 [emerg] 1#1: "log_format" directive is not allowed here in /etc/nginx/conf.d/default.conf:7
2026/09/23 07:52:01 [emerg] 1#1: "log_format" directive is not allowed here in /etc/nginx/conf.d/default.conf:7
2026/09/23 07:52:01 [emerg] 1#1: "log_format" directive is not allowed here in /etc/nginx/conf.d/default.conf:7
2026/09/23 07:52:01 [emerg] 1#1: "log_format" directive is not allowed here in /etc/nginx/conf.d/default.conf:7
2026/09/23 07:52:01 [emerg] 1#1: "log_format" directive is not allowed here in /etc/nginx/conf.d/default.conf:7
2026/09/23 07:52:01 [emerg] 1#1: "log_format" directive is not allowed here in /etc/nginx/conf.d/default.conf:7
2026/09/23 07:52:01 [emerg] 1#1: "log_format" directive is not allowed here in /etc/nginx/conf.d/default.conf:7
2026/09/23 07:52:02 [emerg] 1#1: "log_format" directive is not allowed here in /etc/nginx/conf.d/default.conf:7
2026/09/23 07:52:02 [emerg] 1#1: "log_format" directive is not allowed here in /etc/nginx/conf.d/default.conf:7
2026/09/23 07:52:02 [emerg] 1#1: "log_format" directive is not allowed here in /etc/nginx/conf.d/default.conf:7
2026/09/23 07:52:02 [emerg] 1#1: "log_format" directive is not allowed here in /etc/nginx/conf.d/default.conf:7
2026/09/23 07:52:02 [emerg] 1#1: "log_format" directive is not allowed here in /etc/nginx/conf.d/default.conf:7
2026/09/23 07:52:02 [emerg] 1#1: "log_format" directive is not allowed here in /etc/nginx/conf.d/default.conf:7
2026/09/23 07:52:02 [emerg] 1#1: "log_format" directive is not allowed here in /etc/nginx/conf.d/default.conf:7
2026/09/23 07:52:02 [emerg] 1#1: "log_format" directive is not allowed here in /etc/nginx/conf.d/default.conf:7
2026/09/23 07:52:03 [emerg] 1#1: "log_format" directive is not allowed here in /etc/nginx/conf.d/default.conf:7
2026/09/23 07:52:03 [emerg] 1#1: "log_format" directive is not allowed here in /etc/nginx/conf.d/default.conf:7
2026/09/23 07:52:03 [emerg] 1#1: "log_format" directive is not allowed here in /etc/nginx/conf.d/default.conf:7
2026/09/23 07:52:03 [emerg] 1#1: "log_format" directive is not allowed here in /etc/nginx/conf.d/default.conf:7
2026/09/23 07:52:03 [emerg] 1#1: "log_format" directive is not allowed here in /etc/nginx/conf.d/default.conf:7
2026/09/23 07:52:03 [emerg] 1#1: "log_format" directive is not allowed here in /etc/nginx/conf.d/default.conf:7
2026/09/23 07:52:03 [emerg] 1#1: "log_format" directive is not allowed here in /etc/nginx/conf.d/default.conf:7
2026/09/23 07:52:03 [emerg] 1#1: "log_format" directive is not allowed here in /etc/nginx/conf.d/default.conf:7
2026/09/23 07:52:04 [emerg] 1#1: "log_format" directive is not allowed here in /etc/nginx/conf.d/default.conf:7
2026/09/23 07:52:04 [emerg] 1#1: "log_format" directive is not allowed here in /etc/nginx/conf.d/default.conf:7
2026/09/23 07:52:04 [emerg] 1#1: "log_format" directive is not allowed here in /etc/nginx/conf.d/default.conf:7
2026/09/23 07:52:04 [emerg] 1#1: "log_format" directive is not allowed here in /etc/nginx/conf.d/default.conf:7
2026/09/23 07:52:04 [emerg] 1#1: "log_format" directive is not allowed here in /etc/nginx/conf.d/default.conf:7
2026/09/23 07:52:04 [emerg] 1#1: "log_format" directive is not allowed here in /etc/nginx/conf.d/default.conf:7
2026/09/23 07:52:04 [emerg] 1#1: "log_format" directive is not allowed here in /etc/nginx/conf.d/default.conf:7
2026/09/23 07:52:04 [emerg] 1#1: "log_format" directive is not allowed here in /etc/nginx/conf.d/default.conf:7
2026/09/23 07:52:05 [emerg] 1#1: "log_format" directive is not allowed here in /etc/nginx/conf.d/default.conf:7
2026/09/23 07:52:05 [emerg] 1#1: "log_format" directive is not allowed here in /etc/nginx/conf.d/default.conf:7
2026/09/23 07:52:05 [emerg] 1#1: "log_format" directive is not allowed here in /etc/nginx/conf.d/default.conf:7
2026/09/23 07:52:05 [emerg] 1#1: "log_format" directive is not allowed here in /etc/nginx/conf.d/default.conf:7
2026/09/23 07:52:05 [emerg] 1#1: "log_format" directive is not allowed here in /etc/nginx/conf.d/default.conf:7
2026/09/23 07:52:05 [emerg] 1#1: "log_format" directive is not allowed here in /etc/nginx/conf.d/default.conf:7
2026/09/23 07:52:05 [emerg] 1#1: "log_format" directive is not allowed here in /etc/nginx/conf.d/default.conf:7
2026/09/23 07:52:05 [emerg] 1#1: "log_format" directive is not allowed here in /etc/nginx/conf.d/default.conf:7
2026/09/23 07:52:05 [emerg] 1#1: "log_format" directive is not allowed here in /etc/nginx/conf.d/default.conf:7
2026/09/23 07:52:06 [emerg] 1#1: "log_format" directive is not allowed here in /etc/nginx/conf.d/default.conf:7
2026/09/23 07:52:06 [emerg] 1#1: "log_format" directive is not allowed here in /etc/nginx/conf.d/default.conf:7
2026/09/23 07:52:06 [emerg] 1#1: "log_format" directive is not allowed here in /etc/nginx/conf.d/default.conf:7
2026/09/23 07:52:06 [emerg] 1#1: "log_format" directive is not allowed here in /etc/nginx/conf.d/default.conf:7
2026/09/23 07:52:06 [emerg] 1#1: "log_format" directive is not allowed here in /etc/nginx/conf.d/default.conf:7
2026/09/23 07:52:06 [emerg] 1#1: "log_format" directive is not allowed here in /etc/nginx/conf.d/default.conf:7
2026/09/23 07:52:06 [emerg] 1#1: "log_format" directive is not allowed here in /etc/nginx/conf.d/default.conf:7
2026/09/23 07:52:06 [emerg] 1#1: "log_format" directive is not allowed here in /etc/nginx/conf.d/default.conf:7
2026/09/23 07:52:07 [emerg] 1#1: "log_format" directive is not allowed here in /etc/nginx/conf.d/default.conf:7
2026/09/23 07:52:07 [emerg] 1#1: "log_format" directive is not allowed here in /etc/nginx/conf.d/default.conf:7
2026/09/23 07:52:07 [emerg] 1#1: "log_format" directive is not allowed here in /etc/nginx/conf.d/default.conf:7
2026/09/23 07:52:07 [emerg] 1#1: "log_format" directive is not allowed here in /etc/nginx/conf.d/default.conf:7
2026/09/23 07:52:07 [emerg] 1#1: "log_format" directive is not allowed here in /etc/nginx/conf.d/default.conf:7
2026/09/23 07:52:07 [emerg] 1#1: "log_format" directive is not allowed here in /etc/nginx/conf.d/default.conf:7
2026/09/23 07:52:07 [emerg] 1#1: "log_format" directive is not allowed here in /etc/nginx/conf.d/default.conf:7
2026/09/23 07:52:07 [emerg] 1#1: "log_format" directive is not allowed here in /etc/nginx/conf.d/default.conf:7
2026/09/23 07:52:08 [emerg] 1#1: "log_format" directive is not allowed here in /etc/nginx/conf.d/default.conf:7
2026/09/23 07:52:08 [emerg] 1#1: "log_format" directive is not allowed here in /etc/nginx/conf.d/default.conf:7
2026/09/23 07:52:08 [emerg] 1#1: "log_format" directive is not allowed here in /etc/nginx/conf.d/default.conf:7
2026/09/23 07:52:08 [emerg] 1#1: "log_format" directive is not allowed here in /etc/nginx/conf.d/default.conf:7
2026/09/23 07:52:08 [emerg] 1#1: "log_format" directive is not allowed here in /etc/nginx/conf.d/default.conf:7
2026/09/23 07:52:08 [emerg] 1#1: "log_format" directive is not allowed here in /etc/nginx/conf.d/default.conf:7
2026/09/23 07:52:08 [emerg] 1#1: "log_format" directive is not allowed here in /etc/nginx/conf.d/default.conf:7
2026/09/23 07:52:08 [emerg] 1#1: "log_format" directive is not allowed here in /etc/nginx/conf.d/default.conf:7
2026/09/23 07:52:09 [emerg] 1#1: "log_format" directive is not allowed here in /etc/nginx/conf.d/default.conf:7
2026/09/23 07:52:09 [emerg] 1#1: "log_format" directive is not allowed here in /etc/nginx/conf.d/default.conf:7
2026/09/23 07:52:09 [emerg] 1#1: "log_format" directive is not allowed here in /etc/nginx/conf.d/default.conf:7
2026/09/23 07:52:09 [emerg] 1#1: "log_format" directive is not allowed here in /etc/nginx/conf.d/default.conf:7
2026/09/23 07:52:09 [emerg] 1#1: "log_format" directive is not allowed here in /etc/nginx/conf.d/default.conf:7
2026/09/23 07:52:09 [emerg] 1#1: "log_format" directive is not allowed here in /etc/nginx/conf.d/default.conf:7
2026/09/23 07:52:09 [emerg] 1#1: "log_format" directive is not allowed here in /etc/nginx/conf.d/default.conf:7
2026/09/23 07:52:09 [emerg] 1#1: "log_format" directive is not allowed here in /etc/nginx/conf.d/default.conf:7
2026/09/23 07:52:10 [emerg] 1#1: "log_format" directive is not allowed here in /etc/nginx/conf.d/default.conf:7
2026/09/23 07:52:10 [emerg] 1#1: "log_format" directive is not allowed here in /etc/nginx/conf.d/default.conf:7
2026/09/23 07:52:10 [emerg] 1#1: "log_format" directive is not allowed here in /etc/nginx/conf.d/default.conf:7
2026/09/23 07:52:10 [emerg] 1#1: "log_format" directive is not allowed here in /etc/nginx/conf.d/default.conf:7
2026/09/23 07:52:10 [emerg] 1#1: "log_format" directive is not allowed here in /etc/nginx/conf.d/default.conf:7
2026/09/23 07:52:10 [emerg] 1#1: "log_format" directive is not allowed here in /etc/nginx/conf.d/default.conf:7
2026/09/23 07:52:10 [emerg] 1#1: "log_format" directive is not allowed here in /etc/nginx/conf.d/default.conf:7
2026/09/23 07:52:10 [emerg] 1#1: "log_format" directive is not allowed here in /etc/nginx/conf.d/default.conf:7
2026/09/23 07:52:11 [emerg] 1#1: "log_format" directive is not allowed here in /etc/nginx/conf.d/default.conf:7
2026/09/23 07:52:11 [emerg] 1#1: "log_format" directive is not allowed here in /etc/nginx/conf.d/default.conf:7
2026/09/23 07:52:11 [emerg] 1#1: "log_format" directive is not allowed here in /etc/nginx/conf.d/default.conf:7
2026/09/23 07:52:11 [emerg] 1#1: "log_format" directive is not allowed here in /etc/nginx/conf.d/default.conf:7
2026/09/23 07:52:11 [emerg] 1#1: "log_format" directive is not allowed here in /etc/nginx/conf.d/default.conf:7
2026/09/23 07:52:11 [emerg] 1#1: "log_format" directive is not allowed here in /etc/nginx/conf.d/default.conf:7
2026/09/23 07:52:11 [emerg] 1#1: "log_format" directive is not allowed here in /etc/nginx/conf.d/default.conf:7
2026/09/23 07:52:11 [emerg] 1#1: "log_format" directive is not allowed here in /etc/nginx/conf.d/default.conf:7
2026/09/23 07:52:11 [emerg] 1#1: "log_format" directive is not allowed here in /etc/nginx/conf.d/default.conf:7
2026/09/23 07:52:12 [emerg] 1#1: "log_format" directive is not allowed here in /etc/nginx/conf.d/default.conf:7
2026/09/23 07:52:12 [emerg] 1#1: "log_format" directive is not allowed here in /etc/nginx/conf.d/default.conf:7
2026/09/23 07:52:12 [emerg] 1#1: "log_format" directive is not allowed here in /etc/nginx/conf.d/default.conf:7
2026/09/23 07:52:12 [emerg] 1#1: "log_format" directive is not allowed here in /etc/nginx/conf.d/default.conf:7
2026/09/23 07:52:12 [emerg] 1#1: "log_format" directive is not allowed here in /etc/nginx/conf.d/default.conf:7
2026/09/23 07:52:12 [emerg] 1#1: "log_format" directive is not allowed here in /etc/nginx/conf.d/default.conf:7
2026/09/23 07:52:12 [emerg] 1#1: "log_format" directive is not allowed here in /etc/nginx/conf.d/default.conf:7
2026/09/23 07:52:13 [emerg] 1#1: "log_format" directive is not allowed here in /etc/nginx/conf.d/default.conf:7
2026/09/23 07:52:13 [emerg] 1#1: "log_format" directive is not allowed here in /etc/nginx/conf.d/default.conf:7
2026/09/23 07:52:13 [emerg] 1#1: "log_format" directive is not allowed here in /etc/nginx/conf.d/default.conf:7
2026/09/23 07:52:13 [emerg] 1#1: "log_format" directive is not allowed here in /etc/nginx/conf.d/default.conf:7
2026/09/23 07:52:13 [emerg] 1#1: "log_format" directive is not allowed here in /etc/nginx/conf.d/default.conf:7
2026/09/23 07:52:13 [emerg] 1#1: "log_format" directive is not allowed here in /etc/nginx/conf.d/default.conf:7
2026/09/23 07:52:13 [emerg] 1#1: "log_format" directive is not allowed here in /etc/nginx/conf.d/default.conf:7
2026/09/23 07:52:13 [emerg] 1#1: "log_format" directive is not allowed here in /etc/nginx/conf.d/default.conf:7
2026/09/23 07:52:13 [emerg] 1#1: "log_format" directive is not allowed here in /etc/nginx/conf.d/default.conf:7
2026/09/23 07:52:14 [emerg] 1#1: "log_format" directive is not allowed here in /etc/nginx/conf.d/default.conf:7
2026/09/23 07:52:14 [emerg] 1#1: "log_format" directive is not allowed here in /etc/nginx/conf.d/default.conf:7
2026/09/23 07:52:14 [emerg] 1#1: "log_format" directive is not allowed here in /etc/nginx/conf.d/default.conf:7
2026/09/23 07:52:14 [emerg] 1#1: "log_format" directive is not allowed here in /etc/nginx/conf.d/default.conf:7
2026/09/23 07:52:14 [emerg] 1#1: "log_format" directive is not allowed here in /etc/nginx/conf.d/default.conf:7
2026/09/23 07:52:14 [emerg] 1#1: "log_format" directive is not allowed here in /etc/nginx/conf.d/default.conf:7
2026/09/23 07:52:14 [emerg] 1#1: "log_format" directive is not allowed here in /etc/nginx/conf.d/default.conf:7
2026/09/23 07:52:14 [emerg] 1#1: "log_format" directive is not allowed here in /etc/nginx/conf.d/default.conf:7
2026/09/23 07:52:15 [emerg] 1#1: "log_format" directive is not allowed here in /etc/nginx/conf.d/default.conf:7
2026/09/23 07:52:15 [emerg] 1#1: "log_format" directive is not allowed here in /etc/nginx/conf.d/default.conf:7
2026/09/23 07:52:15 [emerg] 1#1: "log_format" directive is not allowed here in /etc/nginx/conf.d/default.conf:7
2026/09/23 07:52:15 [emerg] 1#1: "log_format" directive is not allowed here in /etc/nginx/conf.d/default.conf:7
2026/09/23 07:52:15 [emerg] 1#1: "log_format" directive is not allowed here in /etc/nginx/conf.d/default.conf:7
2026/09/23 07:52:15 [emerg] 1#1: "log_format" directive is not allowed here in /etc/nginx/conf.d/default.conf:7
2026/09/23 07:52:15 [emerg] 1#1: "log_format" directive is not allowed here in /etc/nginx/conf.d/default.conf:7
2026/09/23 07:52:15 [emerg] 1#1: "log_format" directive is not allowed here in /etc/nginx/conf.d/default.conf:7
2026/09/23 07:52:15 [emerg] 1#1: "log_format" directive is not allowed here in /etc/nginx/conf.d/default.conf:7
2026/09/23 07:52:16 [emerg] 1#1: "log_format" directive is not allowed here in /etc/nginx/conf.d/default.conf:7
2026/09/23 07:52:16 [emerg] 1#1: "log_format" directive is not allowed here in /etc/nginx/conf.d/default.conf:7
2026/09/23 07:52:16 [emerg] 1#1: "log_format" directive is not allowed here in /etc/nginx/conf.d/default.conf:7
2026/09/23 07:52:16 [emerg] 1#1: "log_format" directive is not allowed here in /etc/nginx/conf.d/default.conf:7
2026/09/23 07:52:16 [emerg] 1#1: "log_format" directive is not allowed here in /etc/nginx/conf.d/default.conf:7
2026/09/23 07:52:16 [emerg] 1#1: "log_format" directive is not allowed here in /etc/nginx/conf.d/default.conf:7
2026/09/23 07:52:16 [emerg] 1#1: "log_format" directive is not allowed here in /etc/nginx/conf.d/default.conf:7
2026/09/23 07:52:16 [emerg] 1#1: "log_format" directive is not allowed here in /etc/nginx/conf.d/default.conf:7
2026/09/23 07:52:17 [emerg] 1#1: "log_format" directive is not allowed here in /etc/nginx/conf.d/default.conf:7
2026/09/23 07:52:17 [emerg] 1#1: "log_format" directive is not allowed here in /etc/nginx/conf.d/default.conf:7
2026/09/23 07:52:17 [emerg] 1#1: "log_format" directive is not allowed here in /etc/nginx/conf.d/default.conf:7
2026/09/23 07:52:17 [emerg] 1#1: "log_format" directive is not allowed here in /etc/nginx/conf.d/default.conf:7
2026/09/23 07:52:17 [emerg] 1#1: "log_format" directive is not allowed here in /etc/nginx/conf.d/default.conf:7
2026/09/23 07:52:17 [emerg] 1#1: "log_format" directive is not allowed here in /etc/nginx/conf.d/default.conf:7
2026/09/23 07:52:17 [emerg] 1#1: "log_format" directive is not allowed here in /etc/nginx/conf.d/default.conf:7
2026/09/23 07:52:17 [emerg] 1#1: "log_format" directive is not allowed here in /etc/nginx/conf.d/default.conf:7
2026/09/23 07:52:18 [emerg] 1#1: "log_format" directive is not allowed here in /etc/nginx/conf.d/default.conf:7
2026/09/23 07:52:18 [emerg] 1#1: "log_format" directive is not allowed here in /etc/nginx/conf.d/default.conf:7
2026/09/23 07:52:18 [emerg] 1#1: "log_format" directive is not allowed here in /etc/nginx/conf.d/default.conf:7
2026/09/23 07:52:18 [emerg] 1#1: "log_format" directive is not allowed here in /etc/nginx/conf.d/default.conf:7
2026/09/23 07:52:18 [emerg] 1#1: "log_format" directive is not allowed here in /etc/nginx/conf.d/default.conf:7
2026/09/23 07:52:18 [emerg] 1#1: "log_format" directive is not allowed here in /etc/nginx/conf.d/default.conf:7
2026/09/23 07:52:18 [emerg] 1#1: "log_format" directive is not allowed here in /etc/nginx/conf.d/default.conf:7
2026/09/23 07:52:18 [emerg] 1#1: "log_format" directive is not allowed here in /etc/nginx/conf.d/default.conf:7
2026/09/23 07:52:19 [emerg] 1#1: "log_format" directive is not allowed here in /etc/nginx/conf.d/default.conf:7
2026/09/23 07:52:19 [emerg] 1#1: "log_format" directive is not allowed here in /etc/nginx/conf.d/default.conf:7
2026/09/23 07:52:19 [emerg] 1#1: "log_format" directive is not allowed here in /etc/nginx/conf.d/default.conf:7
2026/09/23 07:52:19 [emerg] 1#1: "log_format" directive is not allowed here in /etc/nginx/conf.d/default.conf:7
2026/09/23 07:52:19 [emerg] 1#1: "log_format" directive is not allowed here in /etc/nginx/conf.d/default.conf:7
2026/09/23 07:52:19 [emerg] 1#1: "log_format" directive is not allowed here in /etc/nginx/conf.d/default.conf:7
2026/09/23 07:52:19 [emerg] 1#1: "log_format" directive is not allowed here in /etc/nginx/conf.d/default.conf:7
2026/09/23 07:52:19 [emerg] 1#1: "log_format" directive is not allowed here in /etc/nginx/conf.d/default.conf:7
2026/09/23 07:52:20 [emerg] 1#1: "log_format" directive is not allowed here in /etc/nginx/conf.d/default.conf:7
2026/09/23 07:52:20 [emerg] 1#1: "log_format" directive is not allowed here in /etc/nginx/conf.d/default.conf:7
2026/09/23 07:52:20 [emerg] 1#1: "log_format" directive is not allowed here in /etc/nginx/conf.d/default.conf:7
2026/09/23 07:52:20 [emerg] 1#1: "log_format" directive is not allowed here in /etc/nginx/conf.d/default.conf:7
2026/09/23 07:52:20 [emerg] 1#1: "log_format" directive is not allowed here in /etc/nginx/conf.d/default.conf:7
2026/09/23 07:52:20 [emerg] 1#1: "log_format" directive is not allowed here in /etc/nginx/conf.d/default.conf:7
2026/09/23 07:52:20 [emerg] 1#1: "log_format" directive is not allowed here in /etc/nginx/conf.d/default.conf:7
2026/09/23 07:52:20 [emerg] 1#1: "log_format" directive is not allowed here in /etc/nginx/conf.d/default.conf:7
2026/09/23 07:52:21 [emerg] 1#1: "log_format" directive is not allowed here in /etc/nginx/conf.d/default.conf:7
2026/09/23 07:52:21 [emerg] 1#1: "log_format" directive is not allowed here in /etc/nginx/conf.d/default.conf:7
2026/09/23 07:52:21 [emerg] 1#1: "log_format" directive is not allowed here in /etc/nginx/conf.d/default.conf:7
2026/09/23 07:52:21 [emerg] 1#1: "log_format" directive is not allowed here in /etc/nginx/conf.d/default.conf:7
2026/09/23 07:52:21 [emerg] 1#1: "log_format" directive is not allowed here in /etc/nginx/conf.d/default.conf:7
2026/09/23 07:52:21 [emerg] 1#1: "log_format" directive is not allowed here in /etc/nginx/conf.d/default.conf:7
2026/09/23 07:52:21 [emerg] 1#1: "log_format" directive is not allowed here in /etc/nginx/conf.d/default.conf:7
2026/09/23 07:52:21 [emerg] 1#1: "log_format" directive is not allowed here in /etc/nginx/conf.d/default.conf:7
2026/09/23 07:52:22 [emerg] 1#1: "log_format" directive is not allowed here in /etc/nginx/conf.d/default.conf:7
2026/09/23 07:52:22 [emerg] 1#1: "log_format" directive is not allowed here in /etc/nginx/conf.d/default.conf:7
2026/09/23 07:52:22 [emerg] 1#1: "log_format" directive is not allowed here in /etc/nginx/conf.d/default.conf:7
2026/09/23 07:52:22 [emerg] 1#1: "log_format" directive is not allowed here in /etc/nginx/conf.d/default.conf:7
2026/09/23 07:52:22 [emerg] 1#1: "log_format" directive is not allowed here in /etc/nginx/conf.d/default.conf:7
2026/09/23 07:52:22 [emerg] 1#1: "log_format" directive is not allowed here in /etc/nginx/conf.d/default.conf:7
2026/09/23 07:52:22 [emerg] 1#1: "log_format" directive is not allowed here in /etc/nginx/conf.d/default.conf:7
2026/09/23 07:52:22 [emerg] 1#1: "log_format" directive is not allowed here in /etc/nginx/conf.d/default.conf:7
2026/09/23 07:52:23 [emerg] 1#1: "log_format" directive is not allowed here in /etc/nginx/conf.d/default.conf:7
2026/09/23 07:52:23 [emerg] 1#1: "log_format" directive is not allowed here in /etc/nginx/conf.d/default.conf:7
2026/09/23 07:52:23 [emerg] 1#1: "log_format" directive is not allowed here in /etc/nginx/conf.d/default.conf:7
2026/09/23 07:52:23 [emerg] 1#1: "log_format" directive is not allowed here in /etc/nginx/conf.d/default.conf:7
2026/09/23 07:52:23 [emerg] 1#1: "log_format" directive is not allowed here in /etc/nginx/conf.d/default.conf:7
2026/09/23 07:52:23 [emerg] 1#1: "log_format" directive is not allowed here in /etc/nginx/conf.d/default.conf:7
2026/09/23 07:52:23 [emerg] 1#1: "log_format" directive is not allowed here in /etc/nginx/conf.d/default.conf:7
2026/09/23 07:52:23 [emerg] 1#1: "log_format" directive is not allowed here in /etc/nginx/conf.d/default.conf:7
2026/09/23 07:52:24 [emerg] 1#1: "log_format" directive is not allowed here in /etc/nginx/conf.d/default.conf:7
2026/09/23 07:52:24 [emerg] 1#1: "log_format" directive is not allowed here in /etc/nginx/conf.d/default.conf:7
2026/09/23 07:52:24 [emerg] 1#1: "log_format" directive is not allowed here in /etc/nginx/conf.d/default.conf:7
2026/09/23 07:52:24 [emerg] 1#1: "log_format" directive is not allowed here in /etc/nginx/conf.d/default.conf:7
2026/09/23 07:52:24 [emerg] 1#1: "log_format" directive is not allowed here in /etc/nginx/conf.d/default.conf:7
2026/09/23 07:52:24 [emerg] 1#1: "log_format" directive is not allowed here in /etc/nginx/conf.d/default.conf:7
2026/09/23 07:52:24 [emerg] 1#1: "log_format" directive is not allowed here in /etc/nginx/conf.d/default.conf:7
2026/09/23 07:52:24 [emerg] 1#1: "log_format" directive is not allowed here in /etc/nginx/conf.d/default.conf:7
2026/09/23 07:52:24 [emerg] 1#1: "log_format" directive is not allowed here in /etc/nginx/conf.d/default.conf:7
2026/09/23 07:52:25 [emerg] 1#1: "log_format" directive is not allowed here in /etc/nginx/conf.d/default.conf:7
2026/09/23 07:52:25 [emerg] 1#1: "log_format" directive is not allowed here in /etc/nginx/conf.d/default.conf:7
2026/09/23 07:52:25 [emerg] 1#1: "log_format" directive is not allowed here in /etc/nginx/conf.d/default.conf:7
2026/09/23 07:52:25 [emerg] 1#1: "log_format" directive is not allowed here in /etc/nginx/conf.d/default.conf:7
2026/09/23 07:52:25 [emerg] 1#1: "log_format" directive is not allowed here in /etc/nginx/conf.d/default.conf:7
2026/09/23 07:52:25 [emerg] 1#1: "log_format" directive is not allowed here in /etc/nginx/conf.d/default.conf:7
2026/09/23 07:52:25 [emerg] 1#1: "log_format" directive is not allowed here in /etc/nginx/conf.d/default.conf:7
2026/09/23 07:52:25 [emerg] 1#1: "log_format" directive is not allowed here in /etc/nginx/conf.d/default.conf:7
2026/09/23 07:52:25 [emerg] 1#1: "log_format" directive is not allowed here in /etc/nginx/conf.d/default.conf:7
2026/09/23 07:52:26 [emerg] 1#1: "log_format" directive is not allowed here in /etc/nginx/conf.d/default.conf:7
2026/09/23 07:52:26 [emerg] 1#1: "log_format" directive is not allowed here in /etc/nginx/conf.d/default.conf:7
2026/09/23 07:52:26 [emerg] 1#1: "log_format" directive is not allowed here in /etc/nginx/conf.d/default.conf:7
2026/09/23 07:52:26 [emerg] 1#1: "log_format" directive is not allowed here in /etc/nginx/conf.d/default.conf:7
2026/09/23 07:52:26 [emerg] 1#1: "log_format" directive is not allowed here in /etc/nginx/conf.d/default.conf:7
2026/09/23 07:52:26 [emerg] 1#1: "log_format" directive is not allowed here in /etc/nginx/conf.d/default.conf:7
2026/09/23 07:52:26 [emerg] 1#1: "log_format" directive is not allowed here in /etc/nginx/conf.d/default.conf:7
2026/09/23 07:52:26 [emerg] 1#1: "log_format" directive is not allowed here in /etc/nginx/conf.d/default.conf:7
2026/09/23 07:52:27 [emerg] 1#1: "log_format" directive is not allowed here in /etc/nginx/conf.d/default.conf:7
2026/09/23 07:52:27 [emerg] 1#1: "log_format" directive is not allowed here in /etc/nginx/conf.d/default.conf:7
2026/09/23 07:52:27 [emerg] 1#1: "log_format" directive is not allowed here in /etc/nginx/conf.d/default.conf:7
2026/09/23 07:52:27 [emerg] 1#1: "log_format" directive is not allowed here in /etc/nginx/conf.d/default.conf:7
2026/09/23 07:52:27 [emerg] 1#1: "log_format" directive is not allowed here in /etc/nginx/conf.d/default.conf:7
2026/09/23 07:52:27 [emerg] 1#1: "log_format" directive is not allowed here in /etc/nginx/conf.d/default.conf:7
2026/09/23 07:52:27 [emerg] 1#1: "log_format" directive is not allowed here in /etc/nginx/conf.d/default.conf:7
2026/09/23 07:52:27 [emerg] 1#1: "log_format" directive is not allowed here in /etc/nginx/conf.d/default.conf:7
2026/09/23 07:52:27 [emerg] 1#1: "log_format" directive is not allowed here in /etc/nginx/conf.d/default.conf:7
2026/09/23 07:52:28 [emerg] 1#1: "log_format" directive is not allowed here in /etc/nginx/conf.d/default.conf:7
2026/09/23 07:52:28 [emerg] 1#1: "log_format" directive is not allowed here in /etc/nginx/conf.d/default.conf:7
2026/09/23 07:52:28 [emerg] 1#1: "log_format" directive is not allowed here in /etc/nginx/conf.d/default.conf:7
2026/09/23 07:52:28 [emerg] 1#1: "log_format" directive is not allowed here in /etc/nginx/conf.d/default.conf:7
2026/09/23 07:52:28 [emerg] 1#1: "log_format" directive is not allowed here in /etc/nginx/conf.d/default.conf:7
2026/09/23 07:52:28 [emerg] 1#1: "log_format" directive is not allowed here in /etc/nginx/conf.d/default.conf:7
2026/09/23 07:52:28 [emerg] 1#1: "log_format" directive is not allowed here in /etc/nginx/conf.d/default.conf:7
2026/09/23 07:52:28 [emerg] 1#1: "log_format" directive is not allowed here in /etc/nginx/conf.d/default.conf:7
2026/09/23 07:52:28 [emerg] 1#1: "log_format" directive is not allowed here in /etc/nginx/conf.d/default.conf:7
2026/09/23 07:52:29 [emerg] 1#1: "log_format" directive is not allowed here in /etc/nginx/conf.d/default.conf:7
2026/09/23 07:52:29 [emerg] 1#1: "log_format" directive is not allowed here in /etc/nginx/conf.d/default.conf:7
2026/09/23 07:52:29 [emerg] 1#1: "log_format" directive is not allowed here in /etc/nginx/conf.d/default.conf:7
2026/09/23 07:52:29 [emerg] 1#1: "log_format" directive is not allowed here in /etc/nginx/conf.d/default.conf:7
2026/09/23 07:52:29 [emerg] 1#1: "log_format" directive is not allowed here in /etc/nginx/conf.d/default.conf:7
2026/09/23 07:52:29 [emerg] 1#1: "log_format" directive is not allowed here in /etc/nginx/conf.d/default.conf:7
2026/09/23 07:52:29 [emerg] 1#1: "log_format" directive is not allowed here in /etc/nginx/conf.d/default.conf:7
2026/09/23 07:52:29 [emerg] 1#1: "log_format" directive is not allowed here in /etc/nginx/conf.d/default.conf:7
2026/09/23 07:52:30 [emerg] 1#1: "log_format" directive is not allowed here in /etc/nginx/conf.d/default.conf:7
2026/09/23 07:52:30 [emerg] 1#1: "log_format" directive is not allowed here in /etc/nginx/conf.d/default.conf:7
2026/09/23 07:52:30 [emerg] 1#1: "log_format" directive is not allowed here in /etc/nginx/conf.d/default.conf:7
2026/09/23 07:52:30 [emerg] 1#1: "log_format" directive is not allowed here in /etc/nginx/conf.d/default.conf:7
2026/09/23 07:52:30 [emerg] 1#1: "log_format" directive is not allowed here in /etc/nginx/conf.d/default.conf:7
2026/09/23 07:52:30 [emerg] 1#1: "log_format" directive is not allowed here in /etc/nginx/conf.d/default.conf:7
2026/09/23 07:52:30 [emerg] 1#1: "log_format" directive is not allowed here in /etc/nginx/conf.d/default.conf:7
2026/09/23 07:52:30 [emerg] 1#1: "log_format" directive is not allowed here in /etc/nginx/conf.d/default.conf:7
2026/09/23 07:52:31 [emerg] 1#1: "log_format" directive is not allowed here in /etc/nginx/conf.d/default.conf:7
2026/09/23 07:52:31 [emerg] 1#1: "log_format" directive is not allowed here in /etc/nginx/conf.d/default.conf:7
2026/09/23 07:52:31 [emerg] 1#1: "log_format" directive is not allowed here in /etc/nginx/conf.d/default.conf:7
2026/09/23 07:52:31 [emerg] 1#1: "log_format" directive is not allowed here in /etc/nginx/conf.d/default.conf:7
2026/09/23 07:52:31 [emerg] 1#1: "log_format" directive is not allowed here in /etc/nginx/conf.d/default.conf:7
2026/09/23 07:52:31 [emerg] 1#1: "log_format" directive is not allowed here in /etc/nginx/conf.d/default.conf:7
2026/09/23 07:52:31 [emerg] 1#1: "log_format" directive is not allowed here in /etc/nginx/conf.d/default.conf:7
2026/09/23 07:52:31 [emerg] 1#1: "log_format" directive is not allowed here in /etc/nginx/conf.d/default.conf:7
2026/09/23 07:52:31 [emerg] 1#1: "log_format" directive is not allowed here in /etc/nginx/conf.d/default.conf:7
2026/09/23 07:52:32 [emerg] 1#1: "log_format" directive is not allowed here in /etc/nginx/conf.d/default.conf:7
2026/09/23 07:52:32 [emerg] 1#1: "log_format" directive is not allowed here in /etc/nginx/conf.d/default.conf:7
2026/09/23 07:52:32 [emerg] 1#1: "log_format" directive is not allowed here in /etc/nginx/conf.d/default.conf:7
2026/09/23 07:52:32 [emerg] 1#1: "log_format" directive is not allowed here in /etc/nginx/conf.d/default.conf:7
2026/09/23 07:52:32 [emerg] 1#1: "log_format" directive is not allowed here in /etc/nginx/conf.d/default.conf:7
2026/09/23 07:52:32 [emerg] 1#1: "log_format" directive is not allowed here in /etc/nginx/conf.d/default.conf:7
2026/09/23 07:52:32 [emerg] 1#1: "log_format" directive is not allowed here in /etc/nginx/conf.d/default.conf:7
2026/09/23 07:52:33 [emerg] 1#1: "log_format" directive is not allowed here in /etc/nginx/conf.d/default.conf:7
2026/09/23 07:52:33 [emerg] 1#1: "log_format" directive is not allowed here in /etc/nginx/conf.d/default.conf:7
2026/09/23 07:52:33 [emerg] 1#1: "log_format" directive is not allowed here in /etc/nginx/conf.d/default.conf:7
2026/09/23 07:52:33 [emerg] 1#1: "log_format" directive is not allowed here in /etc/nginx/conf.d/default.conf:7
2026/09/23 07:52:33 [emerg] 1#1: "log_format" directive is not allowed here in /etc/nginx/conf.d/default.conf:7
2026/09/23 07:52:33 [emerg] 1#1: "log_format" directive is not allowed here in /etc/nginx/conf.d/default.conf:7
2026/09/23 07:52:33 [emerg] 1#1: "log_format" directive is not allowed here in /etc/nginx/conf.d/default.conf:7
2026/09/23 07:52:33 [emerg] 1#1: "log_format" directive is not allowed here in /etc/nginx/conf.d/default.conf:7
2026/09/23 07:52:33 [emerg] 1#1: "log_format" directive is not allowed here in /etc/nginx/conf.d/default.conf:7
2026/09/23 07:52:34 [emerg] 1#1: "log_format" directive is not allowed here in /etc/nginx/conf.d/default.conf:7
2026/09/23 07:52:34 [emerg] 1#1: "log_format" directive is not allowed here in /etc/nginx/conf.d/default.conf:7
2026/09/23 07:52:34 [emerg] 1#1: "log_format" directive is not allowed here in /etc/nginx/conf.d/default.conf:7
2026/09/23 07:52:34 [emerg] 1#1: "log_format" directive is not allowed here in /etc/nginx/conf.d/default.conf:7
2026/09/23 07:52:34 [emerg] 1#1: "log_format" directive is not allowed here in /etc/nginx/conf.d/default.conf:7
2026/09/23 07:52:34 [emerg] 1#1: "log_format" directive is not allowed here in /etc/nginx/conf.d/default.conf:7
2026/09/23 07:52:34 [emerg] 1#1: "log_format" directive is not allowed here in /etc/nginx/conf.d/default.conf:7
2026/09/23 07:52:34 [emerg] 1#1: "log_format" directive is not allowed here in /etc/nginx/conf.d/default.conf:7
2026/09/23 07:52:34 [emerg] 1#1: "log_format" directive is not allowed here in /etc/nginx/conf.d/default.conf:7
2026/09/23 07:52:35 [emerg] 1#1: "log_format" directive is not allowed here in /etc/nginx/conf.d/default.conf:7
2026/09/23 07:52:35 [emerg] 1#1: "log_format" directive is not allowed here in /etc/nginx/conf.d/default.conf:7
2026/09/23 07:52:35 [emerg] 1#1: "log_format" directive is not allowed here in /etc/nginx/conf.d/default.conf:7
2026/09/23 07:52:35 [emerg] 1#1: "log_format" directive is not allowed here in /etc/nginx/conf.d/default.conf:7
2026/09/23 07:52:35 [emerg] 1#1: "log_format" directive is not allowed here in /etc/nginx/conf.d/default.conf:7
2026/09/23 07:52:35 [emerg] 1#1: "log_format" directive is not allowed here in /etc/nginx/conf.d/default.conf:7
2026/09/23 07:52:35 [emerg] 1#1: "log_format" directive is not allowed here in /etc/nginx/conf.d/default.conf:7
2026/09/23 07:52:35 [emerg] 1#1: "log_format" directive is not allowed here in /etc/nginx/conf.d/default.conf:7
2026/09/23 07:52:36 [emerg] 1#1: "log_format" directive is not allowed here in /etc/nginx/conf.d/default.conf:7
2026/09/23 07:52:36 [emerg] 1#1: "log_format" directive is not allowed here in /etc/nginx/conf.d/default.conf:7
2026/09/23 07:52:36 [emerg] 1#1: "log_format" directive is not allowed here in /etc/nginx/conf.d/default.conf:7
2026/09/23 07:52:36 [emerg] 1#1: "log_format" directive is not allowed here in /etc/nginx/conf.d/default.conf:7
2026/09/23 07:52:36 [emerg] 1#1: "log_format" directive is not allowed here in /etc/nginx/conf.d/default.conf:7
2026/09/23 07:52:36 [emerg] 1#1: "log_format" directive is not allowed here in /etc/nginx/conf.d/default.conf:7
2026/09/23 07:52:36 [emerg] 1#1: "log_format" directive is not allowed here in /etc/nginx/conf.d/default.conf:7
2026/09/23 07:52:36 [emerg] 1#1: "log_format" directive is not allowed here in /etc/nginx/conf.d/default.conf:7
2026/09/23 07:52:37 [emerg] 1#1: "log_format" directive is not allowed here in /etc/nginx/conf.d/default.conf:7
2026/09/23 07:52:37 [emerg] 1#1: "log_format" directive is not allowed here in /etc/nginx/conf.d/default.conf:7
2026/09/23 07:52:37 [emerg] 1#1: "log_format" directive is not allowed here in /etc/nginx/conf.d/default.conf:7
2026/09/23 07:52:37 [emerg] 1#1: "log_format" directive is not allowed here in /etc/nginx/conf.d/default.conf:7
2026/09/23 07:52:37 [emerg] 1#1: "log_format" directive is not allowed here in /etc/nginx/conf.d/default.conf:7
2026/09/23 07:52:37 [emerg] 1#1: "log_format" directive is not allowed here in /etc/nginx/conf.d/default.conf:7
2026/09/23 07:52:37 [emerg] 1#1: "log_format" directive is not allowed here in /etc/nginx/conf.d/default.conf:7
2026/09/23 07:52:37 [emerg] 1#1: "log_format" directive is not allowed here in /etc/nginx/conf.d/default.conf:7
2026/09/23 07:52:37 [emerg] 1#1: "log_format" directive is not allowed here in /etc/nginx/conf.d/default.conf:7
2026/09/23 07:52:38 [emerg] 1#1: "log_format" directive is not allowed here in /etc/nginx/conf.d/default.conf:7
2026/09/23 07:52:38 [emerg] 1#1: "log_format" directive is not allowed here in /etc/nginx/conf.d/default.conf:7
2026/09/23 07:52:38 [emerg] 1#1: "log_format" directive is not allowed here in /etc/nginx/conf.d/default.conf:7
2026/09/23 07:52:38 [emerg] 1#1: "log_format" directive is not allowed here in /etc/nginx/conf.d/default.conf:7
2026/09/23 07:52:38 [emerg] 1#1: "log_format" directive is not allowed here in /etc/nginx/conf.d/default.conf:7
2026/09/23 07:52:38 [emerg] 1#1: "log_format" directive is not allowed here in /etc/nginx/conf.d/default.conf:7
2026/09/23 07:52:38 [emerg] 1#1: "log_format" directive is not allowed here in /etc/nginx/conf.d/default.conf:7
2026/09/23 07:52:38 [emerg] 1#1: "log_format" directive is not allowed here in /etc/nginx/conf.d/default.conf:7
2026/09/23 07:52:39 [emerg] 1#1: "log_format" directive is not allowed here in /etc/nginx/conf.d/default.conf:7
2026/09/23 07:52:39 [emerg] 1#1: "log_format" directive is not allowed here in /etc/nginx/conf.d/default.conf:7
2026/09/23 07:52:39 [emerg] 1#1: "log_format" directive is not allowed here in /etc/nginx/conf.d/default.conf:7
2026/09/23 07:52:39 [emerg] 1#1: "log_format" directive is not allowed here in /etc/nginx/conf.d/default.conf:7
2026/09/23 07:52:39 [emerg] 1#1: "log_format" directive is not allowed here in /etc/nginx/conf.d/default.conf:7
2026/09/23 07:52:39 [emerg] 1#1: "log_format" directive is not allowed here in /etc/nginx/conf.d/default.conf:7
2026/09/23 07:52:39 [emerg] 1#1: "log_format" directive is not allowed here in /etc/nginx/conf.d/default.conf:7
2026/09/23 07:52:39 [emerg] 1#1: "log_format" directive is not allowed here in /etc/nginx/conf.d/default.conf:7
2026/09/23 07:52:40 [emerg] 1#1: "log_format" directive is not allowed here in /etc/nginx/conf.d/default.conf:7
2026/09/23 07:52:40 [emerg] 1#1: "log_format" directive is not allowed here in /etc/nginx/conf.d/default.conf:7
2026/09/23 07:52:40 [emerg] 1#1: "log_format" directive is not allowed here in /etc/nginx/conf.d/default.conf:7
2026/09/23 07:52:40 [emerg] 1#1: "log_format" directive is not allowed here in /etc/nginx/conf.d/default.conf:7
2026/09/23 07:52:40 [emerg] 1#1: "log_format" directive is not allowed here in /etc/nginx/conf.d/default.conf:7
2026/09/23 07:52:40 [emerg] 1#1: "log_format" directive is not allowed here in /etc/nginx/conf.d/default.conf:7
2026/09/23 07:52:40 [emerg] 1#1: "log_format" directive is not allowed here in /etc/nginx/conf.d/default.conf:7
2026/09/23 07:52:40 [emerg] 1#1: "log_format" directive is not allowed here in /etc/nginx/conf.d/default.conf:7
2026/09/23 07:52:40 [emerg] 1#1: "log_format" directive is not allowed here in /etc/nginx/conf.d/default.conf:7
2026/09/23 07:52:41 [emerg] 1#1: "log_format" directive is not allowed here in /etc/nginx/conf.d/default.conf:7
2026/09/23 07:52:41 [emerg] 1#1: "log_format" directive is not allowed here in /etc/nginx/conf.d/default.conf:7
2026/09/23 07:52:41 [emerg] 1#1: "log_format" directive is not allowed here in /etc/nginx/conf.d/default.conf:7
2026/09/23 07:52:41 [emerg] 1#1: "log_format" directive is not allowed here in /etc/nginx/conf.d/default.conf:7
2026/09/23 07:52:41 [emerg] 1#1: "log_format" directive is not allowed here in /etc/nginx/conf.d/default.conf:7
2026/09/23 07:52:41 [emerg] 1#1: "log_format" directive is not allowed here in /etc/nginx/conf.d/default.conf:7
2026/09/23 07:52:41 [emerg] 1#1: "log_format" directive is not allowed here in /etc/nginx/conf.d/default.conf:7
2026/09/23 07:52:41 [emerg] 1#1: "log_format" directive is not allowed here in /etc/nginx/conf.d/default.conf:7
2026/09/23 07:52:42 [emerg] 1#1: "log_format" directive is not allowed here in /etc/nginx/conf.d/default.conf:7
2026/09/23 07:52:42 [emerg] 1#1: "log_format" directive is not allowed here in /etc/nginx/conf.d/default.conf:7
2026/09/23 07:52:42 [emerg] 1#1: "log_format" directive is not allowed here in /etc/nginx/conf.d/default.conf:7
2026/09/23 07:52:42 [emerg] 1#1: "log_format" directive is not allowed here in /etc/nginx/conf.d/default.conf:7
2026/09/23 07:52:42 [emerg] 1#1: "log_format" directive is not allowed here in /etc/nginx/conf.d/default.conf:7
2026/09/23 07:52:42 [emerg] 1#1: "log_format" directive is not allowed here in /etc/nginx/conf.d/default.conf:7
2026/09/23 07:52:42 [emerg] 1#1: "log_format" directive is not allowed here in /etc/nginx/conf.d/default.conf:7
2026/09/23 07:52:42 [emerg] 1#1: "log_format" directive is not allowed here in /etc/nginx/conf.d/default.conf:7
2026/09/23 07:52:42 [emerg] 1#1: "log_format" directive is not allowed here in /etc/nginx/conf.d/default.conf:7
2026/09/23 07:52:43 [emerg] 1#1: "log_format" directive is not allowed here in /etc/nginx/conf.d/default.conf:7
2026/09/23 07:52:43 [emerg] 1#1: "log_format" directive is not allowed here in /etc/nginx/conf.d/default.conf:7
2026/09/23 07:52:43 [emerg] 1#1: "log_format" directive is not allowed here in /etc/nginx/conf.d/default.conf:7
2026/09/23 07:52:43 [emerg] 1#1: "log_format" directive is not allowed here in /etc/nginx/conf.d/default.conf:7
2026/09/23 07:52:43 [emerg] 1#1: "log_format" directive is not allowed here in /etc/nginx/conf.d/default.conf:7
2026/09/23 07:52:43 [emerg] 1#1: "log_format" directive is not allowed here in /etc/nginx/conf.d/default.conf:7
2026/09/23 07:52:43 [emerg] 1#1: "log_format" directive is not allowed here in /etc/nginx/conf.d/default.conf:7
2026/09/23 07:52:43 [emerg] 1#1: "log_format" directive is not allowed here in /etc/nginx/conf.d/default.conf:7
2026/09/23 07:52:44 [emerg] 1#1: "log_format" directive is not allowed here in /etc/nginx/conf.d/default.conf:7
2026/09/23 07:52:44 [emerg] 1#1: "log_format" directive is not allowed here in /etc/nginx/conf.d/default.conf:7
2026/09/23 07:52:44 [emerg] 1#1: "log_format" directive is not allowed here in /etc/nginx/conf.d/default.conf:7
2026/09/23 07:52:44 [emerg] 1#1: "log_format" directive is not allowed here in /etc/nginx/conf.d/default.conf:7
2026/09/23 07:52:44 [emerg] 1#1: "log_format" directive is not allowed here in /etc/nginx/conf.d/default.conf:7
2026/09/23 07:52:44 [emerg] 1#1: "log_format" directive is not allowed here in /etc/nginx/conf.d/default.conf:7
2026/09/23 07:52:44 [emerg] 1#1: "log_format" directive is not allowed here in /etc/nginx/conf.d/default.conf:7
2026/09/23 07:52:44 [emerg] 1#1: "log_format" directive is not allowed here in /etc/nginx/conf.d/default.conf:7
2026/09/23 07:52:44 [emerg] 1#1: "log_format" directive is not allowed here in /etc/nginx/conf.d/default.conf:7
2026/09/23 07:52:45 [emerg] 1#1: "log_format" directive is not allowed here in /etc/nginx/conf.d/default.conf:7
2026/09/23 07:52:45 [emerg] 1#1: "log_format" directive is not allowed here in /etc/nginx/conf.d/default.conf:7
2026/09/23 07:52:45 [emerg] 1#1: "log_format" directive is not allowed here in /etc/nginx/conf.d/default.conf:7
2026/09/23 07:52:45 [emerg] 1#1: "log_format" directive is not allowed here in /etc/nginx/conf.d/default.conf:7
2026/09/23 07:52:45 [emerg] 1#1: "log_format" directive is not allowed here in /etc/nginx/conf.d/default.conf:7
2026/09/23 07:52:45 [emerg] 1#1: "log_format" directive is not allowed here in /etc/nginx/conf.d/default.conf:7
2026/09/23 07:52:46 [emerg] 1#1: "log_format" directive is not allowed here in /etc/nginx/conf.d/default.conf:7
2026/09/23 07:52:46 [emerg] 1#1: "log_format" directive is not allowed here in /etc/nginx/conf.d/default.conf:7
2026/09/23 07:52:46 [emerg] 1#1: "log_format" directive is not allowed here in /etc/nginx/conf.d/default.conf:7
2026/09/23 07:52:46 [emerg] 1#1: "log_format" directive is not allowed here in /etc/nginx/conf.d/default.conf:7
2026/09/23 07:52:46 [emerg] 1#1: "log_format" directive is not allowed here in /etc/nginx/conf.d/default.conf:7
2026/09/23 07:52:46 [emerg] 1#1: "log_format" directive is not allowed here in /etc/nginx/conf.d/default.conf:7
2026/09/23 07:52:46 [emerg] 1#1: "log_format" directive is not allowed here in /etc/nginx/conf.d/default.conf:7
2026/09/23 07:52:47 [emerg] 1#1: "log_format" directive is not allowed here in /etc/nginx/conf.d/default.conf:7
2026/09/23 07:52:47 [emerg] 1#1: "log_format" directive is not allowed here in /etc/nginx/conf.d/default.conf:7
2026/09/23 07:52:47 [emerg] 1#1: "log_format" directive is not allowed here in /etc/nginx/conf.d/default.conf:7
2026/09/23 07:52:47 [emerg] 1#1: "log_format" directive is not allowed here in /etc/nginx/conf.d/default.conf:7
2026/09/23 07:52:47 [emerg] 1#1: "log_format" directive is not allowed here in /etc/nginx/conf.d/default.conf:7
2026/09/23 07:52:47 [emerg] 1#1: "log_format" directive is not allowed here in /etc/nginx/conf.d/default.conf:7
2026/09/23 07:52:47 [emerg] 1#1: "log_format" directive is not allowed here in /etc/nginx/conf.d/default.conf:7
2026/09/23 07:52:47 [emerg] 1#1: "log_format" directive is not allowed here in /etc/nginx/conf.d/default.conf:7
2026/09/23 07:52:48 [emerg] 1#1: "log_format" directive is not allowed here in /etc/nginx/conf.d/default.conf:7
2026/09/23 07:52:48 [emerg] 1#1: "log_format" directive is not allowed here in /etc/nginx/conf.d/default.conf:7
2026/09/23 07:52:48 [emerg] 1#1: "log_format" directive is not allowed here in /etc/nginx/conf.d/default.conf:7
2026/09/23 07:52:48 [emerg] 1#1: "log_format" directive is not allowed here in /etc/nginx/conf.d/default.conf:7
2026/09/23 07:52:48 [emerg] 1#1: "log_format" directive is not allowed here in /etc/nginx/conf.d/default.conf:7
2026/09/23 07:52:48 [emerg] 1#1: "log_format" directive is not allowed here in /etc/nginx/conf.d/default.conf:7
2026/09/23 07:52:48 [emerg] 1#1: "log_format" directive is not allowed here in /etc/nginx/conf.d/default.conf:7
2026/09/23 07:52:48 [emerg] 1#1: "log_format" directive is not allowed here in /etc/nginx/conf.d/default.conf:7
2026/09/23 07:52:48 [emerg] 1#1: "log_format" directive is not allowed here in /etc/nginx/conf.d/default.conf:7
2026/09/23 07:52:49 [emerg] 1#1: "log_format" directive is not allowed here in /etc/nginx/conf.d/default.conf:7
2026/09/23 07:52:49 [emerg] 1#1: "log_format" directive is not allowed here in /etc/nginx/conf.d/default.conf:7
2026/09/23 07:52:49 [emerg] 1#1: "log_format" directive is not allowed here in /etc/nginx/conf.d/default.conf:7
2026/09/23 07:52:49 [emerg] 1#1: "log_format" directive is not allowed here in /etc/nginx/conf.d/default.conf:7
2026/09/23 07:52:49 [emerg] 1#1: "log_format" directive is not allowed here in /etc/nginx/conf.d/default.conf:7
2026/09/23 07:52:49 [emerg] 1#1: "log_format" directive is not allowed here in /etc/nginx/conf.d/default.conf:7
2026/09/23 07:52:49 [emerg] 1#1: "log_format" directive is not allowed here in /etc/nginx/conf.d/default.conf:7
2026/09/23 07:52:49 [emerg] 1#1: "log_format" directive is not allowed here in /etc/nginx/conf.d/default.conf:7
2026/09/23 07:52:49 [emerg] 1#1: "log_format" directive is not allowed here in /etc/nginx/conf.d/default.conf:7
2026/09/23 07:52:50 [emerg] 1#1: "log_format" directive is not allowed here in /etc/nginx/conf.d/default.conf:7
2026/09/23 07:52:50 [emerg] 1#1: "log_format" directive is not allowed here in /etc/nginx/conf.d/default.conf:7
2026/09/23 07:52:50 [emerg] 1#1: "log_format" directive is not allowed here in /etc/nginx/conf.d/default.conf:7
2026/09/23 07:52:50 [emerg] 1#1: "log_format" directive is not allowed here in /etc/nginx/conf.d/default.conf:7
2026/09/23 07:52:50 [emerg] 1#1: "log_format" directive is not allowed here in /etc/nginx/conf.d/default.conf:7
2026/09/23 07:52:50 [emerg] 1#1: "log_format" directive is not allowed here in /etc/nginx/conf.d/default.conf:7
2026/09/23 07:52:50 [emerg] 1#1: "log_format" directive is not allowed here in /etc/nginx/conf.d/default.conf:7
2026/09/23 07:52:50 [emerg] 1#1: "log_format" directive is not allowed here in /etc/nginx/conf.d/default.conf:7
2026/09/23 07:52:50 [emerg] 1#1: "log_format" directive is not allowed here in /etc/nginx/conf.d/default.conf:7
2026/09/23 07:52:51 [emerg] 1#1: "log_format" directive is not allowed here in /etc/nginx/conf.d/default.conf:7
2026/09/23 07:52:51 [emerg] 1#1: "log_format" directive is not allowed here in /etc/nginx/conf.d/default.conf:7
2026/09/23 07:52:51 [emerg] 1#1: "log_format" directive is not allowed here in /etc/nginx/conf.d/default.conf:7
2026/09/23 07:52:51 [emerg] 1#1: "log_format" directive is not allowed here in /etc/nginx/conf.d/default.conf:7
2026/09/23 07:52:51 [emerg] 1#1: "log_format" directive is not allowed here in /etc/nginx/conf.d/default.conf:7
2026/09/23 07:52:51 [emerg] 1#1: "log_format" directive is not allowed here in /etc/nginx/conf.d/default.conf:7
2026/09/23 07:52:51 [emerg] 1#1: "log_format" directive is not allowed here in /etc/nginx/conf.d/default.conf:7
2026/09/23 07:52:51 [emerg] 1#1: "log_format" directive is not allowed here in /etc/nginx/conf.d/default.conf:7
2026/09/23 07:52:52 [emerg] 1#1: "log_format" directive is not allowed here in /etc/nginx/conf.d/default.conf:7
2026/09/23 07:52:52 [emerg] 1#1: "log_format" directive is not allowed here in /etc/nginx/conf.d/default.conf:7
2026/09/23 07:52:52 [emerg] 1#1: "log_format" directive is not allowed here in /etc/nginx/conf.d/default.conf:7
2026/09/23 07:52:52 [emerg] 1#1: "log_format" directive is not allowed here in /etc/nginx/conf.d/default.conf:7
2026/09/23 07:52:52 [emerg] 1#1: "log_format" directive is not allowed here in /etc/nginx/conf.d/default.conf:7
2026/09/23 07:52:52 [emerg] 1#1: "log_format" directive is not allowed here in /etc/nginx/conf.d/default.conf:7
2026/09/23 07:52:52 [emerg] 1#1: "log_format" directive is not allowed here in /etc/nginx/conf.d/default.conf:7
2026/09/23 07:52:52 [emerg] 1#1: "log_format" directive is not allowed here in /etc/nginx/conf.d/default.conf:7
2026/09/23 07:52:52 [emerg] 1#1: "log_format" directive is not allowed here in /etc/nginx/conf.d/default.conf:7
2026/09/23 07:52:53 [emerg] 1#1: "log_format" directive is not allowed here in /etc/nginx/conf.d/default.conf:7
2026/09/23 07:52:53 [emerg] 1#1: "log_format" directive is not allowed here in /etc/nginx/conf.d/default.conf:7
2026/09/23 07:52:53 [emerg] 1#1: "log_format" directive is not allowed here in /etc/nginx/conf.d/default.conf:7
2026/09/23 07:52:53 [emerg] 1#1: "log_format" directive is not allowed here in /etc/nginx/conf.d/default.conf:7
2026/09/23 07:52:53 [emerg] 1#1: "log_format" directive is not allowed here in /etc/nginx/conf.d/default.conf:7
2026/09/23 07:52:53 [emerg] 1#1: "log_format" directive is not allowed here in /etc/nginx/conf.d/default.conf:7
2026/09/23 07:52:53 [emerg] 1#1: "log_format" directive is not allowed here in /etc/nginx/conf.d/default.conf:7
2026/09/23 07:52:53 [emerg] 1#1: "log_format" directive is not allowed here in /etc/nginx/conf.d/default.conf:7
2026/09/23 07:52:54 [emerg] 1#1: "log_format" directive is not allowed here in /etc/nginx/conf.d/default.conf:7
2026/09/23 07:52:54 [emerg] 1#1: "log_format" directive is not allowed here in /etc/nginx/conf.d/default.conf:7
2026/09/23 07:52:54 [emerg] 1#1: "log_format" directive is not allowed here in /etc/nginx/conf.d/default.conf:7
2026/09/23 07:52:54 [emerg] 1#1: "log_format" directive is not allowed here in /etc/nginx/conf.d/default.conf:7
2026/09/23 07:52:54 [emerg] 1#1: "log_format" directive is not allowed here in /etc/nginx/conf.d/default.conf:7
2026/09/23 07:52:54 [emerg] 1#1: "log_format" directive is not allowed here in /etc/nginx/conf.d/default.conf:7
2026/09/23 07:52:54 [emerg] 1#1: "log_format" directive is not allowed here in /etc/nginx/conf.d/default.conf:7
2026/09/23 07:52:54 [emerg] 1#1: "log_format" directive is not allowed here in /etc/nginx/conf.d/default.conf:7
2026/09/23 07:52:54 [emerg] 1#1: "log_format" directive is not allowed here in /etc/nginx/conf.d/default.conf:7
2026/09/23 07:52:55 [emerg] 1#1: "log_format" directive is not allowed here in /etc/nginx/conf.d/default.conf:7
2026/09/23 07:52:55 [emerg] 1#1: "log_format" directive is not allowed here in /etc/nginx/conf.d/default.conf:7
2026/09/23 07:52:55 [emerg] 1#1: "log_format" directive is not allowed here in /etc/nginx/conf.d/default.conf:7
2026/09/23 07:52:55 [emerg] 1#1: "log_format" directive is not allowed here in /etc/nginx/conf.d/default.conf:7
2026/09/23 07:52:55 [emerg] 1#1: "log_format" directive is not allowed here in /etc/nginx/conf.d/default.conf:7
2026/09/23 07:52:55 [emerg] 1#1: "log_format" directive is not allowed here in /etc/nginx/conf.d/default.conf:7
2026/09/23 07:52:55 [emerg] 1#1: "log_format" directive is not allowed here in /etc/nginx/conf.d/default.conf:7
2026/09/23 07:52:55 [emerg] 1#1: "log_format" directive is not allowed here in /etc/nginx/conf.d/default.conf:7
2026/09/23 07:52:55 [emerg] 1#1: "log_format" directive is not allowed here in /etc/nginx/conf.d/default.conf:7
2026/09/23 07:52:56 [emerg] 1#1: "log_format" directive is not allowed here in /etc/nginx/conf.d/default.conf:7
2026/09/23 07:52:56 [emerg] 1#1: "log_format" directive is not allowed here in /etc/nginx/conf.d/default.conf:7
2026/09/23 07:52:56 [emerg] 1#1: "log_format" directive is not allowed here in /etc/nginx/conf.d/default.conf:7
2026/09/23 07:52:56 [emerg] 1#1: "log_format" directive is not allowed here in /etc/nginx/conf.d/default.conf:7
2026/09/23 07:52:56 [emerg] 1#1: "log_format" directive is not allowed here in /etc/nginx/conf.d/default.conf:7
2026/09/23 07:52:56 [emerg] 1#1: "log_format" directive is not allowed here in /etc/nginx/conf.d/default.conf:7
2026/09/23 07:52:56 [emerg] 1#1: "log_format" directive is not allowed here in /etc/nginx/conf.d/default.conf:7
2026/09/23 07:52:56 [emerg] 1#1: "log_format" directive is not allowed here in /etc/nginx/conf.d/default.conf:7
2026/09/23 07:52:56 [emerg] 1#1: "log_format" directive is not allowed here in /etc/nginx/conf.d/default.conf:7
2026/09/23 07:52:57 [emerg] 1#1: "log_format" directive is not allowed here in /etc/nginx/conf.d/default.conf:7
2026/09/23 07:52:57 [emerg] 1#1: "log_format" directive is not allowed here in /etc/nginx/conf.d/default.conf:7
2026/09/23 07:52:57 [emerg] 1#1: "log_format" directive is not allowed here in /etc/nginx/conf.d/default.conf:7
2026/09/23 07:52:57 [emerg] 1#1: "log_format" directive is not allowed here in /etc/nginx/conf.d/default.conf:7
2026/09/23 07:52:57 [emerg] 1#1: "log_format" directive is not allowed here in /etc/nginx/conf.d/default.conf:7
2026/09/23 07:52:57 [emerg] 1#1: "log_format" directive is not allowed here in /etc/nginx/conf.d/default.conf:7
2026/09/23 07:52:57 [emerg] 1#1: "log_format" directive is not allowed here in /etc/nginx/conf.d/default.conf:7
2026/09/23 07:52:57 [emerg] 1#1: "log_format" directive is not allowed here in /etc/nginx/conf.d/default.conf:7
2026/09/23 07:52:58 [emerg] 1#1: "log_format" directive is not allowed here in /etc/nginx/conf.d/default.conf:7
2026/09/23 07:52:58 [emerg] 1#1: "log_format" directive is not allowed here in /etc/nginx/conf.d/default.conf:7
2026/09/23 07:52:58 [emerg] 1#1: "log_format" directive is not allowed here in /etc/nginx/conf.d/default.conf:7
2026/09/23 07:52:58 [emerg] 1#1: "log_format" directive is not allowed here in /etc/nginx/conf.d/default.conf:7
2026/09/23 07:52:58 [emerg] 1#1: "log_format" directive is not allowed here in /etc/nginx/conf.d/default.conf:7
2026/09/23 07:52:58 [emerg] 1#1: "log_format" directive is not allowed here in /etc/nginx/conf.d/default.conf:7
2026/09/23 07:52:58 [emerg] 1#1: "log_format" directive is not allowed here in /etc/nginx/conf.d/default.conf:7
2026/09/23 07:52:58 [emerg] 1#1: "log_format" directive is not allowed here in /etc/nginx/conf.d/default.conf:7
2026/09/23 07:52:59 [emerg] 1#1: "log_format" directive is not allowed here in /etc/nginx/conf.d/default.conf:7
2026/09/23 07:52:59 [emerg] 1#1: "log_format" directive is not allowed here in /etc/nginx/conf.d/default.conf:7
2026/09/23 07:52:59 [emerg] 1#1: "log_format" directive is not allowed here in /etc/nginx/conf.d/default.conf:7
2026/09/23 07:52:59 [emerg] 1#1: "log_format" directive is not allowed here in /etc/nginx/conf.d/default.conf:7
2026/09/23 07:52:59 [emerg] 1#1: "log_format" directive is not allowed here in /etc/nginx/conf.d/default.conf:7
2026/09/23 07:52:59 [emerg] 1#1: "log_format" directive is not allowed here in /etc/nginx/conf.d/default.conf:7
2026/09/23 07:52:59 [emerg] 1#1: "log_format" directive is not allowed here in /etc/nginx/conf.d/default.conf:7
2026/09/23 07:52:59 [emerg] 1#1: "log_format" directive is not allowed here in /etc/nginx/conf.d/default.conf:7
2026/09/23 07:52:59 [emerg] 1#1: "log_format" directive is not allowed here in /etc/nginx/conf.d/default.conf:7
2026/09/23 07:53:00 [emerg] 1#1: "log_format" directive is not allowed here in /etc/nginx/conf.d/default.conf:7
2026/09/23 07:53:00 [emerg] 1#1: "log_format" directive is not allowed here in /etc/nginx/conf.d/default.conf:7
2026/09/23 07:53:00 [emerg] 1#1: "log_format" directive is not allowed here in /etc/nginx/conf.d/default.conf:7
2026/09/23 07:53:00 [emerg] 1#1: "log_format" directive is not allowed here in /etc/nginx/conf.d/default.conf:7
2026/09/23 07:53:00 [emerg] 1#1: "log_format" directive is not allowed here in /etc/nginx/conf.d/default.conf:7
2026/09/23 07:53:00 [emerg] 1#1: "log_format" directive is not allowed here in /etc/nginx/conf.d/default.conf:7
2026/09/23 07:53:00 [emerg] 1#1: "log_format" directive is not allowed here in /etc/nginx/conf.d/default.conf:7
2026/09/23 07:53:00 [emerg] 1#1: "log_format" directive is not allowed here in /etc/nginx/conf.d/default.conf:7
2026/09/23 07:53:01 [emerg] 1#1: "log_format" directive is not allowed here in /etc/nginx/conf.d/default.conf:7
2026/09/23 07:53:01 [emerg] 1#1: "log_format" directive is not allowed here in /etc/nginx/conf.d/default.conf:7
2026/09/23 07:53:01 [emerg] 1#1: "log_format" directive is not allowed here in /etc/nginx/conf.d/default.conf:7
2026/09/23 07:53:01 [emerg] 1#1: "log_format" directive is not allowed here in /etc/nginx/conf.d/default.conf:7
2026/09/23 07:53:01 [emerg] 1#1: "log_format" directive is not allowed here in /etc/nginx/conf.d/default.conf:7
2026/09/23 07:53:01 [emerg] 1#1: "log_format" directive is not allowed here in /etc/nginx/conf.d/default.conf:7
2026/09/23 07:53:01 [emerg] 1#1: "log_format" directive is not allowed here in /etc/nginx/conf.d/default.conf:7
2026/09/23 07:53:01 [emerg] 1#1: "log_format" directive is not allowed here in /etc/nginx/conf.d/default.conf:7
2026/09/23 07:53:01 [emerg] 1#1: "log_format" directive is not allowed here in /etc/nginx/conf.d/default.conf:7
2026/09/23 07:53:02 [emerg] 1#1: "log_format" directive is not allowed here in /etc/nginx/conf.d/default.conf:7
2026/09/23 07:53:02 [emerg] 1#1: "log_format" directive is not allowed here in /etc/nginx/conf.d/default.conf:7
2026/09/23 07:53:02 [emerg] 1#1: "log_format" directive is not allowed here in /etc/nginx/conf.d/default.conf:7
2026/09/23 07:53:02 [emerg] 1#1: "log_format" directive is not allowed here in /etc/nginx/conf.d/default.conf:7
2026/09/23 07:53:02 [emerg] 1#1: "log_format" directive is not allowed here in /etc/nginx/conf.d/default.conf:7
2026/09/23 07:53:02 [emerg] 1#1: "log_format" directive is not allowed here in /etc/nginx/conf.d/default.conf:7
2026/09/23 07:53:02 [emerg] 1#1: "log_format" directive is not allowed here in /etc/nginx/conf.d/default.conf:7
2026/09/23 07:53:02 [emerg] 1#1: "log_format" directive is not allowed here in /etc/nginx/conf.d/default.conf:7
2026/09/23 07:53:03 [emerg] 1#1: "log_format" directive is not allowed here in /etc/nginx/conf.d/default.conf:7
2026/09/23 07:53:03 [emerg] 1#1: "log_format" directive is not allowed here in /etc/nginx/conf.d/default.conf:7
2026/09/23 07:53:03 [emerg] 1#1: "log_format" directive is not allowed here in /etc/nginx/conf.d/default.conf:7
2026/09/23 07:53:03 [emerg] 1#1: "log_format" directive is not allowed here in /etc/nginx/conf.d/default.conf:7
2026/09/23 07:53:03 [emerg] 1#1: "log_format" directive is not allowed here in /etc/nginx/conf.d/default.conf:7
2026/09/23 07:53:03 [emerg] 1#1: "log_format" directive is not allowed here in /etc/nginx/conf.d/default.conf:7
2026/09/23 07:53:03 [emerg] 1#1: "log_format" directive is not allowed here in /etc/nginx/conf.d/default.conf:7
2026/09/23 07:53:03 [emerg] 1#1: "log_format" directive is not allowed here in /etc/nginx/conf.d/default.conf:7
2026/09/23 07:53:04 [emerg] 1#1: "log_format" directive is not allowed here in /etc/nginx/conf.d/default.conf:7
2026/09/23 07:53:04 [emerg] 1#1: "log_format" directive is not allowed here in /etc/nginx/conf.d/default.conf:7
2026/09/23 07:53:04 [emerg] 1#1: "log_format" directive is not allowed here in /etc/nginx/conf.d/default.conf:7
2026/09/23 07:53:04 [emerg] 1#1: "log_format" directive is not allowed here in /etc/nginx/conf.d/default.conf:7
2026/09/23 07:53:04 [emerg] 1#1: "log_format" directive is not allowed here in /etc/nginx/conf.d/default.conf:7
2026/09/23 07:53:04 [emerg] 1#1: "log_format" directive is not allowed here in /etc/nginx/conf.d/default.conf:7
2026/09/23 07:53:04 [emerg] 1#1: "log_format" directive is not allowed here in /etc/nginx/conf.d/default.conf:7
2026/09/23 07:53:04 [emerg] 1#1: "log_format" directive is not allowed here in /etc/nginx/conf.d/default.conf:7
2026/09/23 07:53:04 [emerg] 1#1: "log_format" directive is not allowed here in /etc/nginx/conf.d/default.conf:7
2026/09/23 07:53:05 [emerg] 1#1: "log_format" directive is not allowed here in /etc/nginx/conf.d/default.conf:7
2026/09/23 07:53:05 [emerg] 1#1: "log_format" directive is not allowed here in /etc/nginx/conf.d/default.conf:7
2026/09/23 07:53:05 [emerg] 1#1: "log_format" directive is not allowed here in /etc/nginx/conf.d/default.conf:7
2026/09/23 07:53:05 [emerg] 1#1: "log_format" directive is not allowed here in /etc/nginx/conf.d/default.conf:7
2026/09/23 07:53:05 [emerg] 1#1: "log_format" directive is not allowed here in /etc/nginx/conf.d/default.conf:7
2026/09/23 07:53:05 [emerg] 1#1: "log_format" directive is not allowed here in /etc/nginx/conf.d/default.conf:7
2026/09/23 07:53:05 [emerg] 1#1: "log_format" directive is not allowed here in /etc/nginx/conf.d/default.conf:7
2026/09/23 07:53:05 [emerg] 1#1: "log_format" directive is not allowed here in /etc/nginx/conf.d/default.conf:7
2026/09/23 07:53:06 [emerg] 1#1: "log_format" directive is not allowed here in /etc/nginx/conf.d/default.conf:7
2026/09/23 07:53:06 [emerg] 1#1: "log_format" directive is not allowed here in /etc/nginx/conf.d/default.conf:7
2026/09/23 07:53:06 [emerg] 1#1: "log_format" directive is not allowed here in /etc/nginx/conf.d/default.conf:7
2026/09/23 07:53:06 [emerg] 1#1: "log_format" directive is not allowed here in /etc/nginx/conf.d/default.conf:7
2026/09/23 07:53:06 [emerg] 1#1: "log_format" directive is not allowed here in /etc/nginx/conf.d/default.conf:7
2026/09/23 07:53:06 [emerg] 1#1: "log_format" directive is not allowed here in /etc/nginx/conf.d/default.conf:7
2026/09/23 07:53:06 [emerg] 1#1: "log_format" directive is not allowed here in /etc/nginx/conf.d/default.conf:7
2026/09/23 07:53:06 [emerg] 1#1: "log_format" directive is not allowed here in /etc/nginx/conf.d/default.conf:7
2026/09/23 07:53:07 [emerg] 1#1: "log_format" directive is not allowed here in /etc/nginx/conf.d/default.conf:7
2026/09/23 07:53:07 [emerg] 1#1: "log_format" directive is not allowed here in /etc/nginx/conf.d/default.conf:7
2026/09/23 07:53:07 [emerg] 1#1: "log_format" directive is not allowed here in /etc/nginx/conf.d/default.conf:7
2026/09/23 07:53:07 [emerg] 1#1: "log_format" directive is not allowed here in /etc/nginx/conf.d/default.conf:7
2026/09/23 07:53:07 [emerg] 1#1: "log_format" directive is not allowed here in /etc/nginx/conf.d/default.conf:7
2026/09/23 07:53:07 [emerg] 1#1: "log_format" directive is not allowed here in /etc/nginx/conf.d/default.conf:7
2026/09/23 07:53:07 [emerg] 1#1: "log_format" directive is not allowed here in /etc/nginx/conf.d/default.conf:7
2026/09/23 07:53:07 [emerg] 1#1: "log_format" directive is not allowed here in /etc/nginx/conf.d/default.conf:7
2026/09/23 07:53:08 [emerg] 1#1: "log_format" directive is not allowed here in /etc/nginx/conf.d/default.conf:7
2026/09/23 07:53:08 [emerg] 1#1: "log_format" directive is not allowed here in /etc/nginx/conf.d/default.conf:7
2026/09/23 07:53:08 [emerg] 1#1: "log_format" directive is not allowed here in /etc/nginx/conf.d/default.conf:7
2026/09/23 07:53:08 [emerg] 1#1: "log_format" directive is not allowed here in /etc/nginx/conf.d/default.conf:7
2026/09/23 07:53:08 [emerg] 1#1: "log_format" directive is not allowed here in /etc/nginx/conf.d/default.conf:7
2026/09/23 07:53:08 [emerg] 1#1: "log_format" directive is not allowed here in /etc/nginx/conf.d/default.conf:7
2026/09/23 07:53:08 [emerg] 1#1: "log_format" directive is not allowed here in /etc/nginx/conf.d/default.conf:7
2026/09/23 07:53:08 [emerg] 1#1: "log_format" directive is not allowed here in /etc/nginx/conf.d/default.conf:7
2026/09/23 07:53:09 [emerg] 1#1: "log_format" directive is not allowed here in /etc/nginx/conf.d/default.conf:7
2026/09/23 07:53:09 [emerg] 1#1: "log_format" directive is not allowed here in /etc/nginx/conf.d/default.conf:7
2026/09/23 07:53:09 [emerg] 1#1: "log_format" directive is not allowed here in /etc/nginx/conf.d/default.conf:7
2026/09/23 07:53:09 [emerg] 1#1: "log_format" directive is not allowed here in /etc/nginx/conf.d/default.conf:7
2026/09/23 07:53:09 [emerg] 1#1: "log_format" directive is not allowed here in /etc/nginx/conf.d/default.conf:7
2026/09/23 07:53:09 [emerg] 1#1: "log_format" directive is not allowed here in /etc/nginx/conf.d/default.conf:7
2026/09/23 07:53:09 [emerg] 1#1: "log_format" directive is not allowed here in /etc/nginx/conf.d/default.conf:7
2026/09/23 07:53:09 [emerg] 1#1: "log_format" directive is not allowed here in /etc/nginx/conf.d/default.conf:7
2026/09/23 07:53:10 [emerg] 1#1: "log_format" directive is not allowed here in /etc/nginx/conf.d/default.conf:7
2026/09/23 07:53:10 [emerg] 1#1: "log_format" directive is not allowed here in /etc/nginx/conf.d/default.conf:7
2026/09/23 07:53:10 [emerg] 1#1: "log_format" directive is not allowed here in /etc/nginx/conf.d/default.conf:7
2026/09/23 07:53:10 [emerg] 1#1: "log_format" directive is not allowed here in /etc/nginx/conf.d/default.conf:7
2026/09/23 07:53:10 [emerg] 1#1: "log_format" directive is not allowed here in /etc/nginx/conf.d/default.conf:7
2026/09/23 07:53:10 [emerg] 1#1: "log_format" directive is not allowed here in /etc/nginx/conf.d/default.conf:7
2026/09/23 07:53:10 [emerg] 1#1: "log_format" directive is not allowed here in /etc/nginx/conf.d/default.conf:7
2026/09/23 07:53:10 [emerg] 1#1: "log_format" directive is not allowed here in /etc/nginx/conf.d/default.conf:7
2026/09/23 07:53:10 [emerg] 1#1: "log_format" directive is not allowed here in /etc/nginx/conf.d/default.conf:7
2026/09/23 07:53:11 [emerg] 1#1: "log_format" directive is not allowed here in /etc/nginx/conf.d/default.conf:7
2026/09/23 07:53:11 [emerg] 1#1: "log_format" directive is not allowed here in /etc/nginx/conf.d/default.conf:7
2026/09/23 07:53:11 [emerg] 1#1: "log_format" directive is not allowed here in /etc/nginx/conf.d/default.conf:7
2026/09/23 07:53:11 [emerg] 1#1: "log_format" directive is not allowed here in /etc/nginx/conf.d/default.conf:7
2026/09/23 07:53:11 [emerg] 1#1: "log_format" directive is not allowed here in /etc/nginx/conf.d/default.conf:7
2026/09/23 07:53:11 [emerg] 1#1: "log_format" directive is not allowed here in /etc/nginx/conf.d/default.conf:7
2026/09/23 07:53:11 [emerg] 1#1: "log_format" directive is not allowed here in /etc/nginx/conf.d/default.conf:7
2026/09/23 07:53:11 [emerg] 1#1: "log_format" directive is not allowed here in /etc/nginx/conf.d/default.conf:7
2026/09/23 07:53:12 [emerg] 1#1: "log_format" directive is not allowed here in /etc/nginx/conf.d/default.conf:7
2026/09/23 07:53:12 [emerg] 1#1: "log_format" directive is not allowed here in /etc/nginx/conf.d/default.conf:7
2026/09/23 07:53:12 [emerg] 1#1: "log_format" directive is not allowed here in /etc/nginx/conf.d/default.conf:7
2026/09/23 07:53:12 [emerg] 1#1: "log_format" directive is not allowed here in /etc/nginx/conf.d/default.conf:7
2026/09/23 07:53:12 [emerg] 1#1: "log_format" directive is not allowed here in /etc/nginx/conf.d/default.conf:7
2026/09/23 07:53:12 [emerg] 1#1: "log_format" directive is not allowed here in /etc/nginx/conf.d/default.conf:7
2026/09/23 07:53:12 [emerg] 1#1: "log_format" directive is not allowed here in /etc/nginx/conf.d/default.conf:7
2026/09/23 07:53:12 [emerg] 1#1: "log_format" directive is not allowed here in /etc/nginx/conf.d/default.conf:7
2026/09/23 07:53:12 [emerg] 1#1: "log_format" directive is not allowed here in /etc/nginx/conf.d/default.conf:7
2026/09/23 07:53:13 [emerg] 1#1: "log_format" directive is not allowed here in /etc/nginx/conf.d/default.conf:7
2026/09/23 07:53:13 [emerg] 1#1: "log_format" directive is not allowed here in /etc/nginx/conf.d/default.conf:7
2026/09/23 07:53:13 [emerg] 1#1: "log_format" directive is not allowed here in /etc/nginx/conf.d/default.conf:7
2026/09/23 07:53:13 [emerg] 1#1: "log_format" directive is not allowed here in /etc/nginx/conf.d/default.conf:7
2026/09/23 07:53:13 [emerg] 1#1: "log_format" directive is not allowed here in /etc/nginx/conf.d/default.conf:7
2026/09/23 07:53:13 [emerg] 1#1: "log_format" directive is not allowed here in /etc/nginx/conf.d/default.conf:7
2026/09/23 07:53:13 [emerg] 1#1: "log_format" directive is not allowed here in /etc/nginx/conf.d/default.conf:7
2026/09/23 07:53:13 [emerg] 1#1: "log_format" directive is not allowed here in /etc/nginx/conf.d/default.conf:7
2026/09/23 07:53:14 [emerg] 1#1: "log_format" directive is not allowed here in /etc/nginx/conf.d/default.conf:7
2026/09/23 07:53:14 [emerg] 1#1: "log_format" directive is not allowed here in /etc/nginx/conf.d/default.conf:7
2026/09/23 07:53:14 [emerg] 1#1: "log_format" directive is not allowed here in /etc/nginx/conf.d/default.conf:7
2026/09/23 07:53:14 [emerg] 1#1: "log_format" directive is not allowed here in /etc/nginx/conf.d/default.conf:7
2026/09/23 07:53:14 [emerg] 1#1: "log_format" directive is not allowed here in /etc/nginx/conf.d/default.conf:7
2026/09/23 07:53:14 [emerg] 1#1: "log_format" directive is not allowed here in /etc/nginx/conf.d/default.conf:7
2026/09/23 07:53:14 [emerg] 1#1: "log_format" directive is not allowed here in /etc/nginx/conf.d/default.conf:7
2026/09/23 07:53:14 [emerg] 1#1: "log_format" directive is not allowed here in /etc/nginx/conf.d/default.conf:7
2026/09/23 07:53:15 [emerg] 1#1: "log_format" directive is not allowed here in /etc/nginx/conf.d/default.conf:7
2026/09/23 07:53:15 [emerg] 1#1: "log_format" directive is not allowed here in /etc/nginx/conf.d/default.conf:7
2026/09/23 07:53:15 [emerg] 1#1: "log_format" directive is not allowed here in /etc/nginx/conf.d/default.conf:7
2026/09/23 07:53:15 [emerg] 1#1: "log_format" directive is not allowed here in /etc/nginx/conf.d/default.conf:7
2026/09/23 07:53:15 [emerg] 1#1: "log_format" directive is not allowed here in /etc/nginx/conf.d/default.conf:7
2026/09/23 07:53:15 [emerg] 1#1: "log_format" directive is not allowed here in /etc/nginx/conf.d/default.conf:7
2026/09/23 07:53:15 [emerg] 1#1: "log_format" directive is not allowed here in /etc/nginx/conf.d/default.conf:7
2026/09/23 07:53:15 [emerg] 1#1: "log_format" directive is not allowed here in /etc/nginx/conf.d/default.conf:7
2026/09/23 07:53:16 [emerg] 1#1: "log_format" directive is not allowed here in /etc/nginx/conf.d/default.conf:7
2026/09/23 07:53:16 [emerg] 1#1: "log_format" directive is not allowed here in /etc/nginx/conf.d/default.conf:7
2026/09/23 07:53:16 [emerg] 1#1: "log_format" directive is not allowed here in /etc/nginx/conf.d/default.conf:7
2026/09/23 07:53:16 [emerg] 1#1: "log_format" directive is not allowed here in /etc/nginx/conf.d/default.conf:7
2026/09/23 07:53:16 [emerg] 1#1: "log_format" directive is not allowed here in /etc/nginx/conf.d/default.conf:7
2026/09/23 07:53:16 [emerg] 1#1: "log_format" directive is not allowed here in /etc/nginx/conf.d/default.conf:7
2026/09/23 07:53:16 [emerg] 1#1: "log_format" directive is not allowed here in /etc/nginx/conf.d/default.conf:7
2026/09/23 07:53:16 [emerg] 1#1: "log_format" directive is not allowed here in /etc/nginx/conf.d/default.conf:7
2026/09/23 07:53:17 [emerg] 1#1: "log_format" directive is not allowed here in /etc/nginx/conf.d/default.conf:7
2026/09/23 07:53:17 [emerg] 1#1: "log_format" directive is not allowed here in /etc/nginx/conf.d/default.conf:7
2026/09/23 07:53:17 [emerg] 1#1: "log_format" directive is not allowed here in /etc/nginx/conf.d/default.conf:7
2026/09/23 07:53:17 [emerg] 1#1: "log_format" directive is not allowed here in /etc/nginx/conf.d/default.conf:7
2026/09/23 07:53:17 [emerg] 1#1: "log_format" directive is not allowed here in /etc/nginx/conf.d/default.conf:7
2026/09/23 07:53:17 [emerg] 1#1: "log_format" directive is not allowed here in /etc/nginx/conf.d/default.conf:7
2026/09/23 07:53:17 [emerg] 1#1: "log_format" directive is not allowed here in /etc/nginx/conf.d/default.conf:7
2026/09/23 07:53:17 [emerg] 1#1: "log_format" directive is not allowed here in /etc/nginx/conf.d/default.conf:7
2026/09/23 07:53:17 [emerg] 1#1: "log_format" directive is not allowed here in /etc/nginx/conf.d/default.conf:7
2026/09/23 07:53:18 [emerg] 1#1: "log_format" directive is not allowed here in /etc/nginx/conf.d/default.conf:7
2026/09/23 07:53:18 [emerg] 1#1: "log_format" directive is not allowed here in /etc/nginx/conf.d/default.conf:7
2026/09/23 07:53:18 [emerg] 1#1: "log_format" directive is not allowed here in /etc/nginx/conf.d/default.conf:7
2026/09/23 07:53:18 [emerg] 1#1: "log_format" directive is not allowed here in /etc/nginx/conf.d/default.conf:7
2026/09/23 07:53:18 [emerg] 1#1: "log_format" directive is not allowed here in /etc/nginx/conf.d/default.conf:7
2026/09/23 07:53:18 [emerg] 1#1: "log_format" directive is not allowed here in /etc/nginx/conf.d/default.conf:7
2026/09/23 07:53:18 [emerg] 1#1: "log_format" directive is not allowed here in /etc/nginx/conf.d/default.conf:7
2026/09/23 07:53:18 [emerg] 1#1: "log_format" directive is not allowed here in /etc/nginx/conf.d/default.conf:7
2026/09/23 07:53:19 [emerg] 1#1: "log_format" directive is not allowed here in /etc/nginx/conf.d/default.conf:7
2026/09/23 07:53:19 [emerg] 1#1: "log_format" directive is not allowed here in /etc/nginx/conf.d/default.conf:7
2026/09/23 07:53:19 [emerg] 1#1: "log_format" directive is not allowed here in /etc/nginx/conf.d/default.conf:7
2026/09/23 07:53:19 [emerg] 1#1: "log_format" directive is not allowed here in /etc/nginx/conf.d/default.conf:7
2026/09/23 07:53:19 [emerg] 1#1: "log_format" directive is not allowed here in /etc/nginx/conf.d/default.conf:7
2026/09/23 07:53:19 [emerg] 1#1: "log_format" directive is not allowed here in /etc/nginx/conf.d/default.conf:7
2026/09/23 07:53:19 [emerg] 1#1: "log_format" directive is not allowed here in /etc/nginx/conf.d/default.conf:7
2026/09/23 07:53:19 [emerg] 1#1: "log_format" directive is not allowed here in /etc/nginx/conf.d/default.conf:7
2026/09/23 07:53:19 [emerg] 1#1: "log_format" directive is not allowed here in /etc/nginx/conf.d/default.conf:7
2026/09/23 07:53:20 [emerg] 1#1: "log_format" directive is not allowed here in /etc/nginx/conf.d/default.conf:7
2026/09/23 07:53:20 [emerg] 1#1: "log_format" directive is not allowed here in /etc/nginx/conf.d/default.conf:7
2026/09/23 07:53:20 [emerg] 1#1: "log_format" directive is not allowed here in /etc/nginx/conf.d/default.conf:7
2026/09/23 07:53:20 [emerg] 1#1: "log_format" directive is not allowed here in /etc/nginx/conf.d/default.conf:7
2026/09/23 07:53:20 [emerg] 1#1: "log_format" directive is not allowed here in /etc/nginx/conf.d/default.conf:7
2026/09/23 07:53:20 [emerg] 1#1: "log_format" directive is not allowed here in /etc/nginx/conf.d/default.conf:7
2026/09/23 07:53:20 [emerg] 1#1: "log_format" directive is not allowed here in /etc/nginx/conf.d/default.conf:7
2026/09/23 07:53:20 [emerg] 1#1: "log_format" directive is not allowed here in /etc/nginx/conf.d/default.conf:7
2026/09/23 07:53:21 [emerg] 1#1: "log_format" directive is not allowed here in /etc/nginx/conf.d/default.conf:7
2026/09/23 07:53:21 [emerg] 1#1: "log_format" directive is not allowed here in /etc/nginx/conf.d/default.conf:7
2026/09/23 07:53:21 [emerg] 1#1: "log_format" directive is not allowed here in /etc/nginx/conf.d/default.conf:7
2026/09/23 07:53:21 [emerg] 1#1: "log_format" directive is not allowed here in /etc/nginx/conf.d/default.conf:7
2026/09/23 07:53:21 [emerg] 1#1: "log_format" directive is not allowed here in /etc/nginx/conf.d/default.conf:7
2026/09/23 07:53:21 [emerg] 1#1: "log_format" directive is not allowed here in /etc/nginx/conf.d/default.conf:7
2026/09/23 07:53:21 [emerg] 1#1: "log_format" directive is not allowed here in /etc/nginx/conf.d/default.conf:7
2026/09/23 07:53:21 [emerg] 1#1: "log_format" directive is not allowed here in /etc/nginx/conf.d/default.conf:7
2026/09/23 07:53:22 [emerg] 1#1: "log_format" directive is not allowed here in /etc/nginx/conf.d/default.conf:7
2026/09/23 07:53:22 [emerg] 1#1: "log_format" directive is not allowed here in /etc/nginx/conf.d/default.conf:7
2026/09/23 07:53:22 [emerg] 1#1: "log_format" directive is not allowed here in /etc/nginx/conf.d/default.conf:7
2026/09/23 07:53:22 [emerg] 1#1: "log_format" directive is not allowed here in /etc/nginx/conf.d/default.conf:7
2026/09/23 07:53:22 [emerg] 1#1: "log_format" directive is not allowed here in /etc/nginx/conf.d/default.conf:7
2026/09/23 07:53:22 [emerg] 1#1: "log_format" directive is not allowed here in /etc/nginx/conf.d/default.conf:7
2026/09/23 07:53:22 [emerg] 1#1: "log_format" directive is not allowed here in /etc/nginx/conf.d/default.conf:7
2026/09/23 07:53:22 [emerg] 1#1: "log_format" directive is not allowed here in /etc/nginx/conf.d/default.conf:7
2026/09/23 07:53:22 [emerg] 1#1: "log_format" directive is not allowed here in /etc/nginx/conf.d/default.conf:7
2026/09/23 07:53:23 [emerg] 1#1: "log_format" directive is not allowed here in /etc/nginx/conf.d/default.conf:7
2026/09/23 07:53:23 [emerg] 1#1: "log_format" directive is not allowed here in /etc/nginx/conf.d/default.conf:7
2026/09/23 07:53:23 [emerg] 1#1: "log_format" directive is not allowed here in /etc/nginx/conf.d/default.conf:7
2026/09/23 07:53:23 [emerg] 1#1: "log_format" directive is not allowed here in /etc/nginx/conf.d/default.conf:7
2026/09/23 07:53:23 [emerg] 1#1: "log_format" directive is not allowed here in /etc/nginx/conf.d/default.conf:7
2026/09/23 07:53:23 [emerg] 1#1: "log_format" directive is not allowed here in /etc/nginx/conf.d/default.conf:7
2026/09/23 07:53:23 [emerg] 1#1: "log_format" directive is not allowed here in /etc/nginx/conf.d/default.conf:7
2026/09/23 07:53:23 [emerg] 1#1: "log_format" directive is not allowed here in /etc/nginx/conf.d/default.conf:7
2026/09/23 07:53:24 [emerg] 1#1: "log_format" directive is not allowed here in /etc/nginx/conf.d/default.conf:7
2026/09/23 07:53:24 [emerg] 1#1: "log_format" directive is not allowed here in /etc/nginx/conf.d/default.conf:7
2026/09/23 07:53:24 [emerg] 1#1: "log_format" directive is not allowed here in /etc/nginx/conf.d/default.conf:7
2026/09/23 07:53:24 [emerg] 1#1: "log_format" directive is not allowed here in /etc/nginx/conf.d/default.conf:7
2026/09/23 07:53:24 [emerg] 1#1: "log_format" directive is not allowed here in /etc/nginx/conf.d/default.conf:7
2026/09/23 07:53:24 [emerg] 1#1: "log_format" directive is not allowed here in /etc/nginx/conf.d/default.conf:7
2026/09/23 07:53:24 [emerg] 1#1: "log_format" directive is not allowed here in /etc/nginx/conf.d/default.conf:7
2026/09/23 07:53:24 [emerg] 1#1: "log_format" directive is not allowed here in /etc/nginx/conf.d/default.conf:7
2026/09/23 07:53:25 [emerg] 1#1: "log_format" directive is not allowed here in /etc/nginx/conf.d/default.conf:7
2026/09/23 07:53:25 [emerg] 1#1: "log_format" directive is not allowed here in /etc/nginx/conf.d/default.conf:7
2026/09/23 07:53:25 [emerg] 1#1: "log_format" directive is not allowed here in /etc/nginx/conf.d/default.conf:7
2026/09/23 07:53:25 [emerg] 1#1: "log_format" directive is not allowed here in /etc/nginx/conf.d/default.conf:7
2026/09/23 07:53:25 [emerg] 1#1: "log_format" directive is not allowed here in /etc/nginx/conf.d/default.conf:7
2026/09/23 07:53:25 [emerg] 1#1: "log_format" directive is not allowed here in /etc/nginx/conf.d/default.conf:7
2026/09/23 07:53:25 [emerg] 1#1: "log_format" directive is not allowed here in /etc/nginx/conf.d/default.conf:7
2026/09/23 07:53:25 [emerg] 1#1: "log_format" directive is not allowed here in /etc/nginx/conf.d/default.conf:7
2026/09/23 07:53:25 [emerg] 1#1: "log_format" directive is not allowed here in /etc/nginx/conf.d/default.conf:7
2026/09/23 07:53:26 [emerg] 1#1: "log_format" directive is not allowed here in /etc/nginx/conf.d/default.conf:7
2026/09/23 07:53:26 [emerg] 1#1: "log_format" directive is not allowed here in /etc/nginx/conf.d/default.conf:7
2026/09/23 07:53:26 [emerg] 1#1: "log_format" directive is not allowed here in /etc/nginx/conf.d/default.conf:7
2026/09/23 07:53:26 [emerg] 1#1: "log_format" directive is not allowed here in /etc/nginx/conf.d/default.conf:7
2026/09/23 07:53:26 [emerg] 1#1: "log_format" directive is not allowed here in /etc/nginx/conf.d/default.conf:7
2026/09/23 07:53:26 [emerg] 1#1: "log_format" directive is not allowed here in /etc/nginx/conf.d/default.conf:7
2026/09/23 07:53:26 [emerg] 1#1: "log_format" directive is not allowed here in /etc/nginx/conf.d/default.conf:7
2026/09/23 07:53:26 [emerg] 1#1: "log_format" directive is not allowed here in /etc/nginx/conf.d/default.conf:7
2026/09/23 07:53:27 [emerg] 1#1: "log_format" directive is not allowed here in /etc/nginx/conf.d/default.conf:7
2026/09/23 07:53:27 [emerg] 1#1: "log_format" directive is not allowed here in /etc/nginx/conf.d/default.conf:7
2026/09/23 07:53:27 [emerg] 1#1: "log_format" directive is not allowed here in /etc/nginx/conf.d/default.conf:7
2026/09/23 07:53:27 [emerg] 1#1: "log_format" directive is not allowed here in /etc/nginx/conf.d/default.conf:7
2026/09/23 07:53:27 [emerg] 1#1: "log_format" directive is not allowed here in /etc/nginx/conf.d/default.conf:7
2026/09/23 07:53:27 [emerg] 1#1: "log_format" directive is not allowed here in /etc/nginx/conf.d/default.conf:7
2026/09/23 07:53:27 [emerg] 1#1: "log_format" directive is not allowed here in /etc/nginx/conf.d/default.conf:7
2026/09/23 07:53:27 [emerg] 1#1: "log_format" directive is not allowed here in /etc/nginx/conf.d/default.conf:7
2026/09/23 07:53:28 [emerg] 1#1: "log_format" directive is not allowed here in /etc/nginx/conf.d/default.conf:7
2026/09/23 07:53:28 [emerg] 1#1: "log_format" directive is not allowed here in /etc/nginx/conf.d/default.conf:7
2026/09/23 07:53:28 [emerg] 1#1: "log_format" directive is not allowed here in /etc/nginx/conf.d/default.conf:7
2026/09/23 07:53:28 [emerg] 1#1: "log_format" directive is not allowed here in /etc/nginx/conf.d/default.conf:7
2026/09/23 07:53:28 [emerg] 1#1: "log_format" directive is not allowed here in /etc/nginx/conf.d/default.conf:7
2026/09/23 07:53:28 [emerg] 1#1: "log_format" directive is not allowed here in /etc/nginx/conf.d/default.conf:7
2026/09/23 07:53:28 [emerg] 1#1: "log_format" directive is not allowed here in /etc/nginx/conf.d/default.conf:7
2026/09/23 07:53:28 [emerg] 1#1: "log_format" directive is not allowed here in /etc/nginx/conf.d/default.conf:7
2026/09/23 07:53:29 [emerg] 1#1: "log_format" directive is not allowed here in /etc/nginx/conf.d/default.conf:7
2026/09/23 07:53:29 [emerg] 1#1: "log_format" directive is not allowed here in /etc/nginx/conf.d/default.conf:7
2026/09/23 07:53:29 [emerg] 1#1: "log_format" directive is not allowed here in /etc/nginx/conf.d/default.conf:7
2026/09/23 07:53:29 [emerg] 1#1: "log_format" directive is not allowed here in /etc/nginx/conf.d/default.conf:7
2026/09/23 07:53:29 [emerg] 1#1: "log_format" directive is not allowed here in /etc/nginx/conf.d/default.conf:7
2026/09/23 07:53:29 [emerg] 1#1: "log_format" directive is not allowed here in /etc/nginx/conf.d/default.conf:7
2026/09/23 07:53:29 [emerg] 1#1: "log_format" directive is not allowed here in /etc/nginx/conf.d/default.conf:7
2026/09/23 07:53:29 [emerg] 1#1: "log_format" directive is not allowed here in /etc/nginx/conf.d/default.conf:7
2026/09/23 07:53:30 [emerg] 1#1: "log_format" directive is not allowed here in /etc/nginx/conf.d/default.conf:7
2026/09/23 07:53:30 [emerg] 1#1: "log_format" directive is not allowed here in /etc/nginx/conf.d/default.conf:7
2026/09/23 07:53:30 [emerg] 1#1: "log_format" directive is not allowed here in /etc/nginx/conf.d/default.conf:7
2026/09/23 07:53:30 [emerg] 1#1: "log_format" directive is not allowed here in /etc/nginx/conf.d/default.conf:7
2026/09/23 07:53:30 [emerg] 1#1: "log_format" directive is not allowed here in /etc/nginx/conf.d/default.conf:7
2026/09/23 07:53:30 [emerg] 1#1: "log_format" directive is not allowed here in /etc/nginx/conf.d/default.conf:7
2026/09/23 07:53:30 [emerg] 1#1: "log_format" directive is not allowed here in /etc/nginx/conf.d/default.conf:7
2026/09/23 07:53:30 [emerg] 1#1: "log_format" directive is not allowed here in /etc/nginx/conf.d/default.conf:7
2026/09/23 07:53:30 [emerg] 1#1: "log_format" directive is not allowed here in /etc/nginx/conf.d/default.conf:7
2026/09/23 07:53:31 [emerg] 1#1: "log_format" directive is not allowed here in /etc/nginx/conf.d/default.conf:7
2026/09/23 07:53:31 [emerg] 1#1: "log_format" directive is not allowed here in /etc/nginx/conf.d/default.conf:7
2026/09/23 07:53:31 [emerg] 1#1: "log_format" directive is not allowed here in /etc/nginx/conf.d/default.conf:7
2026/09/23 07:53:31 [emerg] 1#1: "log_format" directive is not allowed here in /etc/nginx/conf.d/default.conf:7
2026/09/23 07:53:31 [emerg] 1#1: "log_format" directive is not allowed here in /etc/nginx/conf.d/default.conf:7
2026/09/23 07:53:31 [emerg] 1#1: "log_format" directive is not allowed here in /etc/nginx/conf.d/default.conf:7
2026/09/23 07:53:31 [emerg] 1#1: "log_format" directive is not allowed here in /etc/nginx/conf.d/default.conf:7
2026/09/23 07:53:31 [emerg] 1#1: "log_format" directive is not allowed here in /etc/nginx/conf.d/default.conf:7
2026/09/23 07:53:32 [emerg] 1#1: "log_format" directive is not allowed here in /etc/nginx/conf.d/default.conf:7
2026/09/23 07:53:32 [emerg] 1#1: "log_format" directive is not allowed here in /etc/nginx/conf.d/default.conf:7
2026/09/23 07:53:32 [emerg] 1#1: "log_format" directive is not allowed here in /etc/nginx/conf.d/default.conf:7
2026/09/23 07:53:32 [emerg] 1#1: "log_format" directive is not allowed here in /etc/nginx/conf.d/default.conf:7
2026/09/23 07:53:32 [emerg] 1#1: "log_format" directive is not allowed here in /etc/nginx/conf.d/default.conf:7
2026/09/23 07:53:32 [emerg] 1#1: "log_format" directive is not allowed here in /etc/nginx/conf.d/default.conf:7
2026/09/23 07:53:32 [emerg] 1#1: "log_format" directive is not allowed here in /etc/nginx/conf.d/default.conf:7
2026/09/23 07:53:32 [emerg] 1#1: "log_format" directive is not allowed here in /etc/nginx/conf.d/default.conf:7
2026/09/23 07:53:33 [emerg] 1#1: "log_format" directive is not allowed here in /etc/nginx/conf.d/default.conf:7
2026/09/23 07:53:33 [emerg] 1#1: "log_format" directive is not allowed here in /etc/nginx/conf.d/default.conf:7
2026/09/23 07:53:33 [emerg] 1#1: "log_format" directive is not allowed here in /etc/nginx/conf.d/default.conf:7
2026/09/23 07:53:33 [emerg] 1#1: "log_format" directive is not allowed here in /etc/nginx/conf.d/default.conf:7
2026/09/23 07:53:33 [emerg] 1#1: "log_format" directive is not allowed here in /etc/nginx/conf.d/default.conf:7
2026/09/23 07:53:33 [emerg] 1#1: "log_format" directive is not allowed here in /etc/nginx/conf.d/default.conf:7
2026/09/23 07:53:33 [emerg] 1#1: "log_format" directive is not allowed here in /etc/nginx/conf.d/default.conf:7
2026/09/23 07:53:34 [emerg] 1#1: "log_format" directive is not allowed here in /etc/nginx/conf.d/default.conf:7
2026/09/23 07:53:34 [emerg] 1#1: "log_format" directive is not allowed here in /etc/nginx/conf.d/default.conf:7
2026/09/23 07:53:34 [emerg] 1#1: "log_format" directive is not allowed here in /etc/nginx/conf.d/default.conf:7
2026/09/23 07:53:34 [emerg] 1#1: "log_format" directive is not allowed here in /etc/nginx/conf.d/default.conf:7
2026/09/23 07:53:34 [emerg] 1#1: "log_format" directive is not allowed here in /etc/nginx/conf.d/default.conf:7
2026/09/23 07:53:34 [emerg] 1#1: "log_format" directive is not allowed here in /etc/nginx/conf.d/default.conf:7
2026/09/23 07:53:34 [emerg] 1#1: "log_format" directive is not allowed here in /etc/nginx/conf.d/default.conf:7
2026/09/23 07:53:34 [emerg] 1#1: "log_format" directive is not allowed here in /etc/nginx/conf.d/default.conf:7
2026/09/23 07:53:34 [emerg] 1#1: "log_format" directive is not allowed here in /etc/nginx/conf.d/default.conf:7
2026/09/23 07:53:35 [emerg] 1#1: "log_format" directive is not allowed here in /etc/nginx/conf.d/default.conf:7
2026/09/23 07:53:35 [emerg] 1#1: "log_format" directive is not allowed here in /etc/nginx/conf.d/default.conf:7
2026/09/23 07:53:35 [emerg] 1#1: "log_format" directive is not allowed here in /etc/nginx/conf.d/default.conf:7
2026/09/23 07:53:35 [emerg] 1#1: "log_format" directive is not allowed here in /etc/nginx/conf.d/default.conf:7
2026/09/23 07:53:35 [emerg] 1#1: "log_format" directive is not allowed here in /etc/nginx/conf.d/default.conf:7
2026/09/23 07:53:35 [emerg] 1#1: "log_format" directive is not allowed here in /etc/nginx/conf.d/default.conf:7
2026/09/23 07:53:35 [emerg] 1#1: "log_format" directive is not allowed here in /etc/nginx/conf.d/default.conf:7
2026/09/23 07:53:35 [emerg] 1#1: "log_format" directive is not allowed here in /etc/nginx/conf.d/default.conf:7
2026/09/23 07:53:36 [emerg] 1#1: "log_format" directive is not allowed here in /etc/nginx/conf.d/default.conf:7
2026/09/23 07:53:36 [emerg] 1#1: "log_format" directive is not allowed here in /etc/nginx/conf.d/default.conf:7
2026/09/23 07:53:36 [emerg] 1#1: "log_format" directive is not allowed here in /etc/nginx/conf.d/default.conf:7
2026/09/23 07:53:36 [emerg] 1#1: "log_format" directive is not allowed here in /etc/nginx/conf.d/default.conf:7
2026/09/23 07:53:36 [emerg] 1#1: "log_format" directive is not allowed here in /etc/nginx/conf.d/default.conf:7
2026/09/23 07:53:36 [emerg] 1#1: "log_format" directive is not allowed here in /etc/nginx/conf.d/default.conf:7
2026/09/23 07:53:36 [emerg] 1#1: "log_format" directive is not allowed here in /etc/nginx/conf.d/default.conf:7
2026/09/23 07:53:37 [emerg] 1#1: "log_format" directive is not allowed here in /etc/nginx/conf.d/default.conf:7
2026/09/23 07:53:37 [emerg] 1#1: "log_format" directive is not allowed here in /etc/nginx/conf.d/default.conf:7
2026/09/23 07:53:37 [emerg] 1#1: "log_format" directive is not allowed here in /etc/nginx/conf.d/default.conf:7
2026/09/23 07:53:37 [emerg] 1#1: "log_format" directive is not allowed here in /etc/nginx/conf.d/default.conf:7
2026/09/23 07:53:37 [emerg] 1#1: "log_format" directive is not allowed here in /etc/nginx/conf.d/default.conf:7
2026/09/23 07:53:37 [emerg] 1#1: "log_format" directive is not allowed here in /etc/nginx/conf.d/default.conf:7
2026/09/23 07:53:37 [emerg] 1#1: "log_format" directive is not allowed here in /etc/nginx/conf.d/default.conf:7
2026/09/23 07:53:37 [emerg] 1#1: "log_format" directive is not allowed here in /etc/nginx/conf.d/default.conf:7
2026/09/23 07:53:38 [emerg] 1#1: "log_format" directive is not allowed here in /etc/nginx/conf.d/default.conf:7
2026/09/23 07:53:38 [emerg] 1#1: "log_format" directive is not allowed here in /etc/nginx/conf.d/default.conf:7
2026/09/23 07:53:38 [emerg] 1#1: "log_format" directive is not allowed here in /etc/nginx/conf.d/default.conf:7
2026/09/23 07:53:38 [emerg] 1#1: "log_format" directive is not allowed here in /etc/nginx/conf.d/default.conf:7
2026/09/23 07:53:38 [emerg] 1#1: "log_format" directive is not allowed here in /etc/nginx/conf.d/default.conf:7
2026/09/23 07:53:38 [emerg] 1#1: "log_format" directive is not allowed here in /etc/nginx/conf.d/default.conf:7
2026/09/23 07:53:38 [emerg] 1#1: "log_format" directive is not allowed here in /etc/nginx/conf.d/default.conf:7
2026/09/23 07:53:38 [emerg] 1#1: "log_format" directive is not allowed here in /etc/nginx/conf.d/default.conf:7
2026/09/23 07:53:38 [emerg] 1#1: "log_format" directive is not allowed here in /etc/nginx/conf.d/default.conf:7
2026/09/23 07:53:39 [emerg] 1#1: "log_format" directive is not allowed here in /etc/nginx/conf.d/default.conf:7
2026/09/23 07:53:39 [emerg] 1#1: "log_format" directive is not allowed here in /etc/nginx/conf.d/default.conf:7
2026/09/23 07:53:39 [emerg] 1#1: "log_format" directive is not allowed here in /etc/nginx/conf.d/default.conf:7
2026/09/23 07:53:39 [emerg] 1#1: "log_format" directive is not allowed here in /etc/nginx/conf.d/default.conf:7
2026/09/23 07:53:39 [emerg] 1#1: "log_format" directive is not allowed here in /etc/nginx/conf.d/default.conf:7
2026/09/23 07:53:39 [emerg] 1#1: "log_format" directive is not allowed here in /etc/nginx/conf.d/default.conf:7
2026/09/23 07:53:39 [emerg] 1#1: "log_format" directive is not allowed here in /etc/nginx/conf.d/default.conf:7
2026/09/23 07:53:39 [emerg] 1#1: "log_format" directive is not allowed here in /etc/nginx/conf.d/default.conf:7
2026/09/23 07:53:39 [emerg] 1#1: "log_format" directive is not allowed here in /etc/nginx/conf.d/default.conf:7
2026/09/23 07:53:40 [emerg] 1#1: "log_format" directive is not allowed here in /etc/nginx/conf.d/default.conf:7
2026/09/23 07:53:40 [emerg] 1#1: "log_format" directive is not allowed here in /etc/nginx/conf.d/default.conf:7
2026/09/23 07:53:40 [emerg] 1#1: "log_format" directive is not allowed here in /etc/nginx/conf.d/default.conf:7
2026/09/23 07:53:40 [emerg] 1#1: "log_format" directive is not allowed here in /etc/nginx/conf.d/default.conf:7
2026/09/23 07:53:40 [emerg] 1#1: "log_format" directive is not allowed here in /etc/nginx/conf.d/default.conf:7
2026/09/23 07:53:40 [emerg] 1#1: "log_format" directive is not allowed here in /etc/nginx/conf.d/default.conf:7
2026/09/23 07:53:40 [emerg] 1#1: "log_format" directive is not allowed here in /etc/nginx/conf.d/default.conf:7
2026/09/23 07:53:40 [emerg] 1#1: "log_format" directive is not allowed here in /etc/nginx/conf.d/default.conf:7
2026/09/23 07:53:41 [emerg] 1#1: "log_format" directive is not allowed here in /etc/nginx/conf.d/default.conf:7
2026/09/23 07:53:41 [emerg] 1#1: "log_format" directive is not allowed here in /etc/nginx/conf.d/default.conf:7
2026/09/23 07:53:41 [emerg] 1#1: "log_format" directive is not allowed here in /etc/nginx/conf.d/default.conf:7
2026/09/23 07:53:41 [emerg] 1#1: "log_format" directive is not allowed here in /etc/nginx/conf.d/default.conf:7
2026/09/23 07:53:41 [emerg] 1#1: "log_format" directive is not allowed here in /etc/nginx/conf.d/default.conf:7
2026/09/23 07:53:41 [emerg] 1#1: "log_format" directive is not allowed here in /etc/nginx/conf.d/default.conf:7
2026/09/23 07:53:41 [emerg] 1#1: "log_format" directive is not allowed here in /etc/nginx/conf.d/default.conf:7
2026/09/23 07:53:41 [emerg] 1#1: "log_format" directive is not allowed here in /etc/nginx/conf.d/default.conf:7
2026/09/23 07:53:42 [emerg] 1#1: "log_format" directive is not allowed here in /etc/nginx/conf.d/default.conf:7
2026/09/23 07:53:42 [emerg] 1#1: "log_format" directive is not allowed here in /etc/nginx/conf.d/default.conf:7
2026/09/23 07:53:42 [emerg] 1#1: "log_format" directive is not allowed here in /etc/nginx/conf.d/default.conf:7
2026/09/23 07:53:42 [emerg] 1#1: "log_format" directive is not allowed here in /etc/nginx/conf.d/default.conf:7
2026/09/23 07:53:42 [emerg] 1#1: "log_format" directive is not allowed here in /etc/nginx/conf.d/default.conf:7
2026/09/23 07:53:42 [emerg] 1#1: "log_format" directive is not allowed here in /etc/nginx/conf.d/default.conf:7
2026/09/23 07:53:42 [emerg] 1#1: "log_format" directive is not allowed here in /etc/nginx/conf.d/default.conf:7
2026/09/23 07:53:42 [emerg] 1#1: "log_format" directive is not allowed here in /etc/nginx/conf.d/default.conf:7
2026/09/23 07:53:42 [emerg] 1#1: "log_format" directive is not allowed here in /etc/nginx/conf.d/default.conf:7
2026/09/23 07:53:43 [emerg] 1#1: "log_format" directive is not allowed here in /etc/nginx/conf.d/default.conf:7
2026/09/23 07:53:43 [emerg] 1#1: "log_format" directive is not allowed here in /etc/nginx/conf.d/default.conf:7
2026/09/23 07:53:43 [emerg] 1#1: "log_format" directive is not allowed here in /etc/nginx/conf.d/default.conf:7
2026/09/23 07:53:43 [emerg] 1#1: "log_format" directive is not allowed here in /etc/nginx/conf.d/default.conf:7
2026/09/23 07:53:43 [emerg] 1#1: "log_format" directive is not allowed here in /etc/nginx/conf.d/default.conf:7
2026/09/23 07:53:43 [emerg] 1#1: "log_format" directive is not allowed here in /etc/nginx/conf.d/default.conf:7
2026/09/23 07:53:43 [emerg] 1#1: "log_format" directive is not allowed here in /etc/nginx/conf.d/default.conf:7
2026/09/23 07:53:43 [emerg] 1#1: "log_format" directive is not allowed here in /etc/nginx/conf.d/default.conf:7
2026/09/23 07:53:43 [emerg] 1#1: "log_format" directive is not allowed here in /etc/nginx/conf.d/default.conf:7
2026/09/23 07:53:44 [emerg] 1#1: "log_format" directive is not allowed here in /etc/nginx/conf.d/default.conf:7
2026/09/23 07:53:44 [emerg] 1#1: "log_format" directive is not allowed here in /etc/nginx/conf.d/default.conf:7
2026/09/23 07:53:44 [emerg] 1#1: "log_format" directive is not allowed here in /etc/nginx/conf.d/default.conf:7
2026/09/23 07:53:44 [emerg] 1#1: "log_format" directive is not allowed here in /etc/nginx/conf.d/default.conf:7
2026/09/23 07:53:44 [emerg] 1#1: "log_format" directive is not allowed here in /etc/nginx/conf.d/default.conf:7
2026/09/23 07:53:44 [emerg] 1#1: "log_format" directive is not allowed here in /etc/nginx/conf.d/default.conf:7
2026/09/23 07:53:44 [emerg] 1#1: "log_format" directive is not allowed here in /etc/nginx/conf.d/default.conf:7
2026/09/23 07:53:44 [emerg] 1#1: "log_format" directive is not allowed here in /etc/nginx/conf.d/default.conf:7
2026/09/23 07:53:45 [emerg] 1#1: "log_format" directive is not allowed here in /etc/nginx/conf.d/default.conf:7
2026/09/23 07:53:45 [emerg] 1#1: "log_format" directive is not allowed here in /etc/nginx/conf.d/default.conf:7
2026/09/23 07:53:45 [emerg] 1#1: "log_format" directive is not allowed here in /etc/nginx/conf.d/default.conf:7
2026/09/23 07:53:45 [emerg] 1#1: "log_format" directive is not allowed here in /etc/nginx/conf.d/default.conf:7
2026/09/23 07:53:45 [emerg] 1#1: "log_format" directive is not allowed here in /etc/nginx/conf.d/default.conf:7
2026/09/23 07:53:45 [emerg] 1#1: "log_format" directive is not allowed here in /etc/nginx/conf.d/default.conf:7
2026/09/23 07:53:45 [emerg] 1#1: "log_format" directive is not allowed here in /etc/nginx/conf.d/default.conf:7
2026/09/23 07:53:45 [emerg] 1#1: "log_format" directive is not allowed here in /etc/nginx/conf.d/default.conf:7
2026/09/23 07:53:46 [emerg] 1#1: "log_format" directive is not allowed here in /etc/nginx/conf.d/default.conf:7
2026/09/23 07:53:46 [emerg] 1#1: "log_format" directive is not allowed here in /etc/nginx/conf.d/default.conf:7
2026/09/23 07:53:46 [emerg] 1#1: "log_format" directive is not allowed here in /etc/nginx/conf.d/default.conf:7
2026/09/23 07:53:46 [emerg] 1#1: "log_format" directive is not allowed here in /etc/nginx/conf.d/default.conf:7
2026/09/23 07:53:46 [emerg] 1#1: "log_format" directive is not allowed here in /etc/nginx/conf.d/default.conf:7
2026/09/23 07:53:46 [emerg] 1#1: "log_format" directive is not allowed here in /etc/nginx/conf.d/default.conf:7
2026/09/23 07:53:46 [emerg] 1#1: "log_format" directive is not allowed here in /etc/nginx/conf.d/default.conf:7
2026/09/23 07:53:46 [emerg] 1#1: "log_format" directive is not allowed here in /etc/nginx/conf.d/default.conf:7
2026/09/23 07:53:47 [emerg] 1#1: "log_format" directive is not allowed here in /etc/nginx/conf.d/default.conf:7
2026/09/23 07:53:47 [emerg] 1#1: "log_format" directive is not allowed here in /etc/nginx/conf.d/default.conf:7
2026/09/23 07:53:47 [emerg] 1#1: "log_format" directive is not allowed here in /etc/nginx/conf.d/default.conf:7
2026/09/23 07:53:47 [emerg] 1#1: "log_format" directive is not allowed here in /etc/nginx/conf.d/default.conf:7
2026/09/23 07:53:47 [emerg] 1#1: "log_format" directive is not allowed here in /etc/nginx/conf.d/default.conf:7
2026/09/23 07:53:47 [emerg] 1#1: "log_format" directive is not allowed here in /etc/nginx/conf.d/default.conf:7
2026/09/23 07:53:47 [emerg] 1#1: "log_format" directive is not allowed here in /etc/nginx/conf.d/default.conf:7
2026/09/23 07:53:47 [emerg] 1#1: "log_format" directive is not allowed here in /etc/nginx/conf.d/default.conf:7
2026/09/23 07:53:48 [emerg] 1#1: "log_format" directive is not allowed here in /etc/nginx/conf.d/default.conf:7
2026/09/23 07:53:48 [emerg] 1#1: "log_format" directive is not allowed here in /etc/nginx/conf.d/default.conf:7
2026/09/23 07:53:48 [emerg] 1#1: "log_format" directive is not allowed here in /etc/nginx/conf.d/default.conf:7
2026/09/23 07:53:48 [emerg] 1#1: "log_format" directive is not allowed here in /etc/nginx/conf.d/default.conf:7
2026/09/23 07:53:48 [emerg] 1#1: "log_format" directive is not allowed here in /etc/nginx/conf.d/default.conf:7
2026/09/23 07:53:48 [emerg] 1#1: "log_format" directive is not allowed here in /etc/nginx/conf.d/default.conf:7
2026/09/23 07:53:48 [emerg] 1#1: "log_format" directive is not allowed here in /etc/nginx/conf.d/default.conf:7
2026/09/23 07:53:48 [emerg] 1#1: "log_format" directive is not allowed here in /etc/nginx/conf.d/default.conf:7
2026/09/23 07:53:49 [emerg] 1#1: "log_format" directive is not allowed here in /etc/nginx/conf.d/default.conf:7
2026/09/23 07:53:49 [emerg] 1#1: "log_format" directive is not allowed here in /etc/nginx/conf.d/default.conf:7
2026/09/23 07:53:49 [emerg] 1#1: "log_format" directive is not allowed here in /etc/nginx/conf.d/default.conf:7
2026/09/23 07:53:49 [emerg] 1#1: "log_format" directive is not allowed here in /etc/nginx/conf.d/default.conf:7
2026/09/23 07:53:49 [emerg] 1#1: "log_format" directive is not allowed here in /etc/nginx/conf.d/default.conf:7
2026/09/23 07:53:49 [emerg] 1#1: "log_format" directive is not allowed here in /etc/nginx/conf.d/default.conf:7
2026/09/23 07:53:49 [emerg] 1#1: "log_format" directive is not allowed here in /etc/nginx/conf.d/default.conf:7
2026/09/23 07:53:49 [emerg] 1#1: "log_format" directive is not allowed here in /etc/nginx/conf.d/default.conf:7
2026/09/23 07:53:50 [emerg] 1#1: "log_format" directive is not allowed here in /etc/nginx/conf.d/default.conf:7
2026/09/23 07:53:50 [emerg] 1#1: "log_format" directive is not allowed here in /etc/nginx/conf.d/default.conf:7
2026/09/23 07:53:50 [emerg] 1#1: "log_format" directive is not allowed here in /etc/nginx/conf.d/default.conf:7
2026/09/23 07:53:50 [emerg] 1#1: "log_format" directive is not allowed here in /etc/nginx/conf.d/default.conf:7
2026/09/23 07:53:50 [emerg] 1#1: "log_format" directive is not allowed here in /etc/nginx/conf.d/default.conf:7
2026/09/23 07:53:50 [emerg] 1#1: "log_format" directive is not allowed here in /etc/nginx/conf.d/default.conf:7
2026/09/23 07:53:50 [emerg] 1#1: "log_format" directive is not allowed here in /etc/nginx/conf.d/default.conf:7
2026/09/23 07:53:50 [emerg] 1#1: "log_format" directive is not allowed here in /etc/nginx/conf.d/default.conf:7
2026/09/23 07:53:50 [emerg] 1#1: "log_format" directive is not allowed here in /etc/nginx/conf.d/default.conf:7
2026/09/23 07:53:51 [emerg] 1#1: "log_format" directive is not allowed here in /etc/nginx/conf.d/default.conf:7
2026/09/23 07:53:51 [emerg] 1#1: "log_format" directive is not allowed here in /etc/nginx/conf.d/default.conf:7
2026/09/23 07:53:51 [emerg] 1#1: "log_format" directive is not allowed here in /etc/nginx/conf.d/default.conf:7
2026/09/23 07:53:51 [emerg] 1#1: "log_format" directive is not allowed here in /etc/nginx/conf.d/default.conf:7
2026/09/23 07:53:51 [emerg] 1#1: "log_format" directive is not allowed here in /etc/nginx/conf.d/default.conf:7
2026/09/23 07:53:51 [emerg] 1#1: "log_format" directive is not allowed here in /etc/nginx/conf.d/default.conf:7
2026/09/23 07:53:51 [emerg] 1#1: "log_format" directive is not allowed here in /etc/nginx/conf.d/default.conf:7
2026/09/23 07:53:51 [emerg] 1#1: "log_format" directive is not allowed here in /etc/nginx/conf.d/default.conf:7
2026/09/23 07:53:52 [emerg] 1#1: "log_format" directive is not allowed here in /etc/nginx/conf.d/default.conf:7
2026/09/23 07:53:52 [emerg] 1#1: "log_format" directive is not allowed here in /etc/nginx/conf.d/default.conf:7
2026/09/23 07:53:52 [emerg] 1#1: "log_format" directive is not allowed here in /etc/nginx/conf.d/default.conf:7
2026/09/23 07:53:52 [emerg] 1#1: "log_format" directive is not allowed here in /etc/nginx/conf.d/default.conf:7
2026/09/23 07:53:52 [emerg] 1#1: "log_format" directive is not allowed here in /etc/nginx/conf.d/default.conf:7
2026/09/23 07:53:52 [emerg] 1#1: "log_format" directive is not allowed here in /etc/nginx/conf.d/default.conf:7
2026/09/23 07:53:52 [emerg] 1#1: "log_format" directive is not allowed here in /etc/nginx/conf.d/default.conf:7
2026/09/23 07:53:52 [emerg] 1#1: "log_format" directive is not allowed here in /etc/nginx/conf.d/default.conf:7
2026/09/23 07:53:53 [emerg] 1#1: "log_format" directive is not allowed here in /etc/nginx/conf.d/default.conf:7
2026/09/23 07:53:53 [emerg] 1#1: "log_format" directive is not allowed here in /etc/nginx/conf.d/default.conf:7
2026/09/23 07:53:53 [emerg] 1#1: "log_format" directive is not allowed here in /etc/nginx/conf.d/default.conf:7
2026/09/23 07:53:53 [emerg] 1#1: "log_format" directive is not allowed here in /etc/nginx/conf.d/default.conf:7
2026/09/23 07:53:53 [emerg] 1#1: "log_format" directive is not allowed here in /etc/nginx/conf.d/default.conf:7
2026/09/23 07:53:53 [emerg] 1#1: "log_format" directive is not allowed here in /etc/nginx/conf.d/default.conf:7
2026/09/23 07:53:53 [emerg] 1#1: "log_format" directive is not allowed here in /etc/nginx/conf.d/default.conf:7
2026/09/23 07:53:53 [emerg] 1#1: "log_format" directive is not allowed here in /etc/nginx/conf.d/default.conf:7
2026/09/23 07:53:53 [emerg] 1#1: "log_format" directive is not allowed here in /etc/nginx/conf.d/default.conf:7
2026/09/23 07:53:54 [emerg] 1#1: "log_format" directive is not allowed here in /etc/nginx/conf.d/default.conf:7
2026/09/23 07:53:54 [emerg] 1#1: "log_format" directive is not allowed here in /etc/nginx/conf.d/default.conf:7
2026/09/23 07:53:54 [emerg] 1#1: "log_format" directive is not allowed here in /etc/nginx/conf.d/default.conf:7
2026/09/23 07:53:54 [emerg] 1#1: "log_format" directive is not allowed here in /etc/nginx/conf.d/default.conf:7
2026/09/23 07:53:54 [emerg] 1#1: "log_format" directive is not allowed here in /etc/nginx/conf.d/default.conf:7
2026/09/23 07:53:54 [emerg] 1#1: "log_format" directive is not allowed here in /etc/nginx/conf.d/default.conf:7
2026/09/23 07:53:54 [emerg] 1#1: "log_format" directive is not allowed here in /etc/nginx/conf.d/default.conf:7
2026/09/23 07:53:54 [emerg] 1#1: "log_format" directive is not allowed here in /etc/nginx/conf.d/default.conf:7
2026/09/23 07:53:54 [emerg] 1#1: "log_format" directive is not allowed here in /etc/nginx/conf.d/default.conf:7
2026/09/23 07:53:55 [emerg] 1#1: "log_format" directive is not allowed here in /etc/nginx/conf.d/default.conf:7
2026/09/23 07:53:55 [emerg] 1#1: "log_format" directive is not allowed here in /etc/nginx/conf.d/default.conf:7
2026/09/23 07:53:55 [emerg] 1#1: "log_format" directive is not allowed here in /etc/nginx/conf.d/default.conf:7
2026/09/23 07:53:55 [emerg] 1#1: "log_format" directive is not allowed here in /etc/nginx/conf.d/default.conf:7
2026/09/23 07:53:55 [emerg] 1#1: "log_format" directive is not allowed here in /etc/nginx/conf.d/default.conf:7
2026/09/23 07:53:55 [emerg] 1#1: "log_format" directive is not allowed here in /etc/nginx/conf.d/default.conf:7
2026/09/23 07:53:55 [emerg] 1#1: "log_format" directive is not allowed here in /etc/nginx/conf.d/default.conf:7
2026/09/23 07:53:55 [emerg] 1#1: "log_format" directive is not allowed here in /etc/nginx/conf.d/default.conf:7
2026/09/23 07:53:56 [emerg] 1#1: "log_format" directive is not allowed here in /etc/nginx/conf.d/default.conf:7
2026/09/23 07:53:56 [emerg] 1#1: "log_format" directive is not allowed here in /etc/nginx/conf.d/default.conf:7
2026/09/23 07:53:56 [emerg] 1#1: "log_format" directive is not allowed here in /etc/nginx/conf.d/default.conf:7
2026/09/23 07:53:56 [emerg] 1#1: "log_format" directive is not allowed here in /etc/nginx/conf.d/default.conf:7
2026/09/23 07:53:56 [emerg] 1#1: "log_format" directive is not allowed here in /etc/nginx/conf.d/default.conf:7
2026/09/23 07:53:56 [emerg] 1#1: "log_format" directive is not allowed here in /etc/nginx/conf.d/default.conf:7
2026/09/23 07:53:56 [emerg] 1#1: "log_format" directive is not allowed here in /etc/nginx/conf.d/default.conf:7
2026/09/23 07:53:56 [emerg] 1#1: "log_format" directive is not allowed here in /etc/nginx/conf.d/default.conf:7
2026/09/23 07:53:57 [emerg] 1#1: "log_format" directive is not allowed here in /etc/nginx/conf.d/default.conf:7
2026/09/23 07:53:57 [emerg] 1#1: "log_format" directive is not allowed here in /etc/nginx/conf.d/default.conf:7
2026/09/23 07:53:57 [emerg] 1#1: "log_format" directive is not allowed here in /etc/nginx/conf.d/default.conf:7
2026/09/23 07:53:57 [emerg] 1#1: "log_format" directive is not allowed here in /etc/nginx/conf.d/default.conf:7
2026/09/23 07:53:57 [emerg] 1#1: "log_format" directive is not allowed here in /etc/nginx/conf.d/default.conf:7
2026/09/23 07:53:57 [emerg] 1#1: "log_format" directive is not allowed here in /etc/nginx/conf.d/default.conf:7
2026/09/23 07:53:57 [emerg] 1#1: "log_format" directive is not allowed here in /etc/nginx/conf.d/default.conf:7
2026/09/23 07:53:57 [emerg] 1#1: "log_format" directive is not allowed here in /etc/nginx/conf.d/default.conf:7
2026/09/23 07:53:57 [emerg] 1#1: "log_format" directive is not allowed here in /etc/nginx/conf.d/default.conf:7
2026/09/23 07:53:58 [emerg] 1#1: "log_format" directive is not allowed here in /etc/nginx/conf.d/default.conf:7
2026/09/23 07:53:58 [emerg] 1#1: "log_format" directive is not allowed here in /etc/nginx/conf.d/default.conf:7
2026/09/23 07:53:58 [emerg] 1#1: "log_format" directive is not allowed here in /etc/nginx/conf.d/default.conf:7
2026/09/23 07:53:58 [emerg] 1#1: "log_format" directive is not allowed here in /etc/nginx/conf.d/default.conf:7
2026/09/23 07:53:58 [emerg] 1#1: "log_format" directive is not allowed here in /etc/nginx/conf.d/default.conf:7
2026/09/23 07:53:58 [emerg] 1#1: "log_format" directive is not allowed here in /etc/nginx/conf.d/default.conf:7
2026/09/23 07:53:58 [emerg] 1#1: "log_format" directive is not allowed here in /etc/nginx/conf.d/default.conf:7
2026/09/23 07:53:58 [emerg] 1#1: "log_format" directive is not allowed here in /etc/nginx/conf.d/default.conf:7
2026/09/23 07:53:59 [emerg] 1#1: "log_format" directive is not allowed here in /etc/nginx/conf.d/default.conf:7
2026/09/23 07:53:59 [emerg] 1#1: "log_format" directive is not allowed here in /etc/nginx/conf.d/default.conf:7
2026/09/23 07:53:59 [emerg] 1#1: "log_format" directive is not allowed here in /etc/nginx/conf.d/default.conf:7
2026/09/23 07:53:59 [emerg] 1#1: "log_format" directive is not allowed here in /etc/nginx/conf.d/default.conf:7
2026/09/23 07:53:59 [emerg] 1#1: "log_format" directive is not allowed here in /etc/nginx/conf.d/default.conf:7
2026/09/23 07:53:59 [emerg] 1#1: "log_format" directive is not allowed here in /etc/nginx/conf.d/default.conf:7
2026/09/23 07:53:59 [emerg] 1#1: "log_format" directive is not allowed here in /etc/nginx/conf.d/default.conf:7
2026/09/23 07:53:59 [emerg] 1#1: "log_format" directive is not allowed here in /etc/nginx/conf.d/default.conf:7
2026/09/23 07:54:00 [emerg] 1#1: "log_format" directive is not allowed here in /etc/nginx/conf.d/default.conf:7
2026/09/23 07:54:00 [emerg] 1#1: "log_format" directive is not allowed here in /etc/nginx/conf.d/default.conf:7
2026/09/23 07:54:00 [emerg] 1#1: "log_format" directive is not allowed here in /etc/nginx/conf.d/default.conf:7
2026/09/23 07:54:00 [emerg] 1#1: "log_format" directive is not allowed here in /etc/nginx/conf.d/default.conf:7
2026/09/23 07:54:00 [emerg] 1#1: "log_format" directive is not allowed here in /etc/nginx/conf.d/default.conf:7
2026/09/23 07:54:00 [emerg] 1#1: "log_format" directive is not allowed here in /etc/nginx/conf.d/default.conf:7
2026/09/23 07:54:00 [emerg] 1#1: "log_format" directive is not allowed here in /etc/nginx/conf.d/default.conf:7
2026/09/23 07:54:00 [emerg] 1#1: "log_format" directive is not allowed here in /etc/nginx/conf.d/default.conf:7
2026/09/23 07:54:00 [emerg] 1#1: "log_format" directive is not allowed here in /etc/nginx/conf.d/default.conf:7
2026/09/23 07:54:01 [emerg] 1#1: "log_format" directive is not allowed here in /etc/nginx/conf.d/default.conf:7
2026/09/23 07:54:01 [emerg] 1#1: "log_format" directive is not allowed here in /etc/nginx/conf.d/default.conf:7
2026/09/23 07:54:01 [emerg] 1#1: "log_format" directive is not allowed here in /etc/nginx/conf.d/default.conf:7
2026/09/23 07:54:01 [emerg] 1#1: "log_format" directive is not allowed here in /etc/nginx/conf.d/default.conf:7
2026/09/23 07:54:01 [emerg] 1#1: "log_format" directive is not allowed here in /etc/nginx/conf.d/default.conf:7
2026/09/23 07:54:01 [emerg] 1#1: "log_format" directive is not allowed here in /etc/nginx/conf.d/default.conf:7
2026/09/23 07:54:01 [emerg] 1#1: "log_format" directive is not allowed here in /etc/nginx/conf.d/default.conf:7
2026/09/23 07:54:01 [emerg] 1#1: "log_format" directive is not allowed here in /etc/nginx/conf.d/default.conf:7
2026/09/23 07:54:02 [emerg] 1#1: "log_format" directive is not allowed here in /etc/nginx/conf.d/default.conf:7
2026/09/23 07:54:02 [emerg] 1#1: "log_format" directive is not allowed here in /etc/nginx/conf.d/default.conf:7
2026/09/23 07:54:02 [emerg] 1#1: "log_format" directive is not allowed here in /etc/nginx/conf.d/default.conf:7
2026/09/23 07:54:02 [emerg] 1#1: "log_format" directive is not allowed here in /etc/nginx/conf.d/default.conf:7
2026/09/23 07:54:02 [emerg] 1#1: "log_format" directive is not allowed here in /etc/nginx/conf.d/default.conf:7
2026/09/23 07:54:02 [emerg] 1#1: "log_format" directive is not allowed here in /etc/nginx/conf.d/default.conf:7
2026/09/23 07:54:02 [emerg] 1#1: "log_format" directive is not allowed here in /etc/nginx/conf.d/default.conf:7
2026/09/23 07:54:02 [emerg] 1#1: "log_format" directive is not allowed here in /etc/nginx/conf.d/default.conf:7
2026/09/23 07:54:02 [emerg] 1#1: "log_format" directive is not allowed here in /etc/nginx/conf.d/default.conf:7
2026/09/23 07:54:03 [emerg] 1#1: "log_format" directive is not allowed here in /etc/nginx/conf.d/default.conf:7
2026/09/23 07:54:03 [emerg] 1#1: "log_format" directive is not allowed here in /etc/nginx/conf.d/default.conf:7
2026/09/23 07:54:03 [emerg] 1#1: "log_format" directive is not allowed here in /etc/nginx/conf.d/default.conf:7
2026/09/23 07:54:03 [emerg] 1#1: "log_format" directive is not allowed here in /etc/nginx/conf.d/default.conf:7
2026/09/23 07:54:03 [emerg] 1#1: "log_format" directive is not allowed here in /etc/nginx/conf.d/default.conf:7
2026/09/23 07:54:03 [emerg] 1#1: "log_format" directive is not allowed here in /etc/nginx/conf.d/default.conf:7
2026/09/23 07:54:03 [emerg] 1#1: "log_format" directive is not allowed here in /etc/nginx/conf.d/default.conf:7
2026/09/23 07:54:03 [emerg] 1#1: "log_format" directive is not allowed here in /etc/nginx/conf.d/default.conf:7
2026/09/23 07:54:04 [emerg] 1#1: "log_format" directive is not allowed here in /etc/nginx/conf.d/default.conf:7
2026/09/23 07:54:04 [emerg] 1#1: "log_format" directive is not allowed here in /etc/nginx/conf.d/default.conf:7
2026/09/23 07:54:04 [emerg] 1#1: "log_format" directive is not allowed here in /etc/nginx/conf.d/default.conf:7
2026/09/23 07:54:04 [emerg] 1#1: "log_format" directive is not allowed here in /etc/nginx/conf.d/default.conf:7
2026/09/23 07:54:04 [emerg] 1#1: "log_format" directive is not allowed here in /etc/nginx/conf.d/default.conf:7
2026/09/23 07:54:04 [emerg] 1#1: "log_format" directive is not allowed here in /etc/nginx/conf.d/default.conf:7
2026/09/23 07:54:04 [emerg] 1#1: "log_format" directive is not allowed here in /etc/nginx/conf.d/default.conf:7
2026/09/23 07:54:04 [emerg] 1#1: "log_format" directive is not allowed here in /etc/nginx/conf.d/default.conf:7
2026/09/23 07:54:05 [emerg] 1#1: "log_format" directive is not allowed here in /etc/nginx/conf.d/default.conf:7
2026/09/23 07:54:05 [emerg] 1#1: "log_format" directive is not allowed here in /etc/nginx/conf.d/default.conf:7
2026/09/23 07:54:05 [emerg] 1#1: "log_format" directive is not allowed here in /etc/nginx/conf.d/default.conf:7
2026/09/23 07:54:05 [emerg] 1#1: "log_format" directive is not allowed here in /etc/nginx/conf.d/default.conf:7
2026/09/23 07:54:05 [emerg] 1#1: "log_format" directive is not allowed here in /etc/nginx/conf.d/default.conf:7
2026/09/23 07:54:05 [emerg] 1#1: "log_format" directive is not allowed here in /etc/nginx/conf.d/default.conf:7
2026/09/23 07:54:05 [emerg] 1#1: "log_format" directive is not allowed here in /etc/nginx/conf.d/default.conf:7
2026/09/23 07:54:05 [emerg] 1#1: "log_format" directive is not allowed here in /etc/nginx/conf.d/default.conf:7
2026/09/23 07:54:06 [emerg] 1#1: "log_format" directive is not allowed here in /etc/nginx/conf.d/default.conf:7
2026/09/23 07:54:06 [emerg] 1#1: "log_format" directive is not allowed here in /etc/nginx/conf.d/default.conf:7
2026/09/23 07:54:06 [emerg] 1#1: "log_format" directive is not allowed here in /etc/nginx/conf.d/default.conf:7
2026/09/23 07:54:06 [emerg] 1#1: "log_format" directive is not allowed here in /etc/nginx/conf.d/default.conf:7
2026/09/23 07:54:06 [emerg] 1#1: "log_format" directive is not allowed here in /etc/nginx/conf.d/default.conf:7
2026/09/23 07:54:06 [emerg] 1#1: "log_format" directive is not allowed here in /etc/nginx/conf.d/default.conf:7
2026/09/23 07:54:06 [emerg] 1#1: "log_format" directive is not allowed here in /etc/nginx/conf.d/default.conf:7
2026/09/23 07:54:06 [emerg] 1#1: "log_format" directive is not allowed here in /etc/nginx/conf.d/default.conf:7
2026/09/23 07:54:07 [emerg] 1#1: "log_format" directive is not allowed here in /etc/nginx/conf.d/default.conf:7
2026/09/23 07:54:07 [emerg] 1#1: "log_format" directive is not allowed here in /etc/nginx/conf.d/default.conf:7
2026/09/23 07:54:07 [emerg] 1#1: "log_format" directive is not allowed here in /etc/nginx/conf.d/default.conf:7
2026/09/23 07:54:07 [emerg] 1#1: "log_format" directive is not allowed here in /etc/nginx/conf.d/default.conf:7
2026/09/23 07:54:07 [emerg] 1#1: "log_format" directive is not allowed here in /etc/nginx/conf.d/default.conf:7
2026/09/23 07:54:07 [emerg] 1#1: "log_format" directive is not allowed here in /etc/nginx/conf.d/default.conf:7
2026/09/23 07:54:07 [emerg] 1#1: "log_format" directive is not allowed here in /etc/nginx/conf.d/default.conf:7
2026/09/23 07:54:07 [emerg] 1#1: "log_format" directive is not allowed here in /etc/nginx/conf.d/default.conf:7
2026/09/23 07:54:08 [emerg] 1#1: "log_format" directive is not allowed here in /etc/nginx/conf.d/default.conf:7
2026/09/23 07:54:08 [emerg] 1#1: "log_format" directive is not allowed here in /etc/nginx/conf.d/default.conf:7
2026/09/23 07:54:08 [emerg] 1#1: "log_format" directive is not allowed here in /etc/nginx/conf.d/default.conf:7
2026/09/23 07:54:08 [emerg] 1#1: "log_format" directive is not allowed here in /etc/nginx/conf.d/default.conf:7
2026/09/23 07:54:08 [emerg] 1#1: "log_format" directive is not allowed here in /etc/nginx/conf.d/default.conf:7
2026/09/23 07:54:08 [emerg] 1#1: "log_format" directive is not allowed here in /etc/nginx/conf.d/default.conf:7
2026/09/23 07:54:08 [emerg] 1#1: "log_format" directive is not allowed here in /etc/nginx/conf.d/default.conf:7
2026/09/23 07:54:08 [emerg] 1#1: "log_format" directive is not allowed here in /etc/nginx/conf.d/default.conf:7
2026/09/23 07:54:09 [emerg] 1#1: "log_format" directive is not allowed here in /etc/nginx/conf.d/default.conf:7
2026/09/23 07:54:09 [emerg] 1#1: "log_format" directive is not allowed here in /etc/nginx/conf.d/default.conf:7
2026/09/23 07:54:09 [emerg] 1#1: "log_format" directive is not allowed here in /etc/nginx/conf.d/default.conf:7
2026/09/23 07:54:09 [emerg] 1#1: "log_format" directive is not allowed here in /etc/nginx/conf.d/default.conf:7
2026/09/23 07:54:09 [emerg] 1#1: "log_format" directive is not allowed here in /etc/nginx/conf.d/default.conf:7
2026/09/23 07:54:09 [emerg] 1#1: "log_format" directive is not allowed here in /etc/nginx/conf.d/default.conf:7
2026/09/23 07:54:09 [emerg] 1#1: "log_format" directive is not allowed here in /etc/nginx/conf.d/default.conf:7
2026/09/23 07:54:09 [emerg] 1#1: "log_format" directive is not allowed here in /etc/nginx/conf.d/default.conf:7
2026/09/23 07:54:10 [emerg] 1#1: "log_format" directive is not allowed here in /etc/nginx/conf.d/default.conf:7
2026/09/23 07:54:10 [emerg] 1#1: "log_format" directive is not allowed here in /etc/nginx/conf.d/default.conf:7
2026/09/23 07:54:10 [emerg] 1#1: "log_format" directive is not allowed here in /etc/nginx/conf.d/default.conf:7
2026/09/23 07:54:10 [emerg] 1#1: "log_format" directive is not allowed here in /etc/nginx/conf.d/default.conf:7
2026/09/23 07:54:10 [emerg] 1#1: "log_format" directive is not allowed here in /etc/nginx/conf.d/default.conf:7
2026/09/23 07:54:10 [emerg] 1#1: "log_format" directive is not allowed here in /etc/nginx/conf.d/default.conf:7
2026/09/23 07:54:10 [emerg] 1#1: "log_format" directive is not allowed here in /etc/nginx/conf.d/default.conf:7
2026/09/23 07:54:10 [emerg] 1#1: "log_format" directive is not allowed here in /etc/nginx/conf.d/default.conf:7
2026/09/23 07:54:11 [emerg] 1#1: "log_format" directive is not allowed here in /etc/nginx/conf.d/default.conf:7
2026/09/23 07:54:11 [emerg] 1#1: "log_format" directive is not allowed here in /etc/nginx/conf.d/default.conf:7
2026/09/23 07:54:11 [emerg] 1#1: "log_format" directive is not allowed here in /etc/nginx/conf.d/default.conf:7
2026/09/23 07:54:11 [emerg] 1#1: "log_format" directive is not allowed here in /etc/nginx/conf.d/default.conf:7
2026/09/23 07:54:11 [emerg] 1#1: "log_format" directive is not allowed here in /etc/nginx/conf.d/default.conf:7
2026/09/23 07:54:11 [emerg] 1#1: "log_format" directive is not allowed here in /etc/nginx/conf.d/default.conf:7
2026/09/23 07:54:11 [emerg] 1#1: "log_format" directive is not allowed here in /etc/nginx/conf.d/default.conf:7
2026/09/23 07:54:11 [emerg] 1#1: "log_format" directive is not allowed here in /etc/nginx/conf.d/default.conf:7
2026/09/23 07:54:11 [emerg] 1#1: "log_format" directive is not allowed here in /etc/nginx/conf.d/default.conf:7
2026/09/23 07:54:12 [emerg] 1#1: "log_format" directive is not allowed here in /etc/nginx/conf.d/default.conf:7
2026/09/23 07:54:12 [emerg] 1#1: "log_format" directive is not allowed here in /etc/nginx/conf.d/default.conf:7
2026/09/23 07:54:12 [emerg] 1#1: "log_format" directive is not allowed here in /etc/nginx/conf.d/default.conf:7
2026/09/23 07:54:12 [emerg] 1#1: "log_format" directive is not allowed here in /etc/nginx/conf.d/default.conf:7
2026/09/23 07:54:12 [emerg] 1#1: "log_format" directive is not allowed here in /etc/nginx/conf.d/default.conf:7
2026/09/23 07:54:12 [emerg] 1#1: "log_format" directive is not allowed here in /etc/nginx/conf.d/default.conf:7
2026/09/23 07:54:12 [emerg] 1#1: "log_format" directive is not allowed here in /etc/nginx/conf.d/default.conf:7
2026/09/23 07:54:12 [emerg] 1#1: "log_format" directive is not allowed here in /etc/nginx/conf.d/default.conf:7
2026/09/23 07:54:13 [emerg] 1#1: "log_format" directive is not allowed here in /etc/nginx/conf.d/default.conf:7
2026/09/23 07:54:13 [emerg] 1#1: "log_format" directive is not allowed here in /etc/nginx/conf.d/default.conf:7
2026/09/23 07:54:13 [emerg] 1#1: "log_format" directive is not allowed here in /etc/nginx/conf.d/default.conf:7
2026/09/23 07:54:13 [emerg] 1#1: "log_format" directive is not allowed here in /etc/nginx/conf.d/default.conf:7
2026/09/23 07:54:13 [emerg] 1#1: "log_format" directive is not allowed here in /etc/nginx/conf.d/default.conf:7
2026/09/23 07:54:13 [emerg] 1#1: "log_format" directive is not allowed here in /etc/nginx/conf.d/default.conf:7
2026/09/23 07:54:13 [emerg] 1#1: unknown log format "main" in /etc/nginx/nginx.conf:37
2026/09/23 07:54:13 [emerg] 1#1: unknown log format "main" in /etc/nginx/nginx.conf:37
2026/09/23 07:54:13 [emerg] 1#1: unknown log format "main" in /etc/nginx/nginx.conf:37
2026/09/23 07:54:14 [emerg] 1#1: unknown log format "main" in /etc/nginx/nginx.conf:37
2026/09/23 07:54:14 [emerg] 1#1: unknown log format "main" in /etc/nginx/nginx.conf:37
2026/09/23 07:54:14 [emerg] 1#1: unknown log format "main" in /etc/nginx/nginx.conf:37
2026/09/23 07:54:14 [emerg] 1#1: unknown log format "main" in /etc/nginx/nginx.conf:37
2026/09/23 07:54:14 [emerg] 1#1: unknown log format "main" in /etc/nginx/nginx.conf:37
2026/09/23 07:54:14 [emerg] 1#1: unknown log format "main" in /etc/nginx/nginx.conf:37
2026/09/23 07:54:14 [emerg] 1#1: unknown log format "main" in /etc/nginx/nginx.conf:37
2026/09/23 07:54:14 [emerg] 1#1: unknown log format "main" in /etc/nginx/nginx.conf:37
2026/09/23 07:54:15 [emerg] 1#1: unknown log format "main" in /etc/nginx/nginx.conf:37
2026/09/23 07:54:15 [emerg] 1#1: unknown log format "main" in /etc/nginx/nginx.conf:37
2026/09/23 07:54:15 [emerg] 1#1: unknown log format "main" in /etc/nginx/nginx.conf:37
2026/09/23 07:54:15 [emerg] 1#1: unknown log format "main" in /etc/nginx/nginx.conf:37
2026/09/23 07:54:15 [emerg] 1#1: unknown log format "main" in /etc/nginx/nginx.conf:37
2026/09/23 07:54:15 [emerg] 1#1: unknown log format "main" in /etc/nginx/nginx.conf:37
2026/09/23 07:54:15 [emerg] 1#1: unknown log format "main" in /etc/nginx/nginx.conf:37
2026/09/23 07:54:15 [emerg] 1#1: unknown log format "main" in /etc/nginx/nginx.conf:37
2026/09/23 07:54:16 [emerg] 1#1: unknown log format "main" in /etc/nginx/nginx.conf:37
2026/09/23 07:54:16 [emerg] 1#1: unknown log format "main" in /etc/nginx/nginx.conf:37
2026/09/23 07:54:16 [emerg] 1#1: unknown log format "main" in /etc/nginx/nginx.conf:37
2026/09/23 07:54:16 [emerg] 1#1: unknown log format "main" in /etc/nginx/nginx.conf:37
2026/09/23 07:54:16 [emerg] 1#1: unknown log format "main" in /etc/nginx/nginx.conf:37
2026/09/23 07:54:16 [emerg] 1#1: unknown log format "main" in /etc/nginx/nginx.conf:37
2026/09/23 07:54:16 [emerg] 1#1: unknown log format "main" in /etc/nginx/nginx.conf:37
2026/09/23 07:54:16 [emerg] 1#1: unknown log format "main" in /etc/nginx/nginx.conf:37
2026/09/23 07:54:16 [emerg] 1#1: unknown log format "main" in /etc/nginx/nginx.conf:37
2026/09/23 07:54:17 [emerg] 1#1: unknown log format "main" in /etc/nginx/nginx.conf:37
2026/09/23 07:54:17 [emerg] 1#1: unknown log format "main" in /etc/nginx/nginx.conf:37
2026/09/23 07:54:17 [emerg] 1#1: unknown log format "main" in /etc/nginx/nginx.conf:37
2026/09/23 07:54:17 [emerg] 1#1: unknown log format "main" in /etc/nginx/nginx.conf:37
2026/09/23 07:54:17 [emerg] 1#1: unknown log format "main" in /etc/nginx/nginx.conf:37
2026/09/23 07:54:18 [emerg] 1#1: unknown log format "main" in /etc/nginx/nginx.conf:37
2026/09/23 07:54:18 [emerg] 1#1: unknown log format "main" in /etc/nginx/nginx.conf:37
2026/09/23 07:54:18 [emerg] 1#1: unknown log format "main" in /etc/nginx/nginx.conf:37
2026/09/23 07:54:18 [emerg] 1#1: unknown log format "main" in /etc/nginx/nginx.conf:37
2026/09/23 07:54:18 [emerg] 1#1: unknown log format "main" in /etc/nginx/nginx.conf:37
2026/09/23 07:54:18 [emerg] 1#1: unknown log format "main" in /etc/nginx/nginx.conf:37
2026/09/23 07:54:18 [emerg] 1#1: unknown log format "main" in /etc/nginx/nginx.conf:37
2026/09/23 07:54:18 [emerg] 1#1: unknown log format "main" in /etc/nginx/nginx.conf:37
2026/09/23 07:54:19 [emerg] 1#1: unknown log format "main" in /etc/nginx/nginx.conf:37
2026/09/23 07:54:19 [emerg] 1#1: unknown log format "main" in /etc/nginx/nginx.conf:37
2026/09/23 07:54:19 [emerg] 1#1: unknown log format "main" in /etc/nginx/nginx.conf:37
2026/09/23 07:54:19 [emerg] 1#1: unknown log format "main" in /etc/nginx/nginx.conf:37
2026/09/23 07:54:19 [emerg] 1#1: unknown log format "main" in /etc/nginx/nginx.conf:37
2026/09/23 07:54:19 [emerg] 1#1: unknown log format "main" in /etc/nginx/nginx.conf:37
2026/09/23 07:54:19 [emerg] 1#1: unknown log format "main" in /etc/nginx/nginx.conf:37
2026/09/23 07:54:19 [emerg] 1#1: unknown log format "main" in /etc/nginx/nginx.conf:37
2026/09/23 07:54:19 [emerg] 1#1: unknown log format "main" in /etc/nginx/nginx.conf:37
2026/09/23 07:54:20 [emerg] 1#1: unknown log format "main" in /etc/nginx/nginx.conf:37
2026/09/23 07:54:20 [emerg] 1#1: unknown log format "main" in /etc/nginx/nginx.conf:37
2026/09/23 07:54:20 [emerg] 1#1: unknown log format "main" in /etc/nginx/nginx.conf:37
2026/09/23 07:54:20 [emerg] 1#1: unknown log format "main" in /etc/nginx/nginx.conf:37
2026/09/23 07:54:20 [emerg] 1#1: unknown log format "main" in /etc/nginx/nginx.conf:37
2026/09/23 07:54:20 [emerg] 1#1: unknown log format "main" in /etc/nginx/nginx.conf:37
2026/09/23 07:54:20 [emerg] 1#1: unknown log format "main" in /etc/nginx/nginx.conf:37
2026/09/23 07:54:20 [emerg] 1#1: unknown log format "main" in /etc/nginx/nginx.conf:37
2026/09/23 07:54:21 [emerg] 1#1: unknown log format "main" in /etc/nginx/nginx.conf:37
2026/09/23 07:54:21 [emerg] 1#1: unknown log format "main" in /etc/nginx/nginx.conf:37
2026/09/23 07:54:21 [emerg] 1#1: unknown log format "main" in /etc/nginx/nginx.conf:37
2026/09/23 07:54:21 [emerg] 1#1: unknown log format "main" in /etc/nginx/nginx.conf:37
2026/09/23 07:54:21 [emerg] 1#1: unknown log format "main" in /etc/nginx/nginx.conf:37
2026/09/23 07:54:21 [emerg] 1#1: unknown log format "main" in /etc/nginx/nginx.conf:37
2026/09/23 07:54:21 [emerg] 1#1: unknown log format "main" in /etc/nginx/nginx.conf:37
2026/09/23 07:54:21 [emerg] 1#1: unknown log format "main" in /etc/nginx/nginx.conf:37
2026/09/23 07:54:21 [emerg] 1#1: unknown log format "main" in /etc/nginx/nginx.conf:37
2026/09/23 07:54:22 [emerg] 1#1: unknown log format "main" in /etc/nginx/nginx.conf:37
2026/09/23 07:54:22 [emerg] 1#1: unknown log format "main" in /etc/nginx/nginx.conf:37
2026/09/23 07:54:22 [emerg] 1#1: unknown log format "main" in /etc/nginx/nginx.conf:37
2026/09/23 07:54:22 [emerg] 1#1: unknown log format "main" in /etc/nginx/nginx.conf:37
2026/09/23 07:54:22 [emerg] 1#1: unknown log format "main" in /etc/nginx/nginx.conf:37
2026/09/23 07:54:22 [emerg] 1#1: unknown log format "main" in /etc/nginx/nginx.conf:37
2026/09/23 07:54:22 [emerg] 1#1: unknown log format "main" in /etc/nginx/nginx.conf:37
2026/09/23 07:54:22 [emerg] 1#1: unknown log format "main" in /etc/nginx/nginx.conf:37
2026/09/23 07:54:23 [emerg] 1#1: unknown log format "main" in /etc/nginx/nginx.conf:37
2026/09/23 07:54:23 [emerg] 1#1: unknown log format "main" in /etc/nginx/nginx.conf:37
2026/09/23 07:54:23 [emerg] 1#1: unknown log format "main" in /etc/nginx/nginx.conf:37
2026/09/23 07:54:23 [emerg] 1#1: unknown log format "main" in /etc/nginx/nginx.conf:37
2026/09/23 07:54:23 [emerg] 1#1: unknown log format "main" in /etc/nginx/nginx.conf:37
2026/09/23 07:54:23 [emerg] 1#1: unknown log format "main" in /etc/nginx/nginx.conf:37
2026/09/23 07:54:23 [emerg] 1#1: unknown log format "main" in /etc/nginx/nginx.conf:37
2026/09/23 07:54:23 [emerg] 1#1: unknown log format "main" in /etc/nginx/nginx.conf:37
2026/09/23 07:54:24 [emerg] 1#1: unknown log format "main" in /etc/nginx/nginx.conf:37
2026/09/23 07:54:24 [emerg] 1#1: unknown log format "main" in /etc/nginx/nginx.conf:37
2026/09/23 07:54:24 [emerg] 1#1: unknown log format "main" in /etc/nginx/nginx.conf:37
2026/09/23 07:54:24 [emerg] 1#1: unknown log format "main" in /etc/nginx/nginx.conf:37
2026/09/23 07:54:24 [emerg] 1#1: unknown log format "main" in /etc/nginx/nginx.conf:37
2026/09/23 07:54:24 [emerg] 1#1: unknown log format "main" in /etc/nginx/nginx.conf:37
2026/09/23 07:54:24 [emerg] 1#1: unknown log format "main" in /etc/nginx/nginx.conf:37
2026/09/23 07:54:24 [emerg] 1#1: unknown log format "main" in /etc/nginx/nginx.conf:37
2026/09/23 07:54:25 [emerg] 1#1: unknown log format "main" in /etc/nginx/nginx.conf:37
2026/09/23 07:54:25 [emerg] 1#1: unknown log format "main" in /etc/nginx/nginx.conf:37
2026/09/23 07:54:25 [emerg] 1#1: unknown log format "main" in /etc/nginx/nginx.conf:37
2026/09/23 07:54:25 [emerg] 1#1: unknown log format "main" in /etc/nginx/nginx.conf:37
2026/09/23 07:54:25 [emerg] 1#1: unknown log format "main" in /etc/nginx/nginx.conf:37
2026/09/23 07:54:25 [emerg] 1#1: unknown log format "main" in /etc/nginx/nginx.conf:37
2026/09/23 07:54:25 [emerg] 1#1: unknown log format "main" in /etc/nginx/nginx.conf:37
2026/09/23 07:54:25 [emerg] 1#1: unknown log format "main" in /etc/nginx/nginx.conf:37
2026/09/23 07:54:25 [emerg] 1#1: unknown log format "main" in /etc/nginx/nginx.conf:37
2026/09/23 07:54:26 [emerg] 1#1: unknown log format "main" in /etc/nginx/nginx.conf:37
2026/09/23 07:54:26 [emerg] 1#1: unknown log format "main" in /etc/nginx/nginx.conf:37
2026/09/23 07:54:26 [emerg] 1#1: unknown log format "main" in /etc/nginx/nginx.conf:37
2026/09/23 07:54:26 [emerg] 1#1: unknown log format "main" in /etc/nginx/nginx.conf:37
2026/09/23 07:54:26 [emerg] 1#1: unknown log format "main" in /etc/nginx/nginx.conf:37
2026/09/23 07:54:26 [emerg] 1#1: unknown log format "main" in /etc/nginx/nginx.conf:37
2026/09/23 07:54:26 [emerg] 1#1: unknown log format "main" in /etc/nginx/nginx.conf:37
2026/09/23 07:54:26 [emerg] 1#1: unknown log format "main" in /etc/nginx/nginx.conf:37
2026/09/23 07:54:26 [emerg] 1#1: unknown log format "main" in /etc/nginx/nginx.conf:37
2026/09/23 07:54:27 [emerg] 1#1: unknown log format "main" in /etc/nginx/nginx.conf:37
2026/09/23 07:54:27 [emerg] 1#1: unknown log format "main" in /etc/nginx/nginx.conf:37
2026/09/23 07:54:27 [emerg] 1#1: unknown log format "main" in /etc/nginx/nginx.conf:37
2026/09/23 07:54:27 [emerg] 1#1: unknown log format "main" in /etc/nginx/nginx.conf:37
2026/09/23 07:54:27 [emerg] 1#1: unknown log format "main" in /etc/nginx/nginx.conf:37
2026/09/23 07:54:27 [emerg] 1#1: unknown log format "main" in /etc/nginx/nginx.conf:37
2026/09/23 07:54:27 [emerg] 1#1: unknown log format "main" in /etc/nginx/nginx.conf:37
2026/09/23 07:54:27 [emerg] 1#1: unknown log format "main" in /etc/nginx/nginx.conf:37
2026/09/23 07:54:28 [emerg] 1#1: unknown log format "main" in /etc/nginx/nginx.conf:37
2026/09/23 07:54:28 [emerg] 1#1: unknown log format "main" in /etc/nginx/nginx.conf:37
2026/09/23 07:54:28 [emerg] 1#1: unknown log format "main" in /etc/nginx/nginx.conf:37
2026/09/23 07:54:28 [emerg] 1#1: unknown log format "main" in /etc/nginx/nginx.conf:37
2026/09/23 07:54:28 [emerg] 1#1: unknown log format "main" in /etc/nginx/nginx.conf:37
2026/09/23 07:54:28 [emerg] 1#1: unknown log format "main" in /etc/nginx/nginx.conf:37
2026/09/23 07:54:28 [emerg] 1#1: unknown log format "main" in /etc/nginx/nginx.conf:37
2026/09/23 07:54:28 [emerg] 1#1: unknown log format "main" in /etc/nginx/nginx.conf:37
2026/09/23 07:54:29 [emerg] 1#1: unknown log format "main" in /etc/nginx/nginx.conf:37
2026/09/23 07:54:29 [emerg] 1#1: unknown log format "main" in /etc/nginx/nginx.conf:37
2026/09/23 07:54:29 [emerg] 1#1: unknown log format "main" in /etc/nginx/nginx.conf:37
2026/09/23 07:54:29 [emerg] 1#1: unknown log format "main" in /etc/nginx/nginx.conf:37
2026/09/23 07:54:29 [emerg] 1#1: unknown log format "main" in /etc/nginx/nginx.conf:37
2026/09/23 07:54:29 [emerg] 1#1: unknown log format "main" in /etc/nginx/nginx.conf:37
2026/09/23 07:54:29 [emerg] 1#1: unknown log format "main" in /etc/nginx/nginx.conf:37
2026/09/23 07:54:29 [emerg] 1#1: unknown log format "main" in /etc/nginx/nginx.conf:37
2026/09/23 07:54:30 [emerg] 1#1: unknown log format "main" in /etc/nginx/nginx.conf:37
2026/09/23 07:54:30 [emerg] 1#1: unknown log format "main" in /etc/nginx/nginx.conf:37
2026/09/23 07:54:30 [emerg] 1#1: unknown log format "main" in /etc/nginx/nginx.conf:37
2026/09/23 07:54:30 [emerg] 1#1: unknown log format "main" in /etc/nginx/nginx.conf:37
2026/09/23 07:54:30 [emerg] 1#1: unknown log format "main" in /etc/nginx/nginx.conf:37
2026/09/23 07:54:30 [emerg] 1#1: unknown log format "main" in /etc/nginx/nginx.conf:37
2026/09/23 07:54:30 [emerg] 1#1: unknown log format "main" in /etc/nginx/nginx.conf:37
2026/09/23 07:54:30 [emerg] 1#1: unknown log format "main" in /etc/nginx/nginx.conf:37
2026/09/23 07:54:30 [emerg] 1#1: unknown log format "main" in /etc/nginx/nginx.conf:37
2026/09/23 07:54:31 [emerg] 1#1: unknown log format "main" in /etc/nginx/nginx.conf:37
2026/09/23 07:54:31 [emerg] 1#1: unknown log format "main" in /etc/nginx/nginx.conf:37
2026/09/23 07:54:31 [emerg] 1#1: unknown log format "main" in /etc/nginx/nginx.conf:37
2026/09/23 07:54:31 [emerg] 1#1: unknown log format "main" in /etc/nginx/nginx.conf:37
2026/09/23 07:54:31 [emerg] 1#1: unknown log format "main" in /etc/nginx/nginx.conf:37
2026/09/23 07:54:31 [emerg] 1#1: unknown log format "main" in /etc/nginx/nginx.conf:37
2026/09/23 07:54:31 [emerg] 1#1: unknown log format "main" in /etc/nginx/nginx.conf:37
2026/09/23 07:54:31 [emerg] 1#1: unknown log format "main" in /etc/nginx/nginx.conf:37
2026/09/23 07:54:32 [emerg] 1#1: unknown log format "main" in /etc/nginx/nginx.conf:37
2026/09/23 07:54:32 [emerg] 1#1: unknown log format "main" in /etc/nginx/nginx.conf:37
2026/09/23 07:54:32 [emerg] 1#1: unknown log format "main" in /etc/nginx/nginx.conf:37
2026/09/23 07:54:32 [emerg] 1#1: unknown log format "main" in /etc/nginx/nginx.conf:37
2026/09/23 07:54:32 [emerg] 1#1: unknown log format "main" in /etc/nginx/nginx.conf:37
2026/09/23 07:54:32 [emerg] 1#1: unknown log format "main" in /etc/nginx/nginx.conf:37
2026/09/23 07:54:32 [emerg] 1#1: unknown log format "main" in /etc/nginx/nginx.conf:37
2026/09/23 07:54:32 [emerg] 1#1: unknown log format "main" in /etc/nginx/nginx.conf:37
2026/09/23 07:54:33 [emerg] 1#1: unknown log format "main" in /etc/nginx/nginx.conf:37
2026/09/23 07:54:33 [emerg] 1#1: unknown log format "main" in /etc/nginx/nginx.conf:37
2026/09/23 07:54:33 [emerg] 1#1: unknown log format "main" in /etc/nginx/nginx.conf:37
2026/09/23 07:54:33 [emerg] 1#1: unknown log format "main" in /etc/nginx/nginx.conf:37
2026/09/23 07:54:33 [emerg] 1#1: unknown log format "main" in /etc/nginx/nginx.conf:37
2026/09/23 07:54:33 [emerg] 1#1: unknown log format "main" in /etc/nginx/nginx.conf:37
2026/09/23 07:54:33 [emerg] 1#1: unknown log format "main" in /etc/nginx/nginx.conf:37
2026/09/23 07:54:33 [emerg] 1#1: unknown log format "main" in /etc/nginx/nginx.conf:37
2026/09/23 07:54:34 [emerg] 1#1: unknown log format "main" in /etc/nginx/nginx.conf:37
2026/09/23 07:54:34 [emerg] 1#1: unknown log format "main" in /etc/nginx/nginx.conf:37
2026/09/23 07:54:34 [emerg] 1#1: unknown log format "main" in /etc/nginx/nginx.conf:37
2026/09/23 07:54:34 [emerg] 1#1: unknown log format "main" in /etc/nginx/nginx.conf:37
2026/09/23 07:54:34 [emerg] 1#1: unknown log format "main" in /etc/nginx/nginx.conf:37
2026/09/23 07:54:34 [emerg] 1#1: unknown log format "main" in /etc/nginx/nginx.conf:37
2026/09/23 07:54:34 [emerg] 1#1: unknown log format "main" in /etc/nginx/nginx.conf:37
2026/09/23 07:54:34 [emerg] 1#1: unknown log format "main" in /etc/nginx/nginx.conf:37
2026/09/23 07:54:34 [emerg] 1#1: unknown log format "main" in /etc/nginx/nginx.conf:37
2026/09/23 07:54:35 [emerg] 1#1: unknown log format "main" in /etc/nginx/nginx.conf:37
2026/09/23 07:54:35 [emerg] 1#1: unknown log format "main" in /etc/nginx/nginx.conf:37
2026/09/23 07:54:35 [emerg] 1#1: unknown log format "main" in /etc/nginx/nginx.conf:37
2026/09/23 07:54:35 [emerg] 1#1: unknown log format "main" in /etc/nginx/nginx.conf:37
2026/09/23 07:54:35 [emerg] 1#1: unknown log format "main" in /etc/nginx/nginx.conf:37
2026/09/23 07:54:35 [emerg] 1#1: unknown log format "main" in /etc/nginx/nginx.conf:37
2026/09/23 07:54:35 [emerg] 1#1: unknown log format "main" in /etc/nginx/nginx.conf:37
2026/09/23 07:54:36 [emerg] 1#1: unknown log format "main" in /etc/nginx/nginx.conf:37
2026/09/23 07:54:36 [emerg] 1#1: unknown log format "main" in /etc/nginx/nginx.conf:37
2026/09/23 07:54:36 [emerg] 1#1: unknown log format "main" in /etc/nginx/nginx.conf:37
2026/09/23 07:54:36 [emerg] 1#1: unknown log format "main" in /etc/nginx/nginx.conf:37
2026/09/23 07:54:36 [emerg] 1#1: unknown log format "main" in /etc/nginx/nginx.conf:37
2026/09/23 07:54:36 [emerg] 1#1: unknown log format "main" in /etc/nginx/nginx.conf:37
2026/09/23 07:54:36 [emerg] 1#1: unknown log format "main" in /etc/nginx/nginx.conf:37
2026/09/23 07:54:36 [emerg] 1#1: unknown log format "main" in /etc/nginx/nginx.conf:37
2026/09/23 07:54:37 [emerg] 1#1: unknown log format "main" in /etc/nginx/nginx.conf:37
2026/09/23 07:54:37 [emerg] 1#1: unknown log format "main" in /etc/nginx/nginx.conf:37
2026/09/23 07:54:37 [emerg] 1#1: unknown log format "main" in /etc/nginx/nginx.conf:37
2026/09/23 07:54:37 [emerg] 1#1: unknown log format "main" in /etc/nginx/nginx.conf:37
2026/09/23 07:54:37 [emerg] 1#1: unknown log format "main" in /etc/nginx/nginx.conf:37
2026/09/23 07:54:37 [emerg] 1#1: unknown log format "main" in /etc/nginx/nginx.conf:37
2026/09/23 07:54:37 [emerg] 1#1: unknown log format "main" in /etc/nginx/nginx.conf:37
2026/09/23 07:54:37 [emerg] 1#1: unknown log format "main" in /etc/nginx/nginx.conf:37
2026/09/23 07:54:38 [emerg] 1#1: unknown log format "main" in /etc/nginx/nginx.conf:37
2026/09/23 07:54:38 [emerg] 1#1: unknown log format "main" in /etc/nginx/nginx.conf:37
2026/09/23 07:54:38 [emerg] 1#1: unknown log format "main" in /etc/nginx/nginx.conf:37
2026/09/23 07:54:38 [emerg] 1#1: unknown log format "main" in /etc/nginx/nginx.conf:37
2026/09/23 07:54:38 [emerg] 1#1: unknown log format "main" in /etc/nginx/nginx.conf:37
2026/09/23 07:54:38 [emerg] 1#1: unknown log format "main" in /etc/nginx/nginx.conf:37
2026/09/23 07:54:38 [emerg] 1#1: unknown log format "main" in /etc/nginx/nginx.conf:37
2026/09/23 07:54:38 [emerg] 1#1: unknown log format "main" in /etc/nginx/nginx.conf:37
2026/09/23 07:54:39 [emerg] 1#1: unknown log format "main" in /etc/nginx/nginx.conf:37
2026/09/23 07:54:39 [emerg] 1#1: unknown log format "main" in /etc/nginx/nginx.conf:37
2026/09/23 07:54:39 [emerg] 1#1: unknown log format "main" in /etc/nginx/nginx.conf:37
2026/09/23 07:54:39 [emerg] 1#1: unknown log format "main" in /etc/nginx/nginx.conf:37
2026/09/23 07:54:39 [emerg] 1#1: unknown log format "main" in /etc/nginx/nginx.conf:37
2026/09/23 07:54:39 [emerg] 1#1: unknown log format "main" in /etc/nginx/nginx.conf:37
2026/09/23 07:54:39 [emerg] 1#1: unknown log format "main" in /etc/nginx/nginx.conf:37
2026/09/23 07:54:39 [emerg] 1#1: unknown log format "main" in /etc/nginx/nginx.conf:37
2026/09/23 07:54:39 [emerg] 1#1: unknown log format "main" in /etc/nginx/nginx.conf:37
2026/09/23 07:54:40 [emerg] 1#1: unknown log format "main" in /etc/nginx/nginx.conf:37
2026/09/23 07:54:40 [emerg] 1#1: unknown log format "main" in /etc/nginx/nginx.conf:37
2026/09/23 07:54:40 [emerg] 1#1: unknown log format "main" in /etc/nginx/nginx.conf:37
2026/09/23 07:54:40 [emerg] 1#1: unknown log format "main" in /etc/nginx/nginx.conf:37
2026/09/23 07:54:40 [emerg] 1#1: unknown log format "main" in /etc/nginx/nginx.conf:37
2026/09/23 07:54:40 [emerg] 1#1: unknown log format "main" in /etc/nginx/nginx.conf:37
2026/09/23 07:54:40 [emerg] 1#1: unknown log format "main" in /etc/nginx/nginx.conf:37
2026/09/23 07:54:40 [emerg] 1#1: unknown log format "main" in /etc/nginx/nginx.conf:37
2026/09/23 07:54:41 [emerg] 1#1: unknown log format "main" in /etc/nginx/nginx.conf:37
2026/09/23 07:54:41 [emerg] 1#1: unknown log format "main" in /etc/nginx/nginx.conf:37
2026/09/23 07:54:41 [emerg] 1#1: unknown log format "main" in /etc/nginx/nginx.conf:37
2026/09/23 07:54:41 [emerg] 1#1: unknown log format "main" in /etc/nginx/nginx.conf:37
2026/09/23 07:54:41 [emerg] 1#1: unknown log format "main" in /etc/nginx/nginx.conf:37
2026/09/23 07:54:41 [emerg] 1#1: unknown log format "main" in /etc/nginx/nginx.conf:37
2026/09/23 07:54:41 [emerg] 1#1: unknown log format "main" in /etc/nginx/nginx.conf:37
2026/09/23 07:54:41 [emerg] 1#1: unknown log format "main" in /etc/nginx/nginx.conf:37
2026/09/23 07:54:42 [emerg] 1#1: unknown log format "main" in /etc/nginx/nginx.conf:37
2026/09/23 07:54:42 [emerg] 1#1: unknown log format "main" in /etc/nginx/nginx.conf:37
2026/09/23 07:54:42 [emerg] 1#1: unknown log format "main" in /etc/nginx/nginx.conf:37
2026/09/23 07:54:42 [emerg] 1#1: unknown log format "main" in /etc/nginx/nginx.conf:37
2026/09/23 07:54:42 [emerg] 1#1: unknown log format "main" in /etc/nginx/nginx.conf:37
2026/09/23 07:54:42 [emerg] 1#1: unknown log format "main" in /etc/nginx/nginx.conf:37
2026/09/23 07:54:42 [emerg] 1#1: unknown log format "main" in /etc/nginx/nginx.conf:37
2026/09/23 07:54:42 [emerg] 1#1: unknown log format "main" in /etc/nginx/nginx.conf:37
2026/09/23 07:54:42 [emerg] 1#1: unknown log format "main" in /etc/nginx/nginx.conf:37
2026/09/23 07:54:43 [emerg] 1#1: unknown log format "main" in /etc/nginx/nginx.conf:37
2026/09/23 07:54:43 [emerg] 1#1: unknown log format "main" in /etc/nginx/nginx.conf:37
2026/09/23 07:54:43 [emerg] 1#1: unknown log format "main" in /etc/nginx/nginx.conf:37
2026/09/23 07:54:43 [emerg] 1#1: unknown log format "main" in /etc/nginx/nginx.conf:37
2026/09/23 07:54:43 [emerg] 1#1: unknown log format "main" in /etc/nginx/nginx.conf:37
2026/09/23 07:54:43 [emerg] 1#1: unknown log format "main" in /etc/nginx/nginx.conf:37
2026/09/23 07:54:43 [emerg] 1#1: unknown log format "main" in /etc/nginx/nginx.conf:37
2026/09/23 07:54:43 [emerg] 1#1: unknown log format "main" in /etc/nginx/nginx.conf:37
2026/09/23 07:54:43 [emerg] 1#1: unknown log format "main" in /etc/nginx/nginx.conf:37
2026/09/23 07:54:44 [emerg] 1#1: unknown log format "main" in /etc/nginx/nginx.conf:37
2026/09/23 07:54:44 [emerg] 1#1: unknown log format "main" in /etc/nginx/nginx.conf:37
2026/09/23 07:54:44 [emerg] 1#1: unknown log format "main" in /etc/nginx/nginx.conf:37
2026/09/23 07:54:44 [emerg] 1#1: unknown log format "main" in /etc/nginx/nginx.conf:37
2026/09/23 07:54:44 [emerg] 1#1: unknown log format "main" in /etc/nginx/nginx.conf:37
2026/09/23 07:54:44 [emerg] 1#1: unknown log format "main" in /etc/nginx/nginx.conf:37
2026/09/23 07:54:44 [emerg] 1#1: unknown log format "main" in /etc/nginx/nginx.conf:37
2026/09/23 07:54:44 [emerg] 1#1: unknown log format "main" in /etc/nginx/nginx.conf:37
2026/09/23 07:54:45 [emerg] 1#1: unknown log format "main" in /etc/nginx/nginx.conf:37
2026/09/23 07:54:45 [emerg] 1#1: unknown log format "main" in /etc/nginx/nginx.conf:37
2026/09/23 07:54:45 [emerg] 1#1: unknown log format "main" in /etc/nginx/nginx.conf:37
2026/09/23 07:54:45 [emerg] 1#1: unknown log format "main" in /etc/nginx/nginx.conf:37
2026/09/23 07:54:45 [emerg] 1#1: unknown log format "main" in /etc/nginx/nginx.conf:37
2026/09/23 07:54:45 [emerg] 1#1: unknown log format "main" in /etc/nginx/nginx.conf:37
2026/09/23 07:54:45 [emerg] 1#1: unknown log format "main" in /etc/nginx/nginx.conf:37
2026/09/23 07:54:45 [emerg] 1#1: unknown log format "main" in /etc/nginx/nginx.conf:37
2026/09/23 07:54:46 [emerg] 1#1: unknown log format "main" in /etc/nginx/nginx.conf:37
2026/09/23 07:54:46 [emerg] 1#1: unknown log format "main" in /etc/nginx/nginx.conf:37
2026/09/23 07:54:46 [emerg] 1#1: unknown log format "main" in /etc/nginx/nginx.conf:37
2026/09/23 07:54:46 [emerg] 1#1: unknown log format "main" in /etc/nginx/nginx.conf:37
2026/09/23 07:54:46 [emerg] 1#1: unknown log format "main" in /etc/nginx/nginx.conf:37
2026/09/23 07:54:46 [emerg] 1#1: unknown log format "main" in /etc/nginx/nginx.conf:37
2026/09/23 07:54:46 [emerg] 1#1: unknown log format "main" in /etc/nginx/nginx.conf:37
2026/09/23 07:54:46 [emerg] 1#1: unknown log format "main" in /etc/nginx/nginx.conf:37
2026/09/23 07:54:46 [emerg] 1#1: unknown log format "main" in /etc/nginx/nginx.conf:37
2026/09/23 07:54:47 [emerg] 1#1: unknown log format "main" in /etc/nginx/nginx.conf:37
2026/09/23 07:54:47 [emerg] 1#1: unknown log format "main" in /etc/nginx/nginx.conf:37
2026/09/23 07:54:47 [emerg] 1#1: unknown log format "main" in /etc/nginx/nginx.conf:37
2026/09/23 07:54:47 [emerg] 1#1: unknown log format "main" in /etc/nginx/nginx.conf:37
2026/09/23 07:54:47 [emerg] 1#1: unknown log format "main" in /etc/nginx/nginx.conf:37
2026/09/23 07:54:47 [emerg] 1#1: unknown log format "main" in /etc/nginx/nginx.conf:37
2026/09/23 07:54:47 [emerg] 1#1: unknown log format "main" in /etc/nginx/nginx.conf:37
2026/09/23 07:54:47 [emerg] 1#1: unknown log format "main" in /etc/nginx/nginx.conf:37
2026/09/23 07:54:48 [emerg] 1#1: unknown log format "main" in /etc/nginx/nginx.conf:37
2026/09/23 07:54:48 [emerg] 1#1: unknown log format "main" in /etc/nginx/nginx.conf:37
2026/09/23 07:54:48 [emerg] 1#1: unknown log format "main" in /etc/nginx/nginx.conf:37
2026/09/23 07:54:48 [emerg] 1#1: unknown log format "main" in /etc/nginx/nginx.conf:37
2026/09/23 07:54:48 [emerg] 1#1: unknown log format "main" in /etc/nginx/nginx.conf:37
2026/09/23 07:54:48 [emerg] 1#1: unknown log format "main" in /etc/nginx/nginx.conf:37
2026/09/23 07:54:48 [emerg] 1#1: unknown log format "main" in /etc/nginx/nginx.conf:37
2026/09/23 07:54:48 [emerg] 1#1: unknown log format "main" in /etc/nginx/nginx.conf:37
2026/09/23 07:54:49 [emerg] 1#1: unknown log format "main" in /etc/nginx/nginx.conf:37
2026/09/23 07:54:49 [emerg] 1#1: unknown log format "main" in /etc/nginx/nginx.conf:37
2026/09/23 07:54:49 [emerg] 1#1: unknown log format "main" in /etc/nginx/nginx.conf:37
2026/09/23 07:54:49 [emerg] 1#1: unknown log format "main" in /etc/nginx/nginx.conf:37
2026/09/23 07:54:49 [emerg] 1#1: unknown log format "main" in /etc/nginx/nginx.conf:37
2026/09/23 07:54:49 [emerg] 1#1: unknown log format "main" in /etc/nginx/nginx.conf:37
2026/09/23 07:54:49 [emerg] 1#1: unknown log format "main" in /etc/nginx/nginx.conf:37
2026/09/23 07:54:49 [emerg] 1#1: unknown log format "main" in /etc/nginx/nginx.conf:37
2026/09/23 07:54:50 [emerg] 1#1: unknown log format "main" in /etc/nginx/nginx.conf:37
2026/09/23 07:54:50 [emerg] 1#1: unknown log format "main" in /etc/nginx/nginx.conf:37
2026/09/23 07:54:50 [emerg] 1#1: unknown log format "main" in /etc/nginx/nginx.conf:37
2026/09/23 07:54:50 [emerg] 1#1: unknown log format "main" in /etc/nginx/nginx.conf:37
2026/09/23 07:54:50 [emerg] 1#1: unknown log format "main" in /etc/nginx/nginx.conf:37
2026/09/23 07:54:50 [emerg] 1#1: unknown log format "main" in /etc/nginx/nginx.conf:37
2026/09/23 07:54:50 [emerg] 1#1: unknown log format "main" in /etc/nginx/nginx.conf:37
2026/09/23 07:54:50 [emerg] 1#1: unknown log format "main" in /etc/nginx/nginx.conf:37
2026/09/23 07:54:50 [emerg] 1#1: unknown log format "main" in /etc/nginx/nginx.conf:37
2026/09/23 07:54:51 [emerg] 1#1: unknown log format "main" in /etc/nginx/nginx.conf:37
2026/09/23 07:54:51 [emerg] 1#1: unknown log format "main" in /etc/nginx/nginx.conf:37
2026/09/23 07:54:51 [emerg] 1#1: unknown log format "main" in /etc/nginx/nginx.conf:37
2026/09/23 07:54:51 [emerg] 1#1: unknown log format "main" in /etc/nginx/nginx.conf:37
2026/09/23 07:54:51 [emerg] 1#1: unknown log format "main" in /etc/nginx/nginx.conf:37
2026/09/23 07:54:51 [emerg] 1#1: unknown log format "main" in /etc/nginx/nginx.conf:37
2026/09/23 07:54:51 [emerg] 1#1: unknown log format "main" in /etc/nginx/nginx.conf:37
2026/09/23 07:54:51 [emerg] 1#1: unknown log format "main" in /etc/nginx/nginx.conf:37
2026/09/23 07:54:52 [emerg] 1#1: unknown log format "main" in /etc/nginx/nginx.conf:37
2026/09/23 07:54:52 [emerg] 1#1: unknown log format "main" in /etc/nginx/nginx.conf:37
2026/09/23 07:54:52 [emerg] 1#1: unknown log format "main" in /etc/nginx/nginx.conf:37
2026/09/23 07:54:52 [emerg] 1#1: unknown log format "main" in /etc/nginx/nginx.conf:37
2026/09/23 07:54:52 [emerg] 1#1: unknown log format "main" in /etc/nginx/nginx.conf:37
2026/09/23 07:54:52 [emerg] 1#1: unknown log format "main" in /etc/nginx/nginx.conf:37
2026/09/23 07:54:52 [emerg] 1#1: unknown log format "main" in /etc/nginx/nginx.conf:37
2026/09/23 07:54:52 [emerg] 1#1: unknown log format "main" in /etc/nginx/nginx.conf:37
2026/09/23 07:54:53 [emerg] 1#1: unknown log format "main" in /etc/nginx/nginx.conf:37
2026/09/23 07:54:53 [emerg] 1#1: unknown log format "main" in /etc/nginx/nginx.conf:37
2026/09/23 07:54:53 [emerg] 1#1: unknown log format "main" in /etc/nginx/nginx.conf:37
2026/09/23 07:54:53 [emerg] 1#1: unknown log format "main" in /etc/nginx/nginx.conf:37
2026/09/23 07:54:53 [emerg] 1#1: unknown log format "main" in /etc/nginx/nginx.conf:37
2026/09/23 07:54:53 [emerg] 1#1: unknown log format "main" in /etc/nginx/nginx.conf:37
2026/09/23 07:54:53 [emerg] 1#1: unknown log format "main" in /etc/nginx/nginx.conf:37
2026/09/23 07:54:53 [emerg] 1#1: unknown log format "main" in /etc/nginx/nginx.conf:37
2026/09/23 07:54:54 [emerg] 1#1: unknown log format "main" in /etc/nginx/nginx.conf:37
2026/09/23 07:54:54 [emerg] 1#1: unknown log format "main" in /etc/nginx/nginx.conf:37
2026/09/23 07:54:54 [emerg] 1#1: unknown log format "main" in /etc/nginx/nginx.conf:37
2026/09/23 07:54:54 [emerg] 1#1: unknown log format "main" in /etc/nginx/nginx.conf:37
2026/09/23 07:54:54 [emerg] 1#1: unknown log format "main" in /etc/nginx/nginx.conf:37
2026/09/23 07:54:54 [emerg] 1#1: unknown log format "main" in /etc/nginx/nginx.conf:37
2026/09/23 07:54:54 [emerg] 1#1: unknown log format "main" in /etc/nginx/nginx.conf:37
2026/09/23 07:54:54 [emerg] 1#1: unknown log format "main" in /etc/nginx/nginx.conf:37
2026/09/23 07:54:54 [emerg] 1#1: unknown log format "main" in /etc/nginx/nginx.conf:37
2026/09/23 07:54:55 [emerg] 1#1: unknown log format "main" in /etc/nginx/nginx.conf:37
2026/09/23 07:54:55 [emerg] 1#1: unknown log format "main" in /etc/nginx/nginx.conf:37
2026/09/23 07:54:55 [emerg] 1#1: unknown log format "main" in /etc/nginx/nginx.conf:37
2026/09/23 07:54:55 [emerg] 1#1: unknown log format "main" in /etc/nginx/nginx.conf:37
2026/09/23 07:54:55 [emerg] 1#1: unknown log format "main" in /etc/nginx/nginx.conf:37
2026/09/23 07:54:55 [emerg] 1#1: unknown log format "main" in /etc/nginx/nginx.conf:37
2026/09/23 07:54:55 [emerg] 1#1: unknown log format "main" in /etc/nginx/nginx.conf:37
2026/09/23 07:54:55 [emerg] 1#1: unknown log format "main" in /etc/nginx/nginx.conf:37
2026/09/23 07:54:55 [emerg] 1#1: unknown log format "main" in /etc/nginx/nginx.conf:37
2026/09/23 07:54:56 [emerg] 1#1: unknown log format "main" in /etc/nginx/nginx.conf:37
2026/09/23 07:54:56 [emerg] 1#1: unknown log format "main" in /etc/nginx/nginx.conf:37
2026/09/23 07:54:56 [emerg] 1#1: unknown log format "main" in /etc/nginx/nginx.conf:37
2026/09/23 07:54:56 [emerg] 1#1: unknown log format "main" in /etc/nginx/nginx.conf:37
2026/09/23 07:54:56 [emerg] 1#1: unknown log format "main" in /etc/nginx/nginx.conf:37
2026/09/23 07:54:56 [emerg] 1#1: unknown log format "main" in /etc/nginx/nginx.conf:37
2026/09/23 07:54:56 [emerg] 1#1: unknown log format "main" in /etc/nginx/nginx.conf:37
2026/09/23 07:54:56 [emerg] 1#1: unknown log format "main" in /etc/nginx/nginx.conf:37
2026/09/23 07:54:56 [emerg] 1#1: unknown log format "main" in /etc/nginx/nginx.conf:37
2026/09/23 07:54:57 [emerg] 1#1: unknown log format "main" in /etc/nginx/nginx.conf:37
2026/09/23 07:54:57 [emerg] 1#1: unknown log format "main" in /etc/nginx/nginx.conf:37
2026/09/23 07:54:57 [emerg] 1#1: unknown log format "main" in /etc/nginx/nginx.conf:37
2026/09/23 07:54:57 [emerg] 1#1: unknown log format "main" in /etc/nginx/nginx.conf:37
2026/09/23 07:54:57 [emerg] 1#1: unknown log format "main" in /etc/nginx/nginx.conf:37
2026/09/23 07:54:57 [emerg] 1#1: unknown log format "main" in /etc/nginx/nginx.conf:37
2026/09/23 07:54:57 [emerg] 1#1: unknown log format "main" in /etc/nginx/nginx.conf:37
2026/09/23 07:54:57 [emerg] 1#1: unknown log format "main" in /etc/nginx/nginx.conf:37
2026/09/23 07:54:58 [emerg] 1#1: unknown log format "main" in /etc/nginx/nginx.conf:37
2026/09/23 07:54:58 [emerg] 1#1: unknown log format "main" in /etc/nginx/nginx.conf:37
2026/09/23 07:54:58 [emerg] 1#1: unknown log format "main" in /etc/nginx/nginx.conf:37
2026/09/23 07:54:58 [emerg] 1#1: unknown log format "main" in /etc/nginx/nginx.conf:37
2026/09/23 07:54:58 [emerg] 1#1: unknown log format "main" in /etc/nginx/nginx.conf:37
2026/09/23 07:54:58 [emerg] 1#1: unknown log format "main" in /etc/nginx/nginx.conf:37
2026/09/23 07:54:58 [emerg] 1#1: unknown log format "main" in /etc/nginx/nginx.conf:37
2026/09/23 07:54:58 [emerg] 1#1: unknown log format "main" in /etc/nginx/nginx.conf:37
2026/09/23 07:54:59 [emerg] 1#1: unknown log format "main" in /etc/nginx/nginx.conf:37
2026/09/23 07:54:59 [emerg] 1#1: unknown log format "main" in /etc/nginx/nginx.conf:37
2026/09/23 07:54:59 [emerg] 1#1: unknown log format "main" in /etc/nginx/nginx.conf:37
2026/09/23 07:54:59 [emerg] 1#1: unknown log format "main" in /etc/nginx/nginx.conf:37
2026/09/23 07:54:59 [emerg] 1#1: unknown log format "main" in /etc/nginx/nginx.conf:37
2026/09/23 07:54:59 [emerg] 1#1: unknown log format "main" in /etc/nginx/nginx.conf:37
2026/09/23 07:54:59 [emerg] 1#1: unknown log format "main" in /etc/nginx/nginx.conf:37
2026/09/23 07:54:59 [emerg] 1#1: unknown log format "main" in /etc/nginx/nginx.conf:37
2026/09/23 07:55:00 [emerg] 1#1: unknown log format "main" in /etc/nginx/nginx.conf:37
2026/09/23 07:55:00 [emerg] 1#1: unknown log format "main" in /etc/nginx/nginx.conf:37
2026/09/23 07:55:00 [emerg] 1#1: unknown log format "main" in /etc/nginx/nginx.conf:37
2026/09/23 07:55:00 [emerg] 1#1: unknown log format "main" in /etc/nginx/nginx.conf:37
2026/09/23 07:55:00 [emerg] 1#1: unknown log format "main" in /etc/nginx/nginx.conf:37
2026/09/23 07:55:00 [emerg] 1#1: unknown log format "main" in /etc/nginx/nginx.conf:37
2026/09/23 07:55:00 [emerg] 1#1: unknown log format "main" in /etc/nginx/nginx.conf:37
2026/09/23 07:55:00 [emerg] 1#1: unknown log format "main" in /etc/nginx/nginx.conf:37
2026/09/23 07:55:00 [emerg] 1#1: unknown log format "main" in /etc/nginx/nginx.conf:37
2026/09/23 07:55:01 [emerg] 1#1: unknown log format "main" in /etc/nginx/nginx.conf:37
2026/09/23 07:55:01 [emerg] 1#1: unknown log format "main" in /etc/nginx/nginx.conf:37
2026/09/23 07:55:01 [emerg] 1#1: unknown log format "main" in /etc/nginx/nginx.conf:37
2026/09/23 07:55:01 [emerg] 1#1: unknown log format "main" in /etc/nginx/nginx.conf:37
2026/09/23 07:55:01 [emerg] 1#1: unknown log format "main" in /etc/nginx/nginx.conf:37
2026/09/23 07:55:01 [emerg] 1#1: unknown log format "main" in /etc/nginx/nginx.conf:37
2026/09/23 07:55:01 [emerg] 1#1: unknown log format "main" in /etc/nginx/nginx.conf:37
2026/09/23 07:55:01 [emerg] 1#1: unknown log format "main" in /etc/nginx/nginx.conf:37
2026/09/23 07:55:02 [emerg] 1#1: unknown log format "main" in /etc/nginx/nginx.conf:37
2026/09/23 07:55:02 [emerg] 1#1: unknown log format "main" in /etc/nginx/nginx.conf:37
2026/09/23 07:55:02 [emerg] 1#1: unknown log format "main" in /etc/nginx/nginx.conf:37
2026/09/23 07:55:02 [emerg] 1#1: unknown log format "main" in /etc/nginx/nginx.conf:37
2026/09/23 07:55:02 [emerg] 1#1: unknown log format "main" in /etc/nginx/nginx.conf:37
2026/09/23 07:55:02 [emerg] 1#1: unknown log format "main" in /etc/nginx/nginx.conf:37
2026/09/23 07:55:02 [emerg] 1#1: unknown log format "main" in /etc/nginx/nginx.conf:37
2026/09/23 07:55:02 [emerg] 1#1: unknown log format "main" in /etc/nginx/nginx.conf:37
2026/09/23 07:55:03 [emerg] 1#1: unknown log format "main" in /etc/nginx/nginx.conf:37
2026/09/23 07:55:03 [emerg] 1#1: unknown log format "main" in /etc/nginx/nginx.conf:37
2026/09/23 07:55:03 [emerg] 1#1: unknown log format "main" in /etc/nginx/nginx.conf:37
2026/09/23 07:55:03 [emerg] 1#1: unknown log format "main" in /etc/nginx/nginx.conf:37
2026/09/23 07:55:03 [emerg] 1#1: unknown log format "main" in /etc/nginx/nginx.conf:37
2026/09/23 07:55:03 [emerg] 1#1: unknown log format "main" in /etc/nginx/nginx.conf:37
2026/09/23 07:55:03 [emerg] 1#1: unknown log format "main" in /etc/nginx/nginx.conf:37
2026/09/23 07:55:03 [emerg] 1#1: unknown log format "main" in /etc/nginx/nginx.conf:37
2026/09/23 07:55:03 [emerg] 1#1: unknown log format "main" in /etc/nginx/nginx.conf:37
2026/09/23 07:55:04 [emerg] 1#1: unknown log format "main" in /etc/nginx/nginx.conf:37
2026/09/23 07:55:04 [emerg] 1#1: unknown log format "main" in /etc/nginx/nginx.conf:37
2026/09/23 07:55:04 [emerg] 1#1: unknown log format "main" in /etc/nginx/nginx.conf:37
2026/09/23 07:55:04 [emerg] 1#1: unknown log format "main" in /etc/nginx/nginx.conf:37
2026/09/23 07:55:04 [emerg] 1#1: unknown log format "main" in /etc/nginx/nginx.conf:37
2026/09/23 07:55:04 [emerg] 1#1: unknown log format "main" in /etc/nginx/nginx.conf:37
2026/09/23 07:55:04 [emerg] 1#1: unknown log format "main" in /etc/nginx/nginx.conf:37
2026/09/23 07:55:04 [emerg] 1#1: unknown log format "main" in /etc/nginx/nginx.conf:37
2026/09/23 07:55:05 [emerg] 1#1: unknown log format "main" in /etc/nginx/nginx.conf:37
2026/09/23 07:55:05 [emerg] 1#1: unknown log format "main" in /etc/nginx/nginx.conf:37
2026/09/23 07:55:05 [emerg] 1#1: unknown log format "main" in /etc/nginx/nginx.conf:37
2026/09/23 07:55:05 [emerg] 1#1: unknown log format "main" in /etc/nginx/nginx.conf:37
2026/09/23 07:55:05 [emerg] 1#1: unknown log format "main" in /etc/nginx/nginx.conf:37
2026/09/23 07:55:05 [emerg] 1#1: unknown log format "main" in /etc/nginx/nginx.conf:37
2026/09/23 07:55:05 [emerg] 1#1: unknown log format "main" in /etc/nginx/nginx.conf:37
2026/09/23 07:55:05 [emerg] 1#1: unknown log format "main" in /etc/nginx/nginx.conf:37
2026/09/23 07:55:05 [emerg] 1#1: unknown log format "main" in /etc/nginx/nginx.conf:37
2026/09/23 07:55:06 [emerg] 1#1: unknown log format "main" in /etc/nginx/nginx.conf:37
2026/09/23 07:55:06 [emerg] 1#1: unknown log format "main" in /etc/nginx/nginx.conf:37
2026/09/23 07:55:06 [emerg] 1#1: unknown log format "main" in /etc/nginx/nginx.conf:37
2026/09/23 07:55:06 [emerg] 1#1: unknown log format "main" in /etc/nginx/nginx.conf:37
2026/09/23 07:55:06 [emerg] 1#1: unknown log format "main" in /etc/nginx/nginx.conf:37
2026/09/23 07:55:06 [emerg] 1#1: unknown log format "main" in /etc/nginx/nginx.conf:37
2026/09/23 07:55:06 [emerg] 1#1: unknown log format "main" in /etc/nginx/nginx.conf:37
2026/09/23 07:55:07 [emerg] 1#1: unknown log format "main" in /etc/nginx/nginx.conf:37
2026/09/23 07:55:07 [emerg] 1#1: unknown log format "main" in /etc/nginx/nginx.conf:37
2026/09/23 07:55:07 [emerg] 1#1: unknown log format "main" in /etc/nginx/nginx.conf:37
2026/09/23 07:55:07 [emerg] 1#1: unknown log format "main" in /etc/nginx/nginx.conf:37
2026/09/23 07:55:07 [emerg] 1#1: unknown log format "main" in /etc/nginx/nginx.conf:37
2026/09/23 07:55:07 [emerg] 1#1: unknown log format "main" in /etc/nginx/nginx.conf:37
2026/09/23 07:55:07 [emerg] 1#1: unknown log format "main" in /etc/nginx/nginx.conf:37
2026/09/23 07:55:07 [emerg] 1#1: unknown log format "main" in /etc/nginx/nginx.conf:37
2026/09/23 07:55:07 [emerg] 1#1: unknown log format "main" in /etc/nginx/nginx.conf:37
2026/09/23 07:55:08 [emerg] 1#1: unknown log format "main" in /etc/nginx/nginx.conf:37
2026/09/23 07:55:08 [emerg] 1#1: unknown log format "main" in /etc/nginx/nginx.conf:37
2026/09/23 07:55:08 [emerg] 1#1: unknown log format "main" in /etc/nginx/nginx.conf:37
2026/09/23 07:55:08 [emerg] 1#1: unknown log format "main" in /etc/nginx/nginx.conf:37
2026/09/23 07:55:08 [emerg] 1#1: unknown log format "main" in /etc/nginx/nginx.conf:37
2026/09/23 07:55:08 [emerg] 1#1: unknown log format "main" in /etc/nginx/nginx.conf:37
2026/09/23 07:55:08 [emerg] 1#1: unknown log format "main" in /etc/nginx/nginx.conf:37
2026/09/23 07:55:08 [emerg] 1#1: unknown log format "main" in /etc/nginx/nginx.conf:37
2026/09/23 07:55:09 [emerg] 1#1: unknown log format "main" in /etc/nginx/nginx.conf:37
2026/09/23 07:55:09 [emerg] 1#1: unknown log format "main" in /etc/nginx/nginx.conf:37
2026/09/23 07:55:09 [emerg] 1#1: unknown log format "main" in /etc/nginx/nginx.conf:37
2026/09/23 07:55:09 [emerg] 1#1: unknown log format "main" in /etc/nginx/nginx.conf:37
2026/09/23 07:55:09 [emerg] 1#1: unknown log format "main" in /etc/nginx/nginx.conf:37
2026/09/23 07:55:09 [emerg] 1#1: unknown log format "main" in /etc/nginx/nginx.conf:37
2026/09/23 07:55:09 [emerg] 1#1: unknown log format "main" in /etc/nginx/nginx.conf:37
2026/09/23 07:55:09 [emerg] 1#1: unknown log format "main" in /etc/nginx/nginx.conf:37
2026/09/23 07:55:10 [emerg] 1#1: unknown log format "main" in /etc/nginx/nginx.conf:37
2026/09/23 07:55:10 [emerg] 1#1: unknown log format "main" in /etc/nginx/nginx.conf:37
2026/09/23 07:55:10 [emerg] 1#1: unknown log format "main" in /etc/nginx/nginx.conf:37
2026/09/23 07:55:10 [emerg] 1#1: unknown log format "main" in /etc/nginx/nginx.conf:37
2026/09/23 07:55:10 [emerg] 1#1: unknown log format "main" in /etc/nginx/nginx.conf:37
2026/09/23 07:55:10 [emerg] 1#1: unknown log format "main" in /etc/nginx/nginx.conf:37
2026/09/23 07:55:10 [emerg] 1#1: unknown log format "main" in /etc/nginx/nginx.conf:37
2026/09/23 07:55:10 [emerg] 1#1: unknown log format "main" in /etc/nginx/nginx.conf:37
2026/09/23 07:55:11 [emerg] 1#1: unknown log format "main" in /etc/nginx/nginx.conf:37
2026/09/23 07:55:11 [emerg] 1#1: unknown log format "main" in /etc/nginx/nginx.conf:37
2026/09/23 07:55:11 [emerg] 1#1: unknown log format "main" in /etc/nginx/nginx.conf:37
2026/09/23 07:55:11 [emerg] 1#1: unknown log format "main" in /etc/nginx/nginx.conf:37
2026/09/23 07:55:11 [emerg] 1#1: unknown log format "main" in /etc/nginx/nginx.conf:37
2026/09/23 07:55:11 [emerg] 1#1: unknown log format "main" in /etc/nginx/nginx.conf:37
2026/09/23 07:55:11 [emerg] 1#1: unknown log format "main" in /etc/nginx/nginx.conf:37
2026/09/23 07:55:11 [emerg] 1#1: unknown log format "main" in /etc/nginx/nginx.conf:37
2026/09/23 07:55:12 [emerg] 1#1: unknown log format "main" in /etc/nginx/nginx.conf:37
2026/09/23 07:55:12 [emerg] 1#1: unknown log format "main" in /etc/nginx/nginx.conf:37
2026/09/23 07:55:12 [emerg] 1#1: unknown log format "main" in /etc/nginx/nginx.conf:37
2026/09/23 07:55:12 [emerg] 1#1: unknown log format "main" in /etc/nginx/nginx.conf:37
2026/09/23 07:55:12 [emerg] 1#1: unknown log format "main" in /etc/nginx/nginx.conf:37
2026/09/23 07:55:12 [emerg] 1#1: unknown log format "main" in /etc/nginx/nginx.conf:37
2026/09/23 07:55:12 [emerg] 1#1: unknown log format "main" in /etc/nginx/nginx.conf:37
2026/09/23 07:55:12 [emerg] 1#1: unknown log format "main" in /etc/nginx/nginx.conf:37
2026/09/23 07:55:12 [emerg] 1#1: unknown log format "main" in /etc/nginx/nginx.conf:37
2026/09/23 07:55:13 [emerg] 1#1: unknown log format "main" in /etc/nginx/nginx.conf:37
2026/09/23 07:55:13 [emerg] 1#1: unknown log format "main" in /etc/nginx/nginx.conf:37
2026/09/23 07:55:13 [emerg] 1#1: unknown log format "main" in /etc/nginx/nginx.conf:37
2026/09/23 07:55:13 [emerg] 1#1: unknown log format "main" in /etc/nginx/nginx.conf:37
2026/09/23 07:55:13 [emerg] 1#1: unknown log format "main" in /etc/nginx/nginx.conf:37
2026/09/23 07:55:13 [emerg] 1#1: unknown log format "main" in /etc/nginx/nginx.conf:37
2026/09/23 07:55:13 [emerg] 1#1: unknown log format "main" in /etc/nginx/nginx.conf:37
2026/09/23 07:55:13 [emerg] 1#1: unknown log format "main" in /etc/nginx/nginx.conf:37
2026/09/23 07:55:14 [emerg] 1#1: unknown log format "main" in /etc/nginx/nginx.conf:37
2026/09/23 07:55:14 [emerg] 1#1: unknown log format "main" in /etc/nginx/nginx.conf:37
2026/09/23 07:55:14 [emerg] 1#1: unknown log format "main" in /etc/nginx/nginx.conf:37
2026/09/23 07:55:14 [emerg] 1#1: unknown log format "main" in /etc/nginx/nginx.conf:37
2026/09/23 07:55:14 [emerg] 1#1: unknown log format "main" in /etc/nginx/nginx.conf:37
2026/09/23 07:55:14 [emerg] 1#1: unknown log format "main" in /etc/nginx/nginx.conf:37
2026/09/23 07:55:14 [emerg] 1#1: unknown log format "main" in /etc/nginx/nginx.conf:37
2026/09/23 07:55:14 [emerg] 1#1: unknown log format "main" in /etc/nginx/nginx.conf:37
2026/09/23 07:55:15 [emerg] 1#1: unknown log format "main" in /etc/nginx/nginx.conf:37
2026/09/23 07:55:15 [emerg] 1#1: unknown log format "main" in /etc/nginx/nginx.conf:37
2026/09/23 07:55:15 [emerg] 1#1: unknown log format "main" in /etc/nginx/nginx.conf:37
2026/09/23 07:55:15 [emerg] 1#1: unknown log format "main" in /etc/nginx/nginx.conf:37
2026/09/23 07:55:15 [emerg] 1#1: unknown log format "main" in /etc/nginx/nginx.conf:37
2026/09/23 07:55:15 [emerg] 1#1: unknown log format "main" in /etc/nginx/nginx.conf:37
2026/09/23 07:55:15 [emerg] 1#1: unknown log format "main" in /etc/nginx/nginx.conf:37
2026/09/23 07:55:15 [emerg] 1#1: unknown log format "main" in /etc/nginx/nginx.conf:37
2026/09/23 07:55:15 [emerg] 1#1: unknown log format "main" in /etc/nginx/nginx.conf:37
2026/09/23 07:55:16 [emerg] 1#1: unknown log format "main" in /etc/nginx/nginx.conf:37
2026/09/23 07:55:16 [emerg] 1#1: unknown log format "main" in /etc/nginx/nginx.conf:37
2026/09/23 07:55:16 [emerg] 1#1: unknown log format "main" in /etc/nginx/nginx.conf:37
2026/09/23 07:55:16 [emerg] 1#1: unknown log format "main" in /etc/nginx/nginx.conf:37
2026/09/23 07:55:16 [emerg] 1#1: unknown log format "main" in /etc/nginx/nginx.conf:37
2026/09/23 07:55:16 [emerg] 1#1: unknown log format "main" in /etc/nginx/nginx.conf:37
2026/09/23 07:55:16 [emerg] 1#1: unknown log format "main" in /etc/nginx/nginx.conf:37
2026/09/23 07:55:16 [emerg] 1#1: unknown log format "main" in /etc/nginx/nginx.conf:37
2026/09/23 07:55:17 [emerg] 1#1: unknown log format "main" in /etc/nginx/nginx.conf:37
2026/09/23 07:55:17 [emerg] 1#1: unknown log format "main" in /etc/nginx/nginx.conf:37
2026/09/23 07:55:17 [emerg] 1#1: unknown log format "main" in /etc/nginx/nginx.conf:37
2026/09/23 07:55:17 [emerg] 1#1: unknown log format "main" in /etc/nginx/nginx.conf:37
2026/09/23 07:55:17 [emerg] 1#1: unknown log format "main" in /etc/nginx/nginx.conf:37
2026/09/23 07:55:17 [emerg] 1#1: unknown log format "main" in /etc/nginx/nginx.conf:37
2026/09/23 07:55:17 [emerg] 1#1: unknown log format "main" in /etc/nginx/nginx.conf:37
2026/09/23 07:55:17 [emerg] 1#1: unknown log format "main" in /etc/nginx/nginx.conf:37
2026/09/23 07:55:18 [emerg] 1#1: unknown log format "main" in /etc/nginx/nginx.conf:37
2026/09/23 07:55:18 [emerg] 1#1: unknown log format "main" in /etc/nginx/nginx.conf:37
2026/09/23 07:55:18 [emerg] 1#1: unknown log format "main" in /etc/nginx/nginx.conf:37
2026/09/23 07:55:18 [emerg] 1#1: unknown log format "main" in /etc/nginx/nginx.conf:37
2026/09/23 07:55:18 [emerg] 1#1: unknown log format "main" in /etc/nginx/nginx.conf:37
2026/09/23 07:55:18 [emerg] 1#1: unknown log format "main" in /etc/nginx/nginx.conf:37
2026/09/23 07:55:18 [emerg] 1#1: unknown log format "main" in /etc/nginx/nginx.conf:37
2026/09/23 07:55:18 [emerg] 1#1: unknown log format "main" in /etc/nginx/nginx.conf:37
2026/09/23 07:55:19 [emerg] 1#1: unknown log format "main" in /etc/nginx/nginx.conf:37
2026/09/23 07:55:19 [emerg] 1#1: unknown log format "main" in /etc/nginx/nginx.conf:37
2026/09/23 07:55:19 [emerg] 1#1: unknown log format "main" in /etc/nginx/nginx.conf:37
2026/09/23 07:55:19 [emerg] 1#1: unknown log format "main" in /etc/nginx/nginx.conf:37
2026/09/23 07:55:19 [emerg] 1#1: unknown log format "main" in /etc/nginx/nginx.conf:37
2026/09/23 07:55:19 [emerg] 1#1: unknown log format "main" in /etc/nginx/nginx.conf:37
2026/09/23 07:55:19 [emerg] 1#1: unknown log format "main" in /etc/nginx/nginx.conf:37
2026/09/23 07:55:19 [emerg] 1#1: unknown log format "main" in /etc/nginx/nginx.conf:37
2026/09/23 07:55:20 [emerg] 1#1: unknown log format "main" in /etc/nginx/nginx.conf:37
2026/09/23 07:55:20 [emerg] 1#1: unknown log format "main" in /etc/nginx/nginx.conf:37
2026/09/23 07:55:20 [emerg] 1#1: unknown log format "main" in /etc/nginx/nginx.conf:37
2026/09/23 07:55:20 [emerg] 1#1: unknown log format "main" in /etc/nginx/nginx.conf:37
2026/09/23 07:55:20 [emerg] 1#1: unknown log format "main" in /etc/nginx/nginx.conf:37
2026/09/23 07:55:20 [emerg] 1#1: unknown log format "main" in /etc/nginx/nginx.conf:37
2026/09/23 07:55:20 [emerg] 1#1: unknown log format "main" in /etc/nginx/nginx.conf:37
2026/09/23 07:55:20 [emerg] 1#1: unknown log format "main" in /etc/nginx/nginx.conf:37
2026/09/23 07:55:21 [emerg] 1#1: unknown log format "main" in /etc/nginx/nginx.conf:37
2026/09/23 07:55:21 [emerg] 1#1: unknown log format "main" in /etc/nginx/nginx.conf:37
2026/09/23 07:55:21 [emerg] 1#1: unknown log format "main" in /etc/nginx/nginx.conf:37
2026/09/23 07:55:21 [emerg] 1#1: unknown log format "main" in /etc/nginx/nginx.conf:37
2026/09/23 07:55:21 [emerg] 1#1: unknown log format "main" in /etc/nginx/nginx.conf:37
2026/09/23 07:55:21 [emerg] 1#1: unknown log format "main" in /etc/nginx/nginx.conf:37
2026/09/23 07:55:21 [emerg] 1#1: unknown log format "main" in /etc/nginx/nginx.conf:37
2026/09/23 07:55:21 [emerg] 1#1: unknown log format "main" in /etc/nginx/nginx.conf:37
2026/09/23 07:55:21 [emerg] 1#1: unknown log format "main" in /etc/nginx/nginx.conf:37
2026/09/23 07:55:22 [emerg] 1#1: unknown log format "main" in /etc/nginx/nginx.conf:37
2026/09/23 07:55:22 [emerg] 1#1: unknown log format "main" in /etc/nginx/nginx.conf:37
2026/09/23 07:55:22 [emerg] 1#1: unknown log format "main" in /etc/nginx/nginx.conf:37
2026/09/23 07:55:22 [emerg] 1#1: unknown log format "main" in /etc/nginx/nginx.conf:37
2026/09/23 07:55:22 [emerg] 1#1: unknown log format "main" in /etc/nginx/nginx.conf:37
2026/09/23 07:55:22 [emerg] 1#1: unknown log format "main" in /etc/nginx/nginx.conf:37
2026/09/23 07:55:22 [emerg] 1#1: unknown log format "main" in /etc/nginx/nginx.conf:37
2026/09/23 07:55:23 [emerg] 1#1: unknown log format "main" in /etc/nginx/nginx.conf:37
2026/09/23 07:55:23 [emerg] 1#1: unknown log format "main" in /etc/nginx/nginx.conf:37
2026/09/23 07:55:23 [emerg] 1#1: unknown log format "main" in /etc/nginx/nginx.conf:37
2026/09/23 07:55:23 [emerg] 1#1: unknown log format "main" in /etc/nginx/nginx.conf:37
2026/09/23 07:55:23 [emerg] 1#1: unknown log format "main" in /etc/nginx/nginx.conf:37
2026/09/23 07:55:23 [emerg] 1#1: unknown log format "main" in /etc/nginx/nginx.conf:37
2026/09/23 07:55:23 [emerg] 1#1: unknown log format "main" in /etc/nginx/nginx.conf:37
2026/09/23 07:55:23 [emerg] 1#1: unknown log format "main" in /etc/nginx/nginx.conf:37
2026/09/23 07:55:23 [emerg] 1#1: unknown log format "main" in /etc/nginx/nginx.conf:37
2026/09/23 07:55:24 [emerg] 1#1: unknown log format "main" in /etc/nginx/nginx.conf:37
2026/09/23 07:55:24 [emerg] 1#1: unknown log format "main" in /etc/nginx/nginx.conf:37
2026/09/23 07:55:24 [emerg] 1#1: unknown log format "main" in /etc/nginx/nginx.conf:37
2026/09/23 07:55:24 [emerg] 1#1: unknown log format "main" in /etc/nginx/nginx.conf:37
2026/09/23 07:55:24 [emerg] 1#1: unknown log format "main" in /etc/nginx/nginx.conf:37
2026/09/23 07:55:24 [emerg] 1#1: unknown log format "main" in /etc/nginx/nginx.conf:37
2026/09/23 07:55:25 [emerg] 1#1: unknown log format "main" in /etc/nginx/nginx.conf:37
2026/09/23 07:55:25 [emerg] 1#1: unknown log format "main" in /etc/nginx/nginx.conf:37
2026/09/23 07:55:25 [emerg] 1#1: unknown log format "main" in /etc/nginx/nginx.conf:37
2026/09/23 07:55:25 [emerg] 1#1: unknown log format "main" in /etc/nginx/nginx.conf:37
2026/09/23 07:55:25 [emerg] 1#1: unknown log format "main" in /etc/nginx/nginx.conf:37
2026/09/23 07:55:25 [emerg] 1#1: unknown log format "main" in /etc/nginx/nginx.conf:37
2026/09/23 07:55:25 [emerg] 1#1: unknown log format "main" in /etc/nginx/nginx.conf:37
2026/09/23 07:55:25 [emerg] 1#1: unknown log format "main" in /etc/nginx/nginx.conf:37
2026/09/23 07:55:26 [emerg] 1#1: unknown log format "main" in /etc/nginx/nginx.conf:37
2026/09/23 07:55:26 [emerg] 1#1: unknown log format "main" in /etc/nginx/nginx.conf:37
2026/09/23 07:55:26 [emerg] 1#1: unknown log format "main" in /etc/nginx/nginx.conf:37
2026/09/23 07:55:26 [emerg] 1#1: unknown log format "main" in /etc/nginx/nginx.conf:37
2026/09/23 07:55:26 [emerg] 1#1: unknown log format "main" in /etc/nginx/nginx.conf:37
2026/09/23 07:55:26 [emerg] 1#1: unknown log format "main" in /etc/nginx/nginx.conf:37
2026/09/23 07:55:26 [emerg] 1#1: unknown log format "main" in /etc/nginx/nginx.conf:37
2026/09/23 07:55:26 [emerg] 1#1: unknown log format "main" in /etc/nginx/nginx.conf:37
2026/09/23 07:55:27 [emerg] 1#1: unknown log format "main" in /etc/nginx/nginx.conf:37
2026/09/23 07:55:27 [emerg] 1#1: unknown log format "main" in /etc/nginx/nginx.conf:37
2026/09/23 07:55:27 [emerg] 1#1: unknown log format "main" in /etc/nginx/nginx.conf:37
2026/09/23 07:55:27 [emerg] 1#1: unknown log format "main" in /etc/nginx/nginx.conf:37
2026/09/23 07:55:27 [emerg] 1#1: unknown log format "main" in /etc/nginx/nginx.conf:37
2026/09/23 07:55:27 [emerg] 1#1: unknown log format "main" in /etc/nginx/nginx.conf:37
2026/09/23 07:55:27 [emerg] 1#1: unknown log format "main" in /etc/nginx/nginx.conf:37
2026/09/23 07:55:27 [emerg] 1#1: unknown log format "main" in /etc/nginx/nginx.conf:37
2026/09/23 07:55:28 [emerg] 1#1: unknown log format "main" in /etc/nginx/nginx.conf:37
2026/09/23 07:55:28 [emerg] 1#1: unknown log format "main" in /etc/nginx/nginx.conf:37
2026/09/23 07:55:28 [emerg] 1#1: unknown log format "main" in /etc/nginx/nginx.conf:37
2026/09/23 07:55:28 [emerg] 1#1: unknown log format "main" in /etc/nginx/nginx.conf:37
2026/09/23 07:55:28 [emerg] 1#1: unknown log format "main" in /etc/nginx/nginx.conf:37
2026/09/23 07:55:28 [emerg] 1#1: unknown log format "main" in /etc/nginx/nginx.conf:37
2026/09/23 07:55:28 [emerg] 1#1: unknown log format "main" in /etc/nginx/nginx.conf:37
2026/09/23 07:55:28 [emerg] 1#1: unknown log format "main" in /etc/nginx/nginx.conf:37
2026/09/23 07:55:28 [emerg] 1#1: unknown log format "main" in /etc/nginx/nginx.conf:37
2026/09/23 07:55:29 [emerg] 1#1: unknown log format "main" in /etc/nginx/nginx.conf:37
2026/09/23 07:55:29 [emerg] 1#1: unknown log format "main" in /etc/nginx/nginx.conf:37
2026/09/23 07:55:29 [emerg] 1#1: unknown log format "main" in /etc/nginx/nginx.conf:37
2026/09/23 07:55:29 [emerg] 1#1: unknown log format "main" in /etc/nginx/nginx.conf:37
2026/09/23 07:55:29 [emerg] 1#1: unknown log format "main" in /etc/nginx/nginx.conf:37
2026/09/23 07:55:29 [emerg] 1#1: unknown log format "main" in /etc/nginx/nginx.conf:37
2026/09/23 07:55:29 [emerg] 1#1: unknown log format "main" in /etc/nginx/nginx.conf:37
2026/09/23 07:55:29 [emerg] 1#1: unknown log format "main" in /etc/nginx/nginx.conf:37
2026/09/23 07:55:30 [emerg] 1#1: unknown log format "main" in /etc/nginx/nginx.conf:37
2026/09/23 07:55:30 [emerg] 1#1: unknown log format "main" in /etc/nginx/nginx.conf:37
2026/09/23 07:55:30 [emerg] 1#1: unknown log format "main" in /etc/nginx/nginx.conf:37
2026/09/23 07:55:30 [emerg] 1#1: unknown log format "main" in /etc/nginx/nginx.conf:37
2026/09/23 07:55:30 [emerg] 1#1: unknown log format "main" in /etc/nginx/nginx.conf:37
2026/09/23 07:55:30 [emerg] 1#1: unknown log format "main" in /etc/nginx/nginx.conf:37
2026/09/23 07:55:30 [emerg] 1#1: unknown log format "main" in /etc/nginx/nginx.conf:37
2026/09/23 07:55:30 [emerg] 1#1: unknown log format "main" in /etc/nginx/nginx.conf:37
2026/09/23 07:55:31 [emerg] 1#1: unknown log format "main" in /etc/nginx/nginx.conf:37
2026/09/23 07:55:31 [emerg] 1#1: unknown log format "main" in /etc/nginx/nginx.conf:37
2026/09/23 07:55:31 [emerg] 1#1: unknown log format "main" in /etc/nginx/nginx.conf:37
2026/09/23 07:55:31 [emerg] 1#1: unknown log format "main" in /etc/nginx/nginx.conf:37
2026/09/23 07:55:31 [emerg] 1#1: unknown log format "main" in /etc/nginx/nginx.conf:37
2026/09/23 07:55:31 [emerg] 1#1: unknown log format "main" in /etc/nginx/nginx.conf:37
2026/09/23 07:55:31 [emerg] 1#1: unknown log format "main" in /etc/nginx/nginx.conf:37
2026/09/23 07:55:31 [emerg] 1#1: unknown log format "main" in /etc/nginx/nginx.conf:37
2026/09/23 07:55:31 [emerg] 1#1: unknown log format "main" in /etc/nginx/nginx.conf:37
2026/09/23 07:55:32 [emerg] 1#1: unknown log format "main" in /etc/nginx/nginx.conf:37
2026/09/23 07:55:32 [emerg] 1#1: unknown log format "main" in /etc/nginx/nginx.conf:37
2026/09/23 07:55:32 [emerg] 1#1: unknown log format "main" in /etc/nginx/nginx.conf:37
2026/09/23 07:55:32 [emerg] 1#1: unknown log format "main" in /etc/nginx/nginx.conf:37
2026/09/23 07:55:32 [emerg] 1#1: unknown log format "main" in /etc/nginx/nginx.conf:37
2026/09/23 07:55:32 [emerg] 1#1: unknown log format "main" in /etc/nginx/nginx.conf:37
2026/09/23 07:55:32 [emerg] 1#1: unknown log format "main" in /etc/nginx/nginx.conf:37
2026/09/23 07:55:32 [emerg] 1#1: unknown log format "main" in /etc/nginx/nginx.conf:37
2026/09/23 07:55:33 [emerg] 1#1: unknown log format "main" in /etc/nginx/nginx.conf:37
2026/09/23 07:55:33 [emerg] 1#1: unknown log format "main" in /etc/nginx/nginx.conf:37
2026/09/23 07:55:33 [emerg] 1#1: unknown log format "main" in /etc/nginx/nginx.conf:37
2026/09/23 07:55:33 [emerg] 1#1: unknown log format "main" in /etc/nginx/nginx.conf:37
2026/09/23 07:55:33 [emerg] 1#1: unknown log format "main" in /etc/nginx/nginx.conf:37
2026/09/23 07:55:33 [emerg] 1#1: unknown log format "main" in /etc/nginx/nginx.conf:37
2026/09/23 07:55:33 [emerg] 1#1: unknown log format "main" in /etc/nginx/nginx.conf:37
2026/09/23 07:55:33 [emerg] 1#1: unknown log format "main" in /etc/nginx/nginx.conf:37
2026/09/23 07:55:34 [emerg] 1#1: unknown log format "main" in /etc/nginx/nginx.conf:37
2026/09/23 07:55:34 [emerg] 1#1: unknown log format "main" in /etc/nginx/nginx.conf:37
2026/09/23 07:55:34 [emerg] 1#1: unknown log format "main" in /etc/nginx/nginx.conf:37
2026/09/23 07:55:34 [emerg] 1#1: unknown log format "main" in /etc/nginx/nginx.conf:37
2026/09/23 07:55:34 [emerg] 1#1: unknown log format "main" in /etc/nginx/nginx.conf:37
2026/09/23 07:55:34 [emerg] 1#1: unknown log format "main" in /etc/nginx/nginx.conf:37
2026/09/23 07:55:34 [emerg] 1#1: unknown log format "main" in /etc/nginx/nginx.conf:37
2026/09/23 07:55:34 [emerg] 1#1: unknown log format "main" in /etc/nginx/nginx.conf:37
2026/09/23 07:55:34 [emerg] 1#1: unknown log format "main" in /etc/nginx/nginx.conf:37
2026/09/23 07:55:35 [emerg] 1#1: unknown log format "main" in /etc/nginx/nginx.conf:37
2026/09/23 07:55:35 [emerg] 1#1: unknown log format "main" in /etc/nginx/nginx.conf:37
2026/09/23 07:55:35 [emerg] 1#1: unknown log format "main" in /etc/nginx/nginx.conf:37
2026/09/23 07:55:35 [emerg] 1#1: unknown log format "main" in /etc/nginx/nginx.conf:37
2026/09/23 07:55:35 [emerg] 1#1: unknown log format "main" in /etc/nginx/nginx.conf:37
2026/09/23 07:55:35 [emerg] 1#1: unknown log format "main" in /etc/nginx/nginx.conf:37
2026/09/23 07:55:35 [emerg] 1#1: unknown log format "main" in /etc/nginx/nginx.conf:37
2026/09/23 07:55:35 [emerg] 1#1: unknown log format "main" in /etc/nginx/nginx.conf:37
2026/09/23 07:55:36 [emerg] 1#1: unknown log format "main" in /etc/nginx/nginx.conf:37
2026/09/23 07:55:36 [emerg] 1#1: unknown log format "main" in /etc/nginx/nginx.conf:37
2026/09/23 07:55:36 [emerg] 1#1: unknown log format "main" in /etc/nginx/nginx.conf:37
2026/09/23 07:55:36 [emerg] 1#1: unknown log format "main" in /etc/nginx/nginx.conf:37
2026/09/23 07:55:36 [emerg] 1#1: unknown log format "main" in /etc/nginx/nginx.conf:37
2026/09/23 07:55:36 [emerg] 1#1: unknown log format "main" in /etc/nginx/nginx.conf:37
2026/09/23 07:55:36 [emerg] 1#1: unknown log format "main" in /etc/nginx/nginx.conf:37
2026/09/23 07:55:36 [emerg] 1#1: unknown log format "main" in /etc/nginx/nginx.conf:37
2026/09/23 07:55:37 [emerg] 1#1: unknown log format "main" in /etc/nginx/nginx.conf:37
2026/09/23 07:55:37 [emerg] 1#1: unknown log format "main" in /etc/nginx/nginx.conf:37
2026/09/23 07:55:37 [emerg] 1#1: unknown log format "main" in /etc/nginx/nginx.conf:37
2026/09/23 07:55:37 [emerg] 1#1: unknown log format "main" in /etc/nginx/nginx.conf:37
2026/09/23 07:55:37 [emerg] 1#1: unknown log format "main" in /etc/nginx/nginx.conf:37
2026/09/23 07:55:37 [emerg] 1#1: unknown log format "main" in /etc/nginx/nginx.conf:37
2026/09/23 07:55:37 [emerg] 1#1: unknown log format "main" in /etc/nginx/nginx.conf:37
2026/09/23 07:55:37 [emerg] 1#1: unknown log format "main" in /etc/nginx/nginx.conf:37
2026/09/23 07:55:37 [emerg] 1#1: unknown log format "main" in /etc/nginx/nginx.conf:37
2026/09/23 07:55:38 [emerg] 1#1: unknown log format "main" in /etc/nginx/nginx.conf:37
2026/09/23 07:55:38 [emerg] 1#1: unknown log format "main" in /etc/nginx/nginx.conf:37
2026/09/23 07:55:38 [emerg] 1#1: unknown log format "main" in /etc/nginx/nginx.conf:37
2026/09/23 07:55:38 [emerg] 1#1: unknown log format "main" in /etc/nginx/nginx.conf:37
2026/09/23 07:55:38 [emerg] 1#1: unknown log format "main" in /etc/nginx/nginx.conf:37
2026/09/23 07:55:38 [emerg] 1#1: unknown log format "main" in /etc/nginx/nginx.conf:37
2026/09/23 07:55:38 [emerg] 1#1: unknown log format "main" in /etc/nginx/nginx.conf:37
2026/09/23 07:55:38 [emerg] 1#1: unknown log format "main" in /etc/nginx/nginx.conf:37
2026/09/23 07:55:39 [emerg] 1#1: unknown log format "main" in /etc/nginx/nginx.conf:37
2026/09/23 07:55:39 [emerg] 1#1: unknown log format "main" in /etc/nginx/nginx.conf:37
2026/09/23 07:55:39 [emerg] 1#1: unknown log format "main" in /etc/nginx/nginx.conf:37
2026/09/23 07:55:39 [emerg] 1#1: unknown log format "main" in /etc/nginx/nginx.conf:37
2026/09/23 07:55:39 [emerg] 1#1: unknown log format "main" in /etc/nginx/nginx.conf:37
2026/09/23 07:55:39 [emerg] 1#1: unknown log format "main" in /etc/nginx/nginx.conf:37
2026/09/23 07:55:39 [emerg] 1#1: unknown log format "main" in /etc/nginx/nginx.conf:37
2026/09/23 07:55:39 [emerg] 1#1: unknown log format "main" in /etc/nginx/nginx.conf:37
2026/09/23 07:55:39 [emerg] 1#1: unknown log format "main" in /etc/nginx/nginx.conf:37
2026/09/23 07:55:40 [emerg] 1#1: unknown log format "main" in /etc/nginx/nginx.conf:37
2026/09/23 07:55:40 [emerg] 1#1: unknown log format "main" in /etc/nginx/nginx.conf:37
2026/09/23 07:55:40 [emerg] 1#1: unknown log format "main" in /etc/nginx/nginx.conf:37
2026/09/23 07:55:40 [emerg] 1#1: unknown log format "main" in /etc/nginx/nginx.conf:37
2026/09/23 07:55:40 [emerg] 1#1: unknown log format "main" in /etc/nginx/nginx.conf:37
2026/09/23 07:55:40 [emerg] 1#1: unknown log format "main" in /etc/nginx/nginx.conf:37
2026/09/23 07:55:40 [emerg] 1#1: unknown log format "main" in /etc/nginx/nginx.conf:37
2026/09/23 07:55:40 [emerg] 1#1: unknown log format "main" in /etc/nginx/nginx.conf:37
2026/09/23 07:55:41 [emerg] 1#1: unknown log format "main" in /etc/nginx/nginx.conf:37
2026/09/23 07:55:41 [emerg] 1#1: unknown log format "main" in /etc/nginx/nginx.conf:37
2026/09/23 07:55:41 [emerg] 1#1: unknown log format "main" in /etc/nginx/nginx.conf:37
2026/09/23 07:55:41 [emerg] 1#1: unknown log format "main" in /etc/nginx/nginx.conf:37
2026/09/23 07:55:41 [emerg] 1#1: unknown log format "main" in /etc/nginx/nginx.conf:37
2026/09/23 07:55:41 [emerg] 1#1: unknown log format "main" in /etc/nginx/nginx.conf:37
2026/09/23 07:55:41 [emerg] 1#1: unknown log format "main" in /etc/nginx/nginx.conf:37
2026/09/23 07:55:41 [emerg] 1#1: unknown log format "main" in /etc/nginx/nginx.conf:37
2026/09/23 07:55:41 [emerg] 1#1: unknown log format "main" in /etc/nginx/nginx.conf:37
2026/09/23 07:55:42 [emerg] 1#1: unknown log format "main" in /etc/nginx/nginx.conf:37
2026/09/23 07:55:42 [emerg] 1#1: unknown log format "main" in /etc/nginx/nginx.conf:37
2026/09/23 07:55:42 [emerg] 1#1: unknown log format "main" in /etc/nginx/nginx.conf:37
2026/09/23 07:55:42 [emerg] 1#1: unknown log format "main" in /etc/nginx/nginx.conf:37
2026/09/23 07:55:42 [emerg] 1#1: unknown log format "main" in /etc/nginx/nginx.conf:37
2026/09/23 07:55:42 [emerg] 1#1: unknown log format "main" in /etc/nginx/nginx.conf:37
2026/09/23 07:55:42 [emerg] 1#1: unknown log format "main" in /etc/nginx/nginx.conf:37
2026/09/23 07:55:42 [emerg] 1#1: unknown log format "main" in /etc/nginx/nginx.conf:37
2026/09/23 07:55:43 [emerg] 1#1: unknown log format "main" in /etc/nginx/nginx.conf:37
2026/09/23 07:55:43 [emerg] 1#1: unknown log format "main" in /etc/nginx/nginx.conf:37
2026/09/23 07:55:43 [emerg] 1#1: unknown log format "main" in /etc/nginx/nginx.conf:37
2026/09/23 07:55:43 [emerg] 1#1: unknown log format "main" in /etc/nginx/nginx.conf:37
2026/09/23 07:55:43 [emerg] 1#1: unknown log format "main" in /etc/nginx/nginx.conf:37
2026/09/23 07:55:43 [emerg] 1#1: unknown log format "main" in /etc/nginx/nginx.conf:37
2026/09/23 07:55:43 [emerg] 1#1: unknown log format "main" in /etc/nginx/nginx.conf:37
2026/09/23 07:55:43 [emerg] 1#1: unknown log format "main" in /etc/nginx/nginx.conf:37
2026/09/23 07:55:44 [emerg] 1#1: unknown log format "main" in /etc/nginx/nginx.conf:37
2026/09/23 07:55:44 [emerg] 1#1: unknown log format "main" in /etc/nginx/nginx.conf:37
2026/09/23 07:55:44 [emerg] 1#1: unknown log format "main" in /etc/nginx/nginx.conf:37
2026/09/23 07:55:44 [emerg] 1#1: unknown log format "main" in /etc/nginx/nginx.conf:37
2026/09/23 07:55:44 [emerg] 1#1: unknown log format "main" in /etc/nginx/nginx.conf:37
2026/09/23 07:55:44 [emerg] 1#1: unknown log format "main" in /etc/nginx/nginx.conf:37
2026/09/23 07:55:44 [emerg] 1#1: unknown log format "main" in /etc/nginx/nginx.conf:37
2026/09/23 07:55:44 [emerg] 1#1: unknown log format "main" in /etc/nginx/nginx.conf:37
2026/09/23 07:55:45 [emerg] 1#1: unknown log format "main" in /etc/nginx/nginx.conf:37
2026/09/23 07:55:45 [emerg] 1#1: unknown log format "main" in /etc/nginx/nginx.conf:37
2026/09/23 07:55:45 [emerg] 1#1: unknown log format "main" in /etc/nginx/nginx.conf:37
2026/09/23 07:55:45 [emerg] 1#1: unknown log format "main" in /etc/nginx/nginx.conf:37
2026/09/23 07:55:45 [emerg] 1#1: unknown log format "main" in /etc/nginx/nginx.conf:37
2026/09/23 07:55:45 [emerg] 1#1: unknown log format "main" in /etc/nginx/nginx.conf:37
2026/09/23 07:55:45 [emerg] 1#1: unknown log format "main" in /etc/nginx/nginx.conf:37
2026/09/23 07:55:45 [emerg] 1#1: unknown log format "main" in /etc/nginx/nginx.conf:37
2026/09/23 07:55:45 [emerg] 1#1: unknown log format "main" in /etc/nginx/nginx.conf:37
2026/09/23 07:55:46 [emerg] 1#1: unknown log format "main" in /etc/nginx/nginx.conf:37
2026/09/23 07:55:46 [emerg] 1#1: unknown log format "main" in /etc/nginx/nginx.conf:37
2026/09/23 07:55:46 [emerg] 1#1: unknown log format "main" in /etc/nginx/nginx.conf:37
2026/09/23 07:55:46 [emerg] 1#1: unknown log format "main" in /etc/nginx/nginx.conf:37
2026/09/23 07:55:46 [emerg] 1#1: unknown log format "main" in /etc/nginx/nginx.conf:37
2026/09/23 07:55:46 [emerg] 1#1: unknown log format "main" in /etc/nginx/nginx.conf:37
2026/09/23 07:55:46 [emerg] 1#1: unknown log format "main" in /etc/nginx/nginx.conf:37
2026/09/23 07:55:46 [emerg] 1#1: unknown log format "main" in /etc/nginx/nginx.conf:37
2026/09/23 07:55:46 [emerg] 1#1: unknown log format "main" in /etc/nginx/nginx.conf:37
2026/09/23 07:55:47 [emerg] 1#1: unknown log format "main" in /etc/nginx/nginx.conf:37
2026/09/23 07:55:47 [emerg] 1#1: unknown log format "main" in /etc/nginx/nginx.conf:37
2026/09/23 07:55:47 [emerg] 1#1: unknown log format "main" in /etc/nginx/nginx.conf:37
2026/09/23 07:55:47 [emerg] 1#1: unknown log format "main" in /etc/nginx/nginx.conf:37
2026/09/23 07:55:47 [emerg] 1#1: unknown log format "main" in /etc/nginx/nginx.conf:37
2026/09/23 07:55:47 [emerg] 1#1: unknown log format "main" in /etc/nginx/nginx.conf:37
2026/09/23 07:55:47 [emerg] 1#1: unknown log format "main" in /etc/nginx/nginx.conf:37
2026/09/23 07:55:47 [emerg] 1#1: unknown log format "main" in /etc/nginx/nginx.conf:37
2026/09/23 07:55:48 [emerg] 1#1: unknown log format "main" in /etc/nginx/nginx.conf:37
2026/09/23 07:55:48 [emerg] 1#1: unknown log format "main" in /etc/nginx/nginx.conf:37
2026/09/23 07:55:48 [emerg] 1#1: unknown log format "main" in /etc/nginx/nginx.conf:37
2026/09/23 07:55:48 [emerg] 1#1: unknown log format "main" in /etc/nginx/nginx.conf:37
2026/09/23 07:55:48 [emerg] 1#1: unknown log format "main" in /etc/nginx/nginx.conf:37
2026/09/23 07:55:48 [emerg] 1#1: unknown log format "main" in /etc/nginx/nginx.conf:37
2026/09/23 07:55:48 [emerg] 1#1: unknown log format "main" in /etc/nginx/nginx.conf:37
2026/09/23 07:55:48 [emerg] 1#1: unknown log format "main" in /etc/nginx/nginx.conf:37
2026/09/23 07:55:49 [emerg] 1#1: unknown log format "main" in /etc/nginx/nginx.conf:37
2026/09/23 07:55:49 [emerg] 1#1: unknown log format "main" in /etc/nginx/nginx.conf:37
2026/09/23 07:55:49 [emerg] 1#1: unknown log format "main" in /etc/nginx/nginx.conf:37
2026/09/23 07:55:49 [emerg] 1#1: unknown log format "main" in /etc/nginx/nginx.conf:37
2026/09/23 07:55:49 [emerg] 1#1: unknown log format "main" in /etc/nginx/nginx.conf:37
2026/09/23 07:55:49 [emerg] 1#1: unknown log format "main" in /etc/nginx/nginx.conf:37
2026/09/23 07:55:49 [emerg] 1#1: unknown log format "main" in /etc/nginx/nginx.conf:37
2026/09/23 07:55:49 [emerg] 1#1: unknown log format "main" in /etc/nginx/nginx.conf:37
2026/09/23 07:55:50 [emerg] 1#1: unknown log format "main" in /etc/nginx/nginx.conf:37
2026/09/23 07:55:50 [emerg] 1#1: unknown log format "main" in /etc/nginx/nginx.conf:37
2026/09/23 07:55:50 [emerg] 1#1: unknown log format "main" in /etc/nginx/nginx.conf:37
2026/09/23 07:55:50 [emerg] 1#1: unknown log format "main" in /etc/nginx/nginx.conf:37
2026/09/23 07:55:50 [emerg] 1#1: unknown log format "main" in /etc/nginx/nginx.conf:37
2026/09/23 07:55:50 [emerg] 1#1: unknown log format "main" in /etc/nginx/nginx.conf:37
2026/09/23 07:55:50 [emerg] 1#1: unknown log format "main" in /etc/nginx/nginx.conf:37
2026/09/23 07:55:50 [emerg] 1#1: unknown log format "main" in /etc/nginx/nginx.conf:37
2026/09/23 07:55:50 [emerg] 1#1: unknown log format "main" in /etc/nginx/nginx.conf:37
2026/09/23 07:55:51 [emerg] 1#1: unknown log format "main" in /etc/nginx/nginx.conf:37
2026/09/23 07:55:51 [emerg] 1#1: unknown log format "main" in /etc/nginx/nginx.conf:37
2026/09/23 07:55:51 [emerg] 1#1: unknown log format "main" in /etc/nginx/nginx.conf:37
2026/09/23 07:55:51 [emerg] 1#1: unknown log format "main" in /etc/nginx/nginx.conf:37
2026/09/23 07:55:51 [emerg] 1#1: unknown log format "main" in /etc/nginx/nginx.conf:37
2026/09/23 07:55:51 [emerg] 1#1: unknown log format "main" in /etc/nginx/nginx.conf:37
2026/09/23 07:55:51 [emerg] 1#1: unknown log format "main" in /etc/nginx/nginx.conf:37
2026/09/23 07:55:51 [emerg] 1#1: unknown log format "main" in /etc/nginx/nginx.conf:37
2026/09/23 07:55:52 [emerg] 1#1: unknown log format "main" in /etc/nginx/nginx.conf:37
2026/09/23 07:55:52 [emerg] 1#1: unknown log format "main" in /etc/nginx/nginx.conf:37
2026/09/23 07:55:52 [emerg] 1#1: unknown log format "main" in /etc/nginx/nginx.conf:37
2026/09/23 07:55:52 [emerg] 1#1: unknown log format "main" in /etc/nginx/nginx.conf:37
2026/09/23 07:55:52 [emerg] 1#1: unknown log format "main" in /etc/nginx/nginx.conf:37
2026/09/23 07:55:52 [emerg] 1#1: unknown log format "main" in /etc/nginx/nginx.conf:37
2026/09/23 07:55:52 [emerg] 1#1: unknown log format "main" in /etc/nginx/nginx.conf:37
2026/09/23 07:55:52 [emerg] 1#1: unknown log format "main" in /etc/nginx/nginx.conf:37
2026/09/23 07:55:53 [emerg] 1#1: unknown log format "main" in /etc/nginx/nginx.conf:37
2026/09/23 07:55:53 [emerg] 1#1: unknown log format "main" in /etc/nginx/nginx.conf:37
2026/09/23 07:55:53 [emerg] 1#1: unknown log format "main" in /etc/nginx/nginx.conf:37
2026/09/23 07:55:53 [emerg] 1#1: unknown log format "main" in /etc/nginx/nginx.conf:37
2026/09/23 07:55:53 [emerg] 1#1: unknown log format "main" in /etc/nginx/nginx.conf:37
2026/09/23 07:55:53 [emerg] 1#1: unknown log format "main" in /etc/nginx/nginx.conf:37
2026/09/23 07:55:53 [emerg] 1#1: unknown log format "main" in /etc/nginx/nginx.conf:37
2026/09/23 07:55:53 [emerg] 1#1: unknown log format "main" in /etc/nginx/nginx.conf:37
2026/09/23 07:55:54 [emerg] 1#1: unknown log format "main" in /etc/nginx/nginx.conf:37
2026/09/23 07:55:54 [emerg] 1#1: unknown log format "main" in /etc/nginx/nginx.conf:37
2026/09/23 07:55:54 [emerg] 1#1: unknown log format "main" in /etc/nginx/nginx.conf:37
2026/09/23 07:55:54 [emerg] 1#1: unknown log format "main" in /etc/nginx/nginx.conf:37
2026/09/23 07:55:54 [emerg] 1#1: unknown log format "main" in /etc/nginx/nginx.conf:37
2026/09/23 07:55:54 [emerg] 1#1: unknown log format "main" in /etc/nginx/nginx.conf:37
2026/09/23 07:55:54 [emerg] 1#1: unknown log format "main" in /etc/nginx/nginx.conf:37
2026/09/23 07:55:54 [emerg] 1#1: unknown log format "main" in /etc/nginx/nginx.conf:37
2026/09/23 07:55:55 [emerg] 1#1: unknown log format "main" in /etc/nginx/nginx.conf:37
2026/09/23 07:55:55 [emerg] 1#1: unknown log format "main" in /etc/nginx/nginx.conf:37
2026/09/23 07:55:55 [emerg] 1#1: unknown log format "main" in /etc/nginx/nginx.conf:37
2026/09/23 07:55:55 [emerg] 1#1: unknown log format "main" in /etc/nginx/nginx.conf:37
2026/09/23 07:55:55 [emerg] 1#1: unknown log format "main" in /etc/nginx/nginx.conf:37
2026/09/23 07:55:55 [emerg] 1#1: unknown log format "main" in /etc/nginx/nginx.conf:37
2026/09/23 07:55:55 [emerg] 1#1: unknown log format "main" in /etc/nginx/nginx.conf:37
2026/09/23 07:55:55 [emerg] 1#1: unknown log format "main" in /etc/nginx/nginx.conf:37
2026/09/23 07:55:56 [emerg] 1#1: unknown log format "main" in /etc/nginx/nginx.conf:37
2026/09/23 07:55:56 [emerg] 1#1: unknown log format "main" in /etc/nginx/nginx.conf:37
2026/09/23 07:55:56 [emerg] 1#1: unknown log format "main" in /etc/nginx/nginx.conf:37
2026/09/23 07:55:56 [emerg] 1#1: unknown log format "main" in /etc/nginx/nginx.conf:37
2026/09/23 07:55:56 [emerg] 1#1: unknown log format "main" in /etc/nginx/nginx.conf:37
2026/09/23 07:55:56 [emerg] 1#1: unknown log format "main" in /etc/nginx/nginx.conf:37
2026/09/23 07:55:56 [emerg] 1#1: unknown log format "main" in /etc/nginx/nginx.conf:37
2026/09/23 07:55:56 [emerg] 1#1: unknown log format "main" in /etc/nginx/nginx.conf:37
2026/09/23 07:55:56 [emerg] 1#1: unknown log format "main" in /etc/nginx/nginx.conf:37
2026/09/23 07:55:57 [emerg] 1#1: unknown log format "main" in /etc/nginx/nginx.conf:37
2026/09/23 07:55:57 [emerg] 1#1: unknown log format "main" in /etc/nginx/nginx.conf:37
2026/09/23 07:55:57 [emerg] 1#1: unknown log format "main" in /etc/nginx/nginx.conf:37
2026/09/23 07:55:57 [emerg] 1#1: unknown log format "main" in /etc/nginx/nginx.conf:37
2026/09/23 07:55:57 [emerg] 1#1: unknown log format "main" in /etc/nginx/nginx.conf:37
2026/09/23 07:55:57 [emerg] 1#1: unknown log format "main" in /etc/nginx/nginx.conf:37
2026/09/23 07:55:57 [emerg] 1#1: unknown log format "main" in /etc/nginx/nginx.conf:37
2026/09/23 07:55:57 [emerg] 1#1: unknown log format "main" in /etc/nginx/nginx.conf:37
2026/09/23 07:55:58 [emerg] 1#1: unknown log format "main" in /etc/nginx/nginx.conf:37
2026/09/23 07:55:58 [emerg] 1#1: unknown log format "main" in /etc/nginx/nginx.conf:37
2026/09/23 07:55:58 [emerg] 1#1: unknown log format "main" in /etc/nginx/nginx.conf:37
2026/09/23 07:55:58 [emerg] 1#1: unknown log format "main" in /etc/nginx/nginx.conf:37
2026/09/23 07:55:58 [emerg] 1#1: unknown log format "main" in /etc/nginx/nginx.conf:37
2026/09/23 07:55:58 [emerg] 1#1: unknown log format "main" in /etc/nginx/nginx.conf:37
2026/09/23 07:55:58 [emerg] 1#1: unknown log format "main" in /etc/nginx/nginx.conf:37
2026/09/23 07:55:58 [emerg] 1#1: unknown log format "main" in /etc/nginx/nginx.conf:37
2026/09/23 07:55:59 [emerg] 1#1: unknown log format "main" in /etc/nginx/nginx.conf:37
2026/09/23 07:55:59 [emerg] 1#1: unknown log format "main" in /etc/nginx/nginx.conf:37
2026/09/23 07:55:59 [emerg] 1#1: unknown log format "main" in /etc/nginx/nginx.conf:37
2026/09/23 07:55:59 [emerg] 1#1: unknown log format "main" in /etc/nginx/nginx.conf:37
2026/09/23 07:55:59 [emerg] 1#1: unknown log format "main" in /etc/nginx/nginx.conf:37
2026/09/23 07:55:59 [emerg] 1#1: unknown log format "main" in /etc/nginx/nginx.conf:37
2026/09/23 07:55:59 [emerg] 1#1: unknown log format "main" in /etc/nginx/nginx.conf:37
2026/09/23 07:55:59 [emerg] 1#1: unknown log format "main" in /etc/nginx/nginx.conf:37
2026/09/23 07:56:00 [emerg] 1#1: unknown log format "main" in /etc/nginx/nginx.conf:37
2026/09/23 07:56:00 [emerg] 1#1: unknown log format "main" in /etc/nginx/nginx.conf:37
2026/09/23 07:56:00 [emerg] 1#1: unknown log format "main" in /etc/nginx/nginx.conf:37
2026/09/23 07:56:00 [emerg] 1#1: unknown log format "main" in /etc/nginx/nginx.conf:37
2026/09/23 07:56:00 [emerg] 1#1: unknown log format "main" in /etc/nginx/nginx.conf:37
2026/09/23 07:56:00 [emerg] 1#1: unknown log format "main" in /etc/nginx/nginx.conf:37
2026/09/23 07:56:00 [emerg] 1#1: unknown log format "main" in /etc/nginx/nginx.conf:37
2026/09/23 07:56:00 [emerg] 1#1: unknown log format "main" in /etc/nginx/nginx.conf:37
2026/09/23 07:56:00 [emerg] 1#1: unknown log format "main" in /etc/nginx/nginx.conf:37
2026/09/23 07:56:01 [emerg] 1#1: unknown log format "main" in /etc/nginx/nginx.conf:37
2026/09/23 07:56:01 [emerg] 1#1: unknown log format "main" in /etc/nginx/nginx.conf:37
2026/09/23 07:56:01 [emerg] 1#1: unknown log format "main" in /etc/nginx/nginx.conf:37
2026/09/23 07:56:01 [emerg] 1#1: unknown log format "main" in /etc/nginx/nginx.conf:37
2026/09/23 07:56:01 [emerg] 1#1: unknown log format "main" in /etc/nginx/nginx.conf:37
2026/09/23 07:56:01 [emerg] 1#1: unknown log format "main" in /etc/nginx/nginx.conf:37
2026/09/23 07:56:01 [emerg] 1#1: unknown log format "main" in /etc/nginx/nginx.conf:37
2026/09/23 07:56:02 [emerg] 1#1: unknown log format "main" in /etc/nginx/nginx.conf:37
2026/09/23 07:56:02 [emerg] 1#1: unknown log format "main" in /etc/nginx/nginx.conf:37
2026/09/23 07:56:02 [emerg] 1#1: unknown log format "main" in /etc/nginx/nginx.conf:37
2026/09/23 07:56:02 [emerg] 1#1: unknown log format "main" in /etc/nginx/nginx.conf:37
2026/09/23 07:56:02 [emerg] 1#1: unknown log format "main" in /etc/nginx/nginx.conf:37
2026/09/23 07:56:02 [emerg] 1#1: unknown log format "main" in /etc/nginx/nginx.conf:37
2026/09/23 07:56:02 [emerg] 1#1: unknown log format "main" in /etc/nginx/nginx.conf:37
2026/09/23 07:56:02 [emerg] 1#1: unknown log format "main" in /etc/nginx/nginx.conf:37
2026/09/23 07:56:03 [emerg] 1#1: unknown log format "main" in /etc/nginx/nginx.conf:37
2026/09/23 07:56:03 [emerg] 1#1: unknown log format "main" in /etc/nginx/nginx.conf:37
2026/09/23 07:56:03 [emerg] 1#1: unknown log format "main" in /etc/nginx/nginx.conf:37
2026/09/23 07:56:03 [emerg] 1#1: unknown log format "main" in /etc/nginx/nginx.conf:37
2026/09/23 07:56:03 [emerg] 1#1: unknown log format "main" in /etc/nginx/nginx.conf:37
2026/09/23 07:56:03 [emerg] 1#1: unknown log format "main" in /etc/nginx/nginx.conf:37
2026/09/23 07:56:03 [emerg] 1#1: unknown log format "main" in /etc/nginx/nginx.conf:37
2026/09/23 07:56:03 [emerg] 1#1: unknown log format "main" in /etc/nginx/nginx.conf:37
2026/09/23 07:56:03 [emerg] 1#1: unknown log format "main" in /etc/nginx/nginx.conf:37
2026/09/23 07:56:04 [emerg] 1#1: unknown log format "main" in /etc/nginx/nginx.conf:37
2026/09/23 07:56:04 [emerg] 1#1: unknown log format "main" in /etc/nginx/nginx.conf:37
2026/09/23 07:56:04 [emerg] 1#1: unknown log format "main" in /etc/nginx/nginx.conf:37
2026/09/23 07:56:04 [emerg] 1#1: unknown log format "main" in /etc/nginx/nginx.conf:37
2026/09/23 07:56:04 [emerg] 1#1: unknown log format "main" in /etc/nginx/nginx.conf:37
2026/09/23 07:56:04 [emerg] 1#1: unknown log format "main" in /etc/nginx/nginx.conf:37
2026/09/23 07:56:04 [emerg] 1#1: unknown log format "main" in /etc/nginx/nginx.conf:37
2026/09/23 07:56:04 [emerg] 1#1: unknown log format "main" in /etc/nginx/nginx.conf:37
2026/09/23 07:56:04 [emerg] 1#1: unknown log format "main" in /etc/nginx/nginx.conf:37
2026/09/23 07:56:05 [emerg] 1#1: unknown log format "main" in /etc/nginx/nginx.conf:37
2026/09/23 07:56:05 [emerg] 1#1: unknown log format "main" in /etc/nginx/nginx.conf:37
2026/09/23 07:56:05 [emerg] 1#1: unknown log format "main" in /etc/nginx/nginx.conf:37
2026/09/23 07:56:05 [emerg] 1#1: unknown log format "main" in /etc/nginx/nginx.conf:37
2026/09/23 07:56:05 [emerg] 1#1: unknown log format "main" in /etc/nginx/nginx.conf:37
2026/09/23 07:56:05 [emerg] 1#1: unknown log format "main" in /etc/nginx/nginx.conf:37
2026/09/23 07:56:05 [emerg] 1#1: unknown log format "main" in /etc/nginx/nginx.conf:37
2026/09/23 07:56:05 [emerg] 1#1: unknown log format "main" in /etc/nginx/nginx.conf:37
2026/09/23 07:56:06 [emerg] 1#1: unknown log format "main" in /etc/nginx/nginx.conf:37
2026/09/23 07:56:06 [emerg] 1#1: unknown log format "main" in /etc/nginx/nginx.conf:37
2026/09/23 07:56:06 [emerg] 1#1: unknown log format "main" in /etc/nginx/nginx.conf:37
2026/09/23 07:56:06 [emerg] 1#1: unknown log format "main" in /etc/nginx/nginx.conf:37
2026/09/23 07:56:06 [emerg] 1#1: unknown log format "main" in /etc/nginx/nginx.conf:37
2026/09/23 07:56:06 [emerg] 1#1: unknown log format "main" in /etc/nginx/nginx.conf:37
2026/09/23 07:56:06 [emerg] 1#1: unknown log format "main" in /etc/nginx/nginx.conf:37
2026/09/23 07:56:06 [emerg] 1#1: unknown log format "main" in /etc/nginx/nginx.conf:37
2026/09/23 07:56:07 [emerg] 1#1: unknown log format "main" in /etc/nginx/nginx.conf:37
2026/09/23 07:56:07 [emerg] 1#1: unknown log format "main" in /etc/nginx/nginx.conf:37
2026/09/23 07:56:07 [emerg] 1#1: unknown log format "main" in /etc/nginx/nginx.conf:37
2026/09/23 07:56:07 [emerg] 1#1: unknown log format "main" in /etc/nginx/nginx.conf:37
2026/09/23 07:56:07 [emerg] 1#1: unknown log format "main" in /etc/nginx/nginx.conf:37
2026/09/23 07:56:07 [emerg] 1#1: unknown log format "main" in /etc/nginx/nginx.conf:37
2026/09/23 07:56:07 [emerg] 1#1: unknown log format "main" in /etc/nginx/nginx.conf:37
2026/09/23 07:56:07 [emerg] 1#1: unknown log format "main" in /etc/nginx/nginx.conf:37
2026/09/23 07:56:08 [emerg] 1#1: unknown log format "main" in /etc/nginx/nginx.conf:37
2026/09/23 07:56:08 [emerg] 1#1: unknown log format "main" in /etc/nginx/nginx.conf:37
2026/09/23 07:56:08 [emerg] 1#1: unknown log format "main" in /etc/nginx/nginx.conf:37
2026/09/23 07:56:08 [emerg] 1#1: unknown log format "main" in /etc/nginx/nginx.conf:37
2026/09/23 07:56:08 [emerg] 1#1: unknown log format "main" in /etc/nginx/nginx.conf:37
2026/09/23 07:56:08 [emerg] 1#1: unknown log format "main" in /etc/nginx/nginx.conf:37
2026/09/23 07:56:08 [emerg] 1#1: unknown log format "main" in /etc/nginx/nginx.conf:37
2026/09/23 07:56:08 [emerg] 1#1: unknown log format "main" in /etc/nginx/nginx.conf:37
2026/09/23 07:56:08 [emerg] 1#1: unknown log format "main" in /etc/nginx/nginx.conf:37
2026/09/23 07:56:09 [emerg] 1#1: unknown log format "main" in /etc/nginx/nginx.conf:37
2026/09/23 07:56:09 [emerg] 1#1: unknown log format "main" in /etc/nginx/nginx.conf:37
2026/09/23 07:56:09 [emerg] 1#1: unknown log format "main" in /etc/nginx/nginx.conf:37
2026/09/23 07:56:09 [emerg] 1#1: unknown log format "main" in /etc/nginx/nginx.conf:37
2026/09/23 07:56:09 [emerg] 1#1: unknown log format "main" in /etc/nginx/nginx.conf:37
2026/09/23 07:56:09 [emerg] 1#1: unknown log format "main" in /etc/nginx/nginx.conf:37
2026/09/23 07:56:09 [emerg] 1#1: unknown log format "main" in /etc/nginx/nginx.conf:37
2026/09/23 07:56:09 [emerg] 1#1: unknown log format "main" in /etc/nginx/nginx.conf:37
2026/09/23 07:56:10 [emerg] 1#1: unknown log format "main" in /etc/nginx/nginx.conf:37
2026/09/23 07:56:10 [emerg] 1#1: unknown log format "main" in /etc/nginx/nginx.conf:37
2026/09/23 07:56:10 [emerg] 1#1: unknown log format "main" in /etc/nginx/nginx.conf:37
2026/09/23 07:56:10 [emerg] 1#1: unknown log format "main" in /etc/nginx/nginx.conf:37
2026/09/23 07:56:10 [emerg] 1#1: unknown log format "main" in /etc/nginx/nginx.conf:37
2026/09/23 07:56:10 [emerg] 1#1: unknown log format "main" in /etc/nginx/nginx.conf:37
2026/09/23 07:56:11 [emerg] 1#1: unknown log format "main" in /etc/nginx/nginx.conf:37
2026/09/23 07:56:11 [emerg] 1#1: unknown log format "main" in /etc/nginx/nginx.conf:37
2026/09/23 07:56:11 [emerg] 1#1: unknown log format "main" in /etc/nginx/nginx.conf:37
2026/09/23 07:56:11 [emerg] 1#1: unknown log format "main" in /etc/nginx/nginx.conf:37
2026/09/23 07:56:11 [emerg] 1#1: unknown log format "main" in /etc/nginx/nginx.conf:37
2026/09/23 07:56:11 [emerg] 1#1: unknown log format "main" in /etc/nginx/nginx.conf:37
2026/09/23 07:56:11 [emerg] 1#1: unknown log format "main" in /etc/nginx/nginx.conf:37
2026/09/23 07:56:12 [emerg] 1#1: unknown log format "main" in /etc/nginx/nginx.conf:37
2026/09/23 07:56:12 [emerg] 1#1: unknown log format "main" in /etc/nginx/nginx.conf:37
2026/09/23 07:56:12 [emerg] 1#1: unknown log format "main" in /etc/nginx/nginx.conf:37
2026/09/23 07:56:12 [emerg] 1#1: unknown log format "main" in /etc/nginx/nginx.conf:37
2026/09/23 07:56:12 [emerg] 1#1: unknown log format "main" in /etc/nginx/nginx.conf:37
2026/09/23 07:56:12 [emerg] 1#1: unknown log format "main" in /etc/nginx/nginx.conf:37
2026/09/23 07:56:12 [emerg] 1#1: unknown log format "main" in /etc/nginx/nginx.conf:37
2026/09/23 07:56:12 [emerg] 1#1: unknown log format "main" in /etc/nginx/nginx.conf:37
2026/09/23 07:56:13 [emerg] 1#1: unknown log format "main" in /etc/nginx/nginx.conf:37
2026/09/23 07:56:13 [emerg] 1#1: unknown log format "main" in /etc/nginx/nginx.conf:37
2026/09/23 07:56:13 [emerg] 1#1: unknown log format "main" in /etc/nginx/nginx.conf:37
2026/09/23 07:56:13 [emerg] 1#1: unknown log format "main" in /etc/nginx/nginx.conf:37
2026/09/23 07:56:13 [emerg] 1#1: unknown log format "main" in /etc/nginx/nginx.conf:37
2026/09/23 07:56:13 [emerg] 1#1: unknown log format "main" in /etc/nginx/nginx.conf:37
2026/09/23 07:56:13 [emerg] 1#1: unknown log format "main" in /etc/nginx/nginx.conf:37
2026/09/23 07:56:13 [emerg] 1#1: unknown log format "main" in /etc/nginx/nginx.conf:37
2026/09/23 07:56:13 [emerg] 1#1: unknown log format "main" in /etc/nginx/nginx.conf:37
2026/09/23 07:56:14 [emerg] 1#1: unknown log format "main" in /etc/nginx/nginx.conf:37
2026/09/23 07:56:14 [emerg] 1#1: unknown log format "main" in /etc/nginx/nginx.conf:37
2026/09/23 07:56:14 [emerg] 1#1: unknown log format "main" in /etc/nginx/nginx.conf:37
2026/09/23 07:56:14 [emerg] 1#1: unknown log format "main" in /etc/nginx/nginx.conf:37
2026/09/23 07:56:14 [emerg] 1#1: unknown log format "main" in /etc/nginx/nginx.conf:37
2026/09/23 07:56:14 [emerg] 1#1: unknown log format "main" in /etc/nginx/nginx.conf:37
2026/09/23 07:56:14 [emerg] 1#1: unknown log format "main" in /etc/nginx/nginx.conf:37
2026/09/23 07:56:14 [emerg] 1#1: unknown log format "main" in /etc/nginx/nginx.conf:37
2026/09/23 07:56:15 [emerg] 1#1: unknown log format "main" in /etc/nginx/nginx.conf:37
2026/09/23 07:56:15 [emerg] 1#1: unknown log format "main" in /etc/nginx/nginx.conf:37
2026/09/23 07:56:15 [emerg] 1#1: unknown log format "main" in /etc/nginx/nginx.conf:37
2026/09/23 07:56:15 [emerg] 1#1: unknown log format "main" in /etc/nginx/nginx.conf:37
2026/09/23 07:56:15 [emerg] 1#1: unknown log format "main" in /etc/nginx/nginx.conf:37
2026/09/23 07:56:15 [emerg] 1#1: unknown log format "main" in /etc/nginx/nginx.conf:37
2026/09/23 07:56:15 [emerg] 1#1: unknown log format "main" in /etc/nginx/nginx.conf:37
2026/09/23 07:56:15 [emerg] 1#1: unknown log format "main" in /etc/nginx/nginx.conf:37
2026/09/23 07:56:15 [emerg] 1#1: unknown log format "main" in /etc/nginx/nginx.conf:37
2026/09/23 07:56:16 [emerg] 1#1: unknown log format "main" in /etc/nginx/nginx.conf:37
2026/09/23 07:56:16 [emerg] 1#1: unknown log format "main" in /etc/nginx/nginx.conf:37
2026/09/23 07:56:16 [emerg] 1#1: unknown log format "main" in /etc/nginx/nginx.conf:37
2026/09/23 07:56:16 [emerg] 1#1: unknown log format "main" in /etc/nginx/nginx.conf:37
2026/09/23 07:56:16 [emerg] 1#1: unknown log format "main" in /etc/nginx/nginx.conf:37
2026/09/23 07:56:16 [emerg] 1#1: unknown log format "main" in /etc/nginx/nginx.conf:37
2026/09/23 07:56:16 [emerg] 1#1: unknown log format "main" in /etc/nginx/nginx.conf:37
2026/09/23 07:56:16 [emerg] 1#1: unknown log format "main" in /etc/nginx/nginx.conf:37
2026/09/23 07:56:16 [emerg] 1#1: unknown log format "main" in /etc/nginx/nginx.conf:37
2026/09/23 07:56:17 [emerg] 1#1: unknown log format "main" in /etc/nginx/nginx.conf:37
2026/09/23 07:56:17 [emerg] 1#1: unknown log format "main" in /etc/nginx/nginx.conf:37
2026/09/23 07:56:17 [emerg] 1#1: unknown log format "main" in /etc/nginx/nginx.conf:37
2026/09/23 07:56:17 [emerg] 1#1: unknown log format "main" in /etc/nginx/nginx.conf:37
2026/09/23 07:56:17 [emerg] 1#1: unknown log format "main" in /etc/nginx/nginx.conf:37
2026/09/23 07:56:17 [emerg] 1#1: unknown log format "main" in /etc/nginx/nginx.conf:37
2026/09/23 07:56:17 [emerg] 1#1: unknown log format "main" in /etc/nginx/nginx.conf:37
2026/09/23 07:56:17 [emerg] 1#1: unknown log format "main" in /etc/nginx/nginx.conf:37
2026/09/23 07:56:17 [emerg] 1#1: unknown log format "main" in /etc/nginx/nginx.conf:37
2026/09/23 07:56:18 [emerg] 1#1: unknown log format "main" in /etc/nginx/nginx.conf:37
2026/09/23 07:56:18 [emerg] 1#1: unknown log format "main" in /etc/nginx/nginx.conf:37
2026/09/23 07:56:18 [emerg] 1#1: unknown log format "main" in /etc/nginx/nginx.conf:37
2026/09/23 07:56:18 [emerg] 1#1: unknown log format "main" in /etc/nginx/nginx.conf:37
2026/09/23 07:56:18 [emerg] 1#1: unknown log format "main" in /etc/nginx/nginx.conf:37
2026/09/23 07:56:18 [emerg] 1#1: unknown log format "main" in /etc/nginx/nginx.conf:37
2026/09/23 07:56:18 [emerg] 1#1: unknown log format "main" in /etc/nginx/nginx.conf:37
2026/09/23 07:56:18 [emerg] 1#1: unknown log format "main" in /etc/nginx/nginx.conf:37
2026/09/23 07:56:19 [emerg] 1#1: unknown log format "main" in /etc/nginx/nginx.conf:37
2026/09/23 07:56:19 [emerg] 1#1: unknown log format "main" in /etc/nginx/nginx.conf:37
2026/09/23 07:56:19 [emerg] 1#1: unknown log format "main" in /etc/nginx/nginx.conf:37
2026/09/23 07:56:19 [emerg] 1#1: unknown log format "main" in /etc/nginx/nginx.conf:37
2026/09/23 07:56:19 [emerg] 1#1: unknown log format "main" in /etc/nginx/nginx.conf:37
2026/09/23 07:56:19 [emerg] 1#1: unknown log format "main" in /etc/nginx/nginx.conf:37
2026/09/23 07:56:19 [emerg] 1#1: unknown log format "main" in /etc/nginx/nginx.conf:37
2026/09/23 07:56:19 [emerg] 1#1: unknown log format "main" in /etc/nginx/nginx.conf:37
2026/09/23 07:56:20 [emerg] 1#1: unknown log format "main" in /etc/nginx/nginx.conf:37
2026/09/23 07:56:20 [emerg] 1#1: unknown log format "main" in /etc/nginx/nginx.conf:37
2026/09/23 07:56:20 [emerg] 1#1: unknown log format "main" in /etc/nginx/nginx.conf:37
2026/09/23 07:56:20 [emerg] 1#1: unknown log format "main" in /etc/nginx/nginx.conf:37
2026/09/23 07:56:20 [emerg] 1#1: unknown log format "main" in /etc/nginx/nginx.conf:37
2026/09/23 07:56:20 [emerg] 1#1: unknown log format "main" in /etc/nginx/nginx.conf:37
2026/09/23 07:56:20 [emerg] 1#1: unknown log format "main" in /etc/nginx/nginx.conf:37
2026/09/23 07:56:20 [emerg] 1#1: unknown log format "main" in /etc/nginx/nginx.conf:37
2026/09/23 07:56:20 [emerg] 1#1: unknown log format "main" in /etc/nginx/nginx.conf:37
2026/09/23 07:56:21 [emerg] 1#1: unknown log format "main" in /etc/nginx/nginx.conf:37
2026/09/23 07:56:21 [emerg] 1#1: unknown log format "main" in /etc/nginx/nginx.conf:37
2026/09/23 07:56:21 [emerg] 1#1: unknown log format "main" in /etc/nginx/nginx.conf:37
2026/09/23 07:56:21 [emerg] 1#1: unknown log format "main" in /etc/nginx/nginx.conf:37
2026/09/23 07:56:21 [emerg] 1#1: unknown log format "main" in /etc/nginx/nginx.conf:37
2026/09/23 07:56:21 [emerg] 1#1: unknown log format "main" in /etc/nginx/nginx.conf:37
2026/09/23 07:56:21 [emerg] 1#1: unknown log format "main" in /etc/nginx/nginx.conf:37
2026/09/23 07:56:22 [emerg] 1#1: unknown log format "main" in /etc/nginx/nginx.conf:37
2026/09/23 07:56:22 [emerg] 1#1: unknown log format "main" in /etc/nginx/nginx.conf:37
2026/09/23 07:56:22 [emerg] 1#1: unknown log format "main" in /etc/nginx/nginx.conf:37
2026/09/23 07:56:22 [emerg] 1#1: unknown log format "main" in /etc/nginx/nginx.conf:37
2026/09/23 07:56:22 [emerg] 1#1: unknown log format "main" in /etc/nginx/nginx.conf:37
2026/09/23 07:56:22 [emerg] 1#1: unknown log format "main" in /etc/nginx/nginx.conf:37
2026/09/23 07:56:22 [emerg] 1#1: unknown log format "main" in /etc/nginx/nginx.conf:37
2026/09/23 07:56:22 [emerg] 1#1: unknown log format "main" in /etc/nginx/nginx.conf:37
2026/09/23 07:56:22 [emerg] 1#1: unknown log format "main" in /etc/nginx/nginx.conf:37
2026/09/23 07:56:23 [emerg] 1#1: unknown log format "main" in /etc/nginx/nginx.conf:37
2026/09/23 07:56:23 [emerg] 1#1: unknown log format "main" in /etc/nginx/nginx.conf:37
2026/09/23 07:56:23 [emerg] 1#1: unknown log format "main" in /etc/nginx/nginx.conf:37
2026/09/23 07:56:23 [emerg] 1#1: unknown log format "main" in /etc/nginx/nginx.conf:37
2026/09/23 07:56:23 [emerg] 1#1: unknown log format "main" in /etc/nginx/nginx.conf:37
2026/09/23 07:56:23 [emerg] 1#1: unknown log format "main" in /etc/nginx/nginx.conf:37
2026/09/23 07:56:23 [emerg] 1#1: unknown log format "main" in /etc/nginx/nginx.conf:37
2026/09/23 07:56:23 [emerg] 1#1: unknown log format "main" in /etc/nginx/nginx.conf:37
2026/09/23 07:56:23 [emerg] 1#1: unknown log format "main" in /etc/nginx/nginx.conf:37
2026/09/23 07:56:24 [emerg] 1#1: unknown log format "main" in /etc/nginx/nginx.conf:37
2026/09/23 07:56:24 [emerg] 1#1: unknown log format "main" in /etc/nginx/nginx.conf:37
2026/09/23 07:56:24 [emerg] 1#1: unknown log format "main" in /etc/nginx/nginx.conf:37
2026/09/23 07:56:24 [emerg] 1#1: unknown log format "main" in /etc/nginx/nginx.conf:37
2026/09/23 07:56:24 [emerg] 1#1: unknown log format "main" in /etc/nginx/nginx.conf:37
2026/09/23 07:56:24 [emerg] 1#1: unknown log format "main" in /etc/nginx/nginx.conf:37
2026/09/23 07:56:24 [emerg] 1#1: unknown log format "main" in /etc/nginx/nginx.conf:37
2026/09/23 07:56:24 [emerg] 1#1: unknown log format "main" in /etc/nginx/nginx.conf:37
2026/09/23 07:56:25 [emerg] 1#1: unknown log format "main" in /etc/nginx/nginx.conf:37
2026/09/23 07:56:25 [emerg] 1#1: unknown log format "main" in /etc/nginx/nginx.conf:37
2026/09/23 07:56:25 [emerg] 1#1: unknown log format "main" in /etc/nginx/nginx.conf:37
2026/09/23 07:56:25 [emerg] 1#1: unknown log format "main" in /etc/nginx/nginx.conf:37
2026/09/23 07:56:25 [emerg] 1#1: unknown log format "main" in /etc/nginx/nginx.conf:37
2026/09/23 07:56:25 [emerg] 1#1: unknown log format "main" in /etc/nginx/nginx.conf:37
2026/09/23 07:56:25 [emerg] 1#1: unknown log format "main" in /etc/nginx/nginx.conf:37
2026/09/23 07:56:25 [emerg] 1#1: unknown log format "main" in /etc/nginx/nginx.conf:37
2026/09/23 07:56:25 [emerg] 1#1: unknown log format "main" in /etc/nginx/nginx.conf:37
2026/09/23 07:56:26 [emerg] 1#1: unknown log format "main" in /etc/nginx/nginx.conf:37
2026/09/23 07:56:26 [emerg] 1#1: unknown log format "main" in /etc/nginx/nginx.conf:37
2026/09/23 07:56:26 [emerg] 1#1: unknown log format "main" in /etc/nginx/nginx.conf:37
2026/09/23 07:56:26 [emerg] 1#1: unknown log format "main" in /etc/nginx/nginx.conf:37
2026/09/23 07:56:26 [emerg] 1#1: unknown log format "main" in /etc/nginx/nginx.conf:37
2026/09/23 07:56:26 [emerg] 1#1: unknown log format "main" in /etc/nginx/nginx.conf:37
2026/09/23 07:56:26 [emerg] 1#1: unknown log format "main" in /etc/nginx/nginx.conf:37
2026/09/23 07:56:26 [emerg] 1#1: unknown log format "main" in /etc/nginx/nginx.conf:37
2026/09/23 07:56:27 [emerg] 1#1: unknown log format "main" in /etc/nginx/nginx.conf:37
2026/09/23 07:56:27 [emerg] 1#1: unknown log format "main" in /etc/nginx/nginx.conf:37
2026/09/23 07:56:27 [emerg] 1#1: unknown log format "main" in /etc/nginx/nginx.conf:37
2026/09/23 07:56:27 [emerg] 1#1: unknown log format "main" in /etc/nginx/nginx.conf:37
2026/09/23 07:56:27 [emerg] 1#1: unknown log format "main" in /etc/nginx/nginx.conf:37
2026/09/23 07:56:27 [emerg] 1#1: unknown log format "main" in /etc/nginx/nginx.conf:37
2026/09/23 07:56:27 [emerg] 1#1: unknown log format "main" in /etc/nginx/nginx.conf:37
2026/09/23 07:56:27 [emerg] 1#1: unknown log format "main" in /etc/nginx/nginx.conf:37
2026/09/23 07:56:27 [emerg] 1#1: unknown log format "main" in /etc/nginx/nginx.conf:37
2026/09/23 07:56:28 [emerg] 1#1: unknown log format "main" in /etc/nginx/nginx.conf:37
2026/09/23 07:56:28 [emerg] 1#1: unknown log format "main" in /etc/nginx/nginx.conf:37
2026/09/23 07:56:28 [emerg] 1#1: unknown log format "main" in /etc/nginx/nginx.conf:37
2026/09/23 07:56:28 [emerg] 1#1: unknown log format "main" in /etc/nginx/nginx.conf:37
2026/09/23 07:56:28 [emerg] 1#1: unknown log format "main" in /etc/nginx/nginx.conf:37
2026/09/23 07:56:28 [emerg] 1#1: unknown log format "main" in /etc/nginx/nginx.conf:37
2026/09/23 07:56:28 [emerg] 1#1: unknown log format "main" in /etc/nginx/nginx.conf:37
2026/09/23 07:56:28 [emerg] 1#1: unknown log format "main" in /etc/nginx/nginx.conf:37
2026/09/23 07:56:29 [emerg] 1#1: unknown log format "main" in /etc/nginx/nginx.conf:37
2026/09/23 07:56:29 [emerg] 1#1: unknown log format "main" in /etc/nginx/nginx.conf:37
2026/09/23 07:56:29 [emerg] 1#1: unknown log format "main" in /etc/nginx/nginx.conf:37
2026/09/23 07:56:29 [emerg] 1#1: unknown log format "main" in /etc/nginx/nginx.conf:37
2026/09/23 07:56:29 [emerg] 1#1: unknown log format "main" in /etc/nginx/nginx.conf:37
2026/09/23 07:56:29 [emerg] 1#1: unknown log format "main" in /etc/nginx/nginx.conf:37
2026/09/23 07:56:29 [emerg] 1#1: unknown log format "main" in /etc/nginx/nginx.conf:37
2026/09/23 07:56:29 [emerg] 1#1: unknown log format "main" in /etc/nginx/nginx.conf:37
2026/09/23 07:56:30 [emerg] 1#1: unknown log format "main" in /etc/nginx/nginx.conf:37
2026/09/23 07:56:30 [emerg] 1#1: unknown log format "main" in /etc/nginx/nginx.conf:37
2026/09/23 07:56:30 [emerg] 1#1: unknown log format "main" in /etc/nginx/nginx.conf:37
2026/09/23 07:56:30 [emerg] 1#1: unknown log format "main" in /etc/nginx/nginx.conf:37
2026/09/23 07:56:30 [emerg] 1#1: unknown log format "main" in /etc/nginx/nginx.conf:37
2026/09/23 07:56:30 [emerg] 1#1: unknown log format "main" in /etc/nginx/nginx.conf:37
2026/09/23 07:56:30 [emerg] 1#1: unknown log format "main" in /etc/nginx/nginx.conf:37
2026/09/23 07:56:30 [emerg] 1#1: unknown log format "main" in /etc/nginx/nginx.conf:37
2026/09/23 07:56:30 [emerg] 1#1: unknown log format "main" in /etc/nginx/nginx.conf:37
2026/09/23 07:56:31 [emerg] 1#1: unknown log format "main" in /etc/nginx/nginx.conf:37
2026/09/23 07:56:31 [emerg] 1#1: unknown log format "main" in /etc/nginx/nginx.conf:37
2026/09/23 07:56:31 [emerg] 1#1: unknown log format "main" in /etc/nginx/nginx.conf:37
2026/09/23 07:56:31 [emerg] 1#1: unknown log format "main" in /etc/nginx/nginx.conf:37
2026/09/23 07:56:31 [emerg] 1#1: unknown log format "main" in /etc/nginx/nginx.conf:37
2026/09/23 07:56:31 [emerg] 1#1: unknown log format "main" in /etc/nginx/nginx.conf:37
2026/09/23 07:56:31 [emerg] 1#1: unknown log format "main" in /etc/nginx/nginx.conf:37
2026/09/23 07:56:31 [emerg] 1#1: unknown log format "main" in /etc/nginx/nginx.conf:37
2026/09/23 07:56:32 [emerg] 1#1: unknown log format "main" in /etc/nginx/nginx.conf:37
2026/09/23 07:56:32 [emerg] 1#1: unknown log format "main" in /etc/nginx/nginx.conf:37
2026/09/23 07:56:32 [emerg] 1#1: unknown log format "main" in /etc/nginx/nginx.conf:37
2026/09/23 07:56:32 [emerg] 1#1: unknown log format "main" in /etc/nginx/nginx.conf:37
2026/09/23 07:56:32 [emerg] 1#1: unknown log format "main" in /etc/nginx/nginx.conf:37
2026/09/23 07:56:32 [emerg] 1#1: unknown log format "main" in /etc/nginx/nginx.conf:37
2026/09/23 07:56:32 [emerg] 1#1: unknown log format "main" in /etc/nginx/nginx.conf:37
2026/09/23 07:56:32 [emerg] 1#1: unknown log format "main" in /etc/nginx/nginx.conf:37
2026/09/23 07:56:32 [emerg] 1#1: unknown log format "main" in /etc/nginx/nginx.conf:37
2026/09/23 07:56:33 [emerg] 1#1: unknown log format "main" in /etc/nginx/nginx.conf:37
2026/09/23 07:56:33 [emerg] 1#1: unknown log format "main" in /etc/nginx/nginx.conf:37
2026/09/23 07:56:33 [emerg] 1#1: unknown log format "main" in /etc/nginx/nginx.conf:37
2026/09/23 07:56:33 [emerg] 1#1: unknown log format "main" in /etc/nginx/nginx.conf:37
2026/09/23 07:56:33 [emerg] 1#1: unknown log format "main" in /etc/nginx/nginx.conf:37
2026/09/23 07:56:33 [emerg] 1#1: unknown log format "main" in /etc/nginx/nginx.conf:37
2026/09/23 07:56:33 [emerg] 1#1: unknown log format "main" in /etc/nginx/nginx.conf:37
2026/09/23 07:56:33 [emerg] 1#1: unknown log format "main" in /etc/nginx/nginx.conf:37
2026/09/23 07:56:34 [emerg] 1#1: unknown log format "main" in /etc/nginx/nginx.conf:37
2026/09/23 07:56:34 [emerg] 1#1: unknown log format "main" in /etc/nginx/nginx.conf:37
2026/09/23 07:56:34 [emerg] 1#1: unknown log format "main" in /etc/nginx/nginx.conf:37
2026/09/23 07:56:34 [emerg] 1#1: unknown log format "main" in /etc/nginx/nginx.conf:37
2026/09/23 07:56:34 [emerg] 1#1: unknown log format "main" in /etc/nginx/nginx.conf:37
2026/09/23 07:56:34 [emerg] 1#1: unknown log format "main" in /etc/nginx/nginx.conf:37
2026/09/23 07:56:34 [emerg] 1#1: unknown log format "main" in /etc/nginx/nginx.conf:37
2026/09/23 07:56:34 [emerg] 1#1: unknown log format "main" in /etc/nginx/nginx.conf:37
2026/09/23 07:56:35 [emerg] 1#1: unknown log format "main" in /etc/nginx/nginx.conf:37
2026/09/23 07:56:35 [emerg] 1#1: unknown log format "main" in /etc/nginx/nginx.conf:37
2026/09/23 07:56:35 [emerg] 1#1: unknown log format "main" in /etc/nginx/nginx.conf:37
2026/09/23 07:56:35 [emerg] 1#1: unknown log format "main" in /etc/nginx/nginx.conf:37
2026/09/23 07:56:35 [emerg] 1#1: unknown log format "main" in /etc/nginx/nginx.conf:37
2026/09/23 07:56:35 [emerg] 1#1: unknown log format "main" in /etc/nginx/nginx.conf:37
2026/09/23 07:56:35 [emerg] 1#1: unknown log format "main" in /etc/nginx/nginx.conf:37
2026/09/23 07:56:35 [emerg] 1#1: unknown log format "main" in /etc/nginx/nginx.conf:37
2026/09/23 07:56:36 [emerg] 1#1: unknown log format "main" in /etc/nginx/nginx.conf:37
2026/09/23 07:56:36 [emerg] 1#1: unknown log format "main" in /etc/nginx/nginx.conf:37
2026/09/23 07:56:36 [emerg] 1#1: unknown log format "main" in /etc/nginx/nginx.conf:37
2026/09/23 07:56:36 [emerg] 1#1: unknown log format "main" in /etc/nginx/nginx.conf:37
2026/09/23 07:56:36 [emerg] 1#1: unknown log format "main" in /etc/nginx/nginx.conf:37
2026/09/23 07:56:36 [emerg] 1#1: unknown log format "main" in /etc/nginx/nginx.conf:37
2026/09/23 07:56:36 [emerg] 1#1: unknown log format "main" in /etc/nginx/nginx.conf:37
2026/09/23 07:56:36 [emerg] 1#1: unknown log format "main" in /etc/nginx/nginx.conf:37
2026/09/23 07:56:37 [emerg] 1#1: unknown log format "main" in /etc/nginx/nginx.conf:37
2026/09/23 07:56:37 [emerg] 1#1: unknown log format "main" in /etc/nginx/nginx.conf:37
2026/09/23 07:56:37 [emerg] 1#1: unknown log format "main" in /etc/nginx/nginx.conf:37
2026/09/23 07:56:37 [emerg] 1#1: unknown log format "main" in /etc/nginx/nginx.conf:37
2026/09/23 07:56:37 [emerg] 1#1: unknown log format "main" in /etc/nginx/nginx.conf:37
2026/09/23 07:56:37 [emerg] 1#1: unknown log format "main" in /etc/nginx/nginx.conf:37
2026/09/23 07:56:37 [emerg] 1#1: unknown log format "main" in /etc/nginx/nginx.conf:37
2026/09/23 07:56:37 [emerg] 1#1: unknown log format "main" in /etc/nginx/nginx.conf:37
2026/09/23 07:56:38 [emerg] 1#1: unknown log format "main" in /etc/nginx/nginx.conf:37
2026/09/23 07:56:38 [emerg] 1#1: unknown log format "main" in /etc/nginx/nginx.conf:37
2026/09/23 07:56:38 [emerg] 1#1: unknown log format "main" in /etc/nginx/nginx.conf:37
2026/09/23 07:56:38 [emerg] 1#1: unknown log format "main" in /etc/nginx/nginx.conf:37
2026/09/23 07:56:38 [emerg] 1#1: unknown log format "main" in /etc/nginx/nginx.conf:37
2026/09/23 07:56:38 [emerg] 1#1: unknown log format "main" in /etc/nginx/nginx.conf:37
2026/09/23 07:56:38 [emerg] 1#1: unknown log format "main" in /etc/nginx/nginx.conf:37
2026/09/23 07:56:38 [emerg] 1#1: unknown log format "main" in /etc/nginx/nginx.conf:37
2026/09/23 07:56:38 [emerg] 1#1: unknown log format "main" in /etc/nginx/nginx.conf:37
2026/09/23 07:56:39 [emerg] 1#1: unknown log format "main" in /etc/nginx/nginx.conf:37
2026/09/23 07:56:39 [emerg] 1#1: unknown log format "main" in /etc/nginx/nginx.conf:37
2026/09/23 07:56:39 [emerg] 1#1: unknown log format "main" in /etc/nginx/nginx.conf:37
2026/09/23 07:56:39 [emerg] 1#1: unknown log format "main" in /etc/nginx/nginx.conf:37
2026/09/23 07:56:39 [emerg] 1#1: unknown log format "main" in /etc/nginx/nginx.conf:37
2026/09/23 07:56:39 [emerg] 1#1: unknown log format "main" in /etc/nginx/nginx.conf:37
2026/09/23 07:56:39 [emerg] 1#1: unknown log format "main" in /etc/nginx/nginx.conf:37
2026/09/23 07:56:39 [emerg] 1#1: unknown log format "main" in /etc/nginx/nginx.conf:37
2026/09/23 07:56:40 [emerg] 1#1: unknown log format "main" in /etc/nginx/nginx.conf:37
2026/09/23 07:56:40 [emerg] 1#1: unknown log format "main" in /etc/nginx/nginx.conf:37
2026/09/23 07:56:40 [emerg] 1#1: unknown log format "main" in /etc/nginx/nginx.conf:37
2026/09/23 07:56:40 [emerg] 1#1: unknown log format "main" in /etc/nginx/nginx.conf:37
2026/09/23 07:56:40 [emerg] 1#1: unknown log format "main" in /etc/nginx/nginx.conf:37
2026/09/23 07:56:40 [emerg] 1#1: unknown log format "main" in /etc/nginx/nginx.conf:37
2026/09/23 07:56:40 [emerg] 1#1: unknown log format "main" in /etc/nginx/nginx.conf:37
2026/09/23 07:56:40 [emerg] 1#1: unknown log format "main" in /etc/nginx/nginx.conf:37
2026/09/23 07:56:40 [emerg] 1#1: unknown log format "main" in /etc/nginx/nginx.conf:37
2026/09/23 07:56:41 [emerg] 1#1: unknown log format "main" in /etc/nginx/nginx.conf:37
2026/09/23 07:56:41 [emerg] 1#1: unknown log format "main" in /etc/nginx/nginx.conf:37
2026/09/23 07:56:41 [emerg] 1#1: unknown log format "main" in /etc/nginx/nginx.conf:37
2026/09/23 07:56:41 [emerg] 1#1: unknown log format "main" in /etc/nginx/nginx.conf:37
2026/09/23 07:56:41 [emerg] 1#1: unknown log format "main" in /etc/nginx/nginx.conf:37
2026/09/23 07:56:41 [emerg] 1#1: unknown log format "main" in /etc/nginx/nginx.conf:37
2026/09/23 07:56:41 [emerg] 1#1: unknown log format "main" in /etc/nginx/nginx.conf:37
2026/09/23 07:56:41 [emerg] 1#1: unknown log format "main" in /etc/nginx/nginx.conf:37
2026/09/23 07:56:41 [emerg] 1#1: unknown log format "main" in /etc/nginx/nginx.conf:37
2026/09/23 07:56:42 [emerg] 1#1: unknown log format "main" in /etc/nginx/nginx.conf:37
2026/09/23 07:56:42 [emerg] 1#1: unknown log format "main" in /etc/nginx/nginx.conf:37
2026/09/23 07:56:42 [emerg] 1#1: unknown log format "main" in /etc/nginx/nginx.conf:37
2026/09/23 07:56:42 [emerg] 1#1: unknown log format "main" in /etc/nginx/nginx.conf:37
2026/09/23 07:56:42 [emerg] 1#1: unknown log format "main" in /etc/nginx/nginx.conf:37
2026/09/23 07:56:42 [emerg] 1#1: unknown log format "main" in /etc/nginx/nginx.conf:37
2026/09/23 07:56:42 [emerg] 1#1: unknown log format "main" in /etc/nginx/nginx.conf:37
2026/09/23 07:56:42 [emerg] 1#1: unknown log format "main" in /etc/nginx/nginx.conf:37
2026/09/23 07:56:43 [emerg] 1#1: unknown log format "main" in /etc/nginx/nginx.conf:37
2026/09/23 07:56:43 [emerg] 1#1: unknown log format "main" in /etc/nginx/nginx.conf:37
2026/09/23 07:56:43 [emerg] 1#1: unknown log format "main" in /etc/nginx/nginx.conf:37
2026/09/23 07:56:43 [emerg] 1#1: unknown log format "main" in /etc/nginx/nginx.conf:37
2026/09/23 07:56:43 [emerg] 1#1: unknown log format "main" in /etc/nginx/nginx.conf:37
2026/09/23 07:56:43 [emerg] 1#1: unknown log format "main" in /etc/nginx/nginx.conf:37
2026/09/23 07:56:43 [emerg] 1#1: unknown log format "main" in /etc/nginx/nginx.conf:37
2026/09/23 07:56:43 [emerg] 1#1: unknown log format "main" in /etc/nginx/nginx.conf:37
2026/09/23 07:56:44 [emerg] 1#1: unknown log format "main" in /etc/nginx/nginx.conf:37
2026/09/23 07:56:44 [emerg] 1#1: unknown log format "main" in /etc/nginx/nginx.conf:37
2026/09/23 07:56:44 [emerg] 1#1: unknown log format "main" in /etc/nginx/nginx.conf:37
2026/09/23 07:56:44 [emerg] 1#1: unknown log format "main" in /etc/nginx/nginx.conf:37
2026/09/23 07:56:44 [emerg] 1#1: unknown log format "main" in /etc/nginx/nginx.conf:37
2026/09/23 07:56:44 [emerg] 1#1: unknown log format "main" in /etc/nginx/nginx.conf:37
2026/09/23 07:56:44 [emerg] 1#1: unknown log format "main" in /etc/nginx/nginx.conf:37
2026/09/23 07:56:45 [emerg] 1#1: unknown log format "main" in /etc/nginx/nginx.conf:37
2026/09/23 07:56:45 [emerg] 1#1: unknown log format "main" in /etc/nginx/nginx.conf:37
2026/09/23 07:56:45 [emerg] 1#1: unknown log format "main" in /etc/nginx/nginx.conf:37
2026/09/23 07:56:45 [emerg] 1#1: unknown log format "main" in /etc/nginx/nginx.conf:37
2026/09/23 07:56:45 [emerg] 1#1: unknown log format "main" in /etc/nginx/nginx.conf:37
2026/09/23 07:56:45 [emerg] 1#1: unknown log format "main" in /etc/nginx/nginx.conf:37
2026/09/23 07:56:45 [emerg] 1#1: unknown log format "main" in /etc/nginx/nginx.conf:37
2026/09/23 07:56:45 [emerg] 1#1: unknown log format "main" in /etc/nginx/nginx.conf:37
2026/09/23 07:56:46 [emerg] 1#1: unknown log format "main" in /etc/nginx/nginx.conf:37
2026/09/23 07:56:46 [emerg] 1#1: unknown log format "main" in /etc/nginx/nginx.conf:37
2026/09/23 07:56:46 [emerg] 1#1: unknown log format "main" in /etc/nginx/nginx.conf:37
2026/09/23 07:56:46 [emerg] 1#1: unknown log format "main" in /etc/nginx/nginx.conf:37
2026/09/23 07:56:46 [emerg] 1#1: unknown log format "main" in /etc/nginx/nginx.conf:37
2026/09/23 07:56:46 [emerg] 1#1: unknown log format "main" in /etc/nginx/nginx.conf:37
2026/09/23 07:56:46 [emerg] 1#1: unknown log format "main" in /etc/nginx/nginx.conf:37
2026/09/23 07:56:46 [emerg] 1#1: unknown log format "main" in /etc/nginx/nginx.conf:37
2026/09/23 07:56:47 [emerg] 1#1: unknown log format "main" in /etc/nginx/nginx.conf:37
2026/09/23 07:56:47 [emerg] 1#1: unknown log format "main" in /etc/nginx/nginx.conf:37
2026/09/23 07:56:47 [emerg] 1#1: unknown log format "main" in /etc/nginx/nginx.conf:37
2026/09/23 07:56:47 [emerg] 1#1: unknown log format "main" in /etc/nginx/nginx.conf:37
2026/09/23 07:56:47 [emerg] 1#1: unknown log format "main" in /etc/nginx/nginx.conf:37
2026/09/23 07:56:47 [emerg] 1#1: unknown log format "main" in /etc/nginx/nginx.conf:37
2026/09/23 07:56:47 [emerg] 1#1: unknown log format "main" in /etc/nginx/nginx.conf:37
2026/09/23 07:56:48 [emerg] 1#1: unknown log format "main" in /etc/nginx/nginx.conf:37
2026/09/23 07:56:48 [emerg] 1#1: unknown log format "main" in /etc/nginx/nginx.conf:37
2026/09/23 07:56:48 [emerg] 1#1: unknown log format "main" in /etc/nginx/nginx.conf:37
2026/09/23 07:56:48 [emerg] 1#1: unknown log format "main" in /etc/nginx/nginx.conf:37
2026/09/23 07:56:48 [emerg] 1#1: unknown log format "main" in /etc/nginx/nginx.conf:37
2026/09/23 07:56:48 [emerg] 1#1: unknown log format "main" in /etc/nginx/nginx.conf:37
2026/09/23 07:56:48 [emerg] 1#1: unknown log format "main" in /etc/nginx/nginx.conf:37
2026/09/23 07:56:48 [emerg] 1#1: unknown log format "main" in /etc/nginx/nginx.conf:37
2026/09/23 07:56:49 [emerg] 1#1: unknown log format "main" in /etc/nginx/nginx.conf:37
2026/09/23 07:56:49 [emerg] 1#1: unknown log format "main" in /etc/nginx/nginx.conf:37
2026/09/23 07:56:49 [emerg] 1#1: unknown log format "main" in /etc/nginx/nginx.conf:37
2026/09/23 07:56:49 [emerg] 1#1: unknown log format "main" in /etc/nginx/nginx.conf:37
2026/09/23 07:56:49 [emerg] 1#1: unknown log format "main" in /etc/nginx/nginx.conf:37
2026/09/23 07:56:49 [emerg] 1#1: unknown log format "main" in /etc/nginx/nginx.conf:37
2026/09/23 07:56:49 [emerg] 1#1: unknown log format "main" in /etc/nginx/nginx.conf:37
2026/09/23 07:56:49 [emerg] 1#1: unknown log format "main" in /etc/nginx/nginx.conf:37
2026/09/23 07:56:50 [emerg] 1#1: unknown log format "main" in /etc/nginx/nginx.conf:37
2026/09/23 07:56:50 [emerg] 1#1: unknown log format "main" in /etc/nginx/nginx.conf:37
2026/09/23 07:56:50 [emerg] 1#1: unknown log format "main" in /etc/nginx/nginx.conf:37
2026/09/23 07:56:50 [emerg] 1#1: unknown log format "main" in /etc/nginx/nginx.conf:37
2026/09/23 07:56:50 [emerg] 1#1: unknown log format "main" in /etc/nginx/nginx.conf:37
2026/09/23 07:56:50 [emerg] 1#1: unknown log format "main" in /etc/nginx/nginx.conf:37
2026/09/23 07:56:50 [emerg] 1#1: unknown log format "main" in /etc/nginx/nginx.conf:37
2026/09/23 07:56:50 [emerg] 1#1: unknown log format "main" in /etc/nginx/nginx.conf:37
2026/09/23 07:56:51 [emerg] 1#1: unknown log format "main" in /etc/nginx/nginx.conf:37
2026/09/23 07:56:51 [emerg] 1#1: unknown log format "main" in /etc/nginx/nginx.conf:37
2026/09/23 07:56:51 [emerg] 1#1: unknown log format "main" in /etc/nginx/nginx.conf:37
2026/09/23 07:56:51 [emerg] 1#1: unknown log format "main" in /etc/nginx/nginx.conf:37
2026/09/23 07:56:51 [emerg] 1#1: unknown log format "main" in /etc/nginx/nginx.conf:37
2026/09/23 07:56:51 [emerg] 1#1: unknown log format "main" in /etc/nginx/nginx.conf:37
2026/09/23 07:56:51 [emerg] 1#1: unknown log format "main" in /etc/nginx/nginx.conf:37
2026/09/23 07:56:51 [emerg] 1#1: unknown log format "main" in /etc/nginx/nginx.conf:37
2026/09/23 07:56:51 [emerg] 1#1: unknown log format "main" in /etc/nginx/nginx.conf:37
2026/09/23 07:56:52 [emerg] 1#1: unknown log format "main" in /etc/nginx/nginx.conf:37
2026/09/23 07:56:52 [emerg] 1#1: unknown log format "main" in /etc/nginx/nginx.conf:37
2026/09/23 07:56:52 [emerg] 1#1: unknown log format "main" in /etc/nginx/nginx.conf:37
2026/09/23 07:56:52 [emerg] 1#1: unknown log format "main" in /etc/nginx/nginx.conf:37
2026/09/23 07:56:52 [emerg] 1#1: unknown log format "main" in /etc/nginx/nginx.conf:37
2026/09/23 07:56:52 [emerg] 1#1: unknown log format "main" in /etc/nginx/nginx.conf:37
2026/09/23 07:56:52 [emerg] 1#1: unknown log format "main" in /etc/nginx/nginx.conf:37
2026/09/23 07:56:52 [emerg] 1#1: unknown log format "main" in /etc/nginx/nginx.conf:37
2026/09/23 07:56:53 [emerg] 1#1: unknown log format "main" in /etc/nginx/nginx.conf:37
2026/09/23 07:56:53 [emerg] 1#1: unknown log format "main" in /etc/nginx/nginx.conf:37
2026/09/23 07:56:53 [emerg] 1#1: unknown log format "main" in /etc/nginx/nginx.conf:37
2026/09/23 07:56:53 [emerg] 1#1: unknown log format "main" in /etc/nginx/nginx.conf:37
2026/09/23 07:56:53 [emerg] 1#1: unknown log format "main" in /etc/nginx/nginx.conf:37
2026/09/23 07:56:53 [emerg] 1#1: unknown log format "main" in /etc/nginx/nginx.conf:37
2026/09/23 07:56:53 [emerg] 1#1: unknown log format "main" in /etc/nginx/nginx.conf:37
2026/09/23 07:56:53 [emerg] 1#1: unknown log format "main" in /etc/nginx/nginx.conf:37
2026/09/23 07:56:53 [emerg] 1#1: unknown log format "main" in /etc/nginx/nginx.conf:37
2026/09/23 07:56:54 [emerg] 1#1: unknown log format "main" in /etc/nginx/nginx.conf:37
2026/09/23 07:56:54 [emerg] 1#1: unknown log format "main" in /etc/nginx/nginx.conf:37
2026/09/23 07:56:54 [emerg] 1#1: unknown log format "main" in /etc/nginx/nginx.conf:37
2026/09/23 07:56:54 [emerg] 1#1: unknown log format "main" in /etc/nginx/nginx.conf:37
2026/09/23 07:56:54 [emerg] 1#1: unknown log format "main" in /etc/nginx/nginx.conf:37
2026/09/23 07:56:54 [emerg] 1#1: unknown log format "main" in /etc/nginx/nginx.conf:37
2026/09/23 07:56:54 [emerg] 1#1: unknown log format "main" in /etc/nginx/nginx.conf:37
2026/09/23 07:56:54 [emerg] 1#1: unknown log format "main" in /etc/nginx/nginx.conf:37
2026/09/23 07:56:55 [emerg] 1#1: unknown log format "main" in /etc/nginx/nginx.conf:37
2026/09/23 07:56:55 [emerg] 1#1: unknown log format "main" in /etc/nginx/nginx.conf:37
2026/09/23 07:56:55 [emerg] 1#1: unknown log format "main" in /etc/nginx/nginx.conf:37
2026/09/23 07:56:55 [emerg] 1#1: unknown log format "main" in /etc/nginx/nginx.conf:37
2026/09/23 07:56:55 [emerg] 1#1: unknown log format "main" in /etc/nginx/nginx.conf:37
2026/09/23 07:56:55 [emerg] 1#1: unknown log format "main" in /etc/nginx/nginx.conf:37
2026/09/23 07:56:55 [emerg] 1#1: unknown log format "main" in /etc/nginx/nginx.conf:37
2026/09/23 07:56:55 [emerg] 1#1: unknown log format "main" in /etc/nginx/nginx.conf:37
2026/09/23 07:56:56 [emerg] 1#1: unknown log format "main" in /etc/nginx/nginx.conf:37
2026/09/23 07:56:56 [emerg] 1#1: unknown log format "main" in /etc/nginx/nginx.conf:37
2026/09/23 07:56:56 [emerg] 1#1: unknown log format "main" in /etc/nginx/nginx.conf:37
2026/09/23 07:56:56 [emerg] 1#1: unknown log format "main" in /etc/nginx/nginx.conf:37
2026/09/23 07:56:56 [emerg] 1#1: unknown log format "main" in /etc/nginx/nginx.conf:37
2026/09/23 07:56:56 [emerg] 1#1: unknown log format "main" in /etc/nginx/nginx.conf:37
2026/09/23 07:56:56 [emerg] 1#1: unknown log format "main" in /etc/nginx/nginx.conf:37
2026/09/23 07:56:56 [emerg] 1#1: unknown log format "main" in /etc/nginx/nginx.conf:37
2026/09/23 07:56:57 [emerg] 1#1: unknown log format "main" in /etc/nginx/nginx.conf:37
2026/09/23 07:56:57 [emerg] 1#1: unknown log format "main" in /etc/nginx/nginx.conf:37
2026/09/23 07:56:57 [emerg] 1#1: unknown log format "main" in /etc/nginx/nginx.conf:37
2026/09/23 07:56:57 [emerg] 1#1: unknown log format "main" in /etc/nginx/nginx.conf:37
2026/09/23 07:56:57 [emerg] 1#1: unknown log format "main" in /etc/nginx/nginx.conf:37
2026/09/23 07:56:57 [emerg] 1#1: unknown log format "main" in /etc/nginx/nginx.conf:37
2026/09/23 07:56:57 [emerg] 1#1: unknown log format "main" in /etc/nginx/nginx.conf:37
2026/09/23 07:56:58 [emerg] 1#1: unknown log format "main" in /etc/nginx/nginx.conf:37
2026/09/23 07:56:58 [emerg] 1#1: unknown log format "main" in /etc/nginx/nginx.conf:37
2026/09/23 07:56:58 [emerg] 1#1: unknown log format "main" in /etc/nginx/nginx.conf:37
2026/09/23 07:56:58 [emerg] 1#1: unknown log format "main" in /etc/nginx/nginx.conf:37
2026/09/23 07:56:58 [emerg] 1#1: unknown log format "main" in /etc/nginx/nginx.conf:37
2026/09/23 07:56:58 [emerg] 1#1: unknown log format "main" in /etc/nginx/nginx.conf:37
2026/09/23 07:56:58 [emerg] 1#1: unknown log format "main" in /etc/nginx/nginx.conf:37
2026/09/23 07:56:58 [emerg] 1#1: unknown log format "main" in /etc/nginx/nginx.conf:37
2026/09/23 07:56:59 [emerg] 1#1: unknown log format "main" in /etc/nginx/nginx.conf:37
2026/09/23 07:56:59 [emerg] 1#1: unknown log format "main" in /etc/nginx/nginx.conf:37
2026/09/23 07:56:59 [emerg] 1#1: unknown log format "main" in /etc/nginx/nginx.conf:37
2026/09/23 07:56:59 [emerg] 1#1: unknown log format "main" in /etc/nginx/nginx.conf:37
2026/09/23 07:56:59 [emerg] 1#1: unknown log format "main" in /etc/nginx/nginx.conf:37
2026/09/23 07:56:59 [emerg] 1#1: unknown log format "main" in /etc/nginx/nginx.conf:37
2026/09/23 07:56:59 [emerg] 1#1: unknown log format "main" in /etc/nginx/nginx.conf:37
2026/09/23 07:57:00 [emerg] 1#1: unknown log format "main" in /etc/nginx/nginx.conf:37
2026/09/23 07:57:00 [emerg] 1#1: unknown log format "main" in /etc/nginx/nginx.conf:37
2026/09/23 07:57:00 [emerg] 1#1: unknown log format "main" in /etc/nginx/nginx.conf:37
2026/09/23 07:57:00 [emerg] 1#1: unknown log format "main" in /etc/nginx/nginx.conf:37
2026/09/23 07:57:00 [emerg] 1#1: unknown log format "main" in /etc/nginx/nginx.conf:37
2026/09/23 07:57:00 [emerg] 1#1: unknown log format "main" in /etc/nginx/nginx.conf:37
2026/09/23 07:57:00 [emerg] 1#1: unknown log format "main" in /etc/nginx/nginx.conf:37
2026/09/23 07:57:00 [emerg] 1#1: unknown log format "main" in /etc/nginx/nginx.conf:37
2026/09/23 07:57:00 [emerg] 1#1: unknown log format "main" in /etc/nginx/nginx.conf:37
2026/09/23 07:57:01 [emerg] 1#1: unknown log format "main" in /etc/nginx/nginx.conf:37
2026/09/23 07:57:01 [emerg] 1#1: unknown log format "main" in /etc/nginx/nginx.conf:37
2026/09/23 07:57:01 [emerg] 1#1: unknown log format "main" in /etc/nginx/nginx.conf:37
2026/09/23 07:57:01 [emerg] 1#1: unknown log format "main" in /etc/nginx/nginx.conf:37
2026/09/23 07:57:01 [emerg] 1#1: unknown log format "main" in /etc/nginx/nginx.conf:37
2026/09/23 07:57:01 [emerg] 1#1: unknown log format "main" in /etc/nginx/nginx.conf:37
2026/09/23 07:57:01 [emerg] 1#1: unknown log format "main" in /etc/nginx/nginx.conf:37
2026/09/23 07:57:01 [emerg] 1#1: unknown log format "main" in /etc/nginx/nginx.conf:37
2026/09/23 07:57:02 [emerg] 1#1: unknown log format "main" in /etc/nginx/nginx.conf:37
2026/09/23 07:57:02 [emerg] 1#1: unknown log format "main" in /etc/nginx/nginx.conf:37
2026/09/23 07:57:02 [emerg] 1#1: unknown log format "main" in /etc/nginx/nginx.conf:37
2026/09/23 07:57:02 [emerg] 1#1: unknown log format "main" in /etc/nginx/nginx.conf:37
2026/09/23 07:57:02 [emerg] 1#1: unknown log format "main" in /etc/nginx/nginx.conf:37
2026/09/23 07:57:02 [emerg] 1#1: unknown log format "main" in /etc/nginx/nginx.conf:37
2026/09/23 07:57:02 [emerg] 1#1: unknown log format "main" in /etc/nginx/nginx.conf:37
2026/09/23 07:57:03 [emerg] 1#1: unknown log format "main" in /etc/nginx/nginx.conf:37
2026/09/23 07:57:03 [emerg] 1#1: unknown log format "main" in /etc/nginx/nginx.conf:37
2026/09/23 07:57:03 [emerg] 1#1: unknown log format "main" in /etc/nginx/nginx.conf:37
2026/09/23 07:57:03 [emerg] 1#1: unknown log format "main" in /etc/nginx/nginx.conf:37
2026/09/23 07:57:03 [emerg] 1#1: unknown log format "main" in /etc/nginx/nginx.conf:37
2026/09/23 07:57:03 [emerg] 1#1: unknown log format "main" in /etc/nginx/nginx.conf:37
2026/09/23 07:57:03 [emerg] 1#1: unknown log format "main" in /etc/nginx/nginx.conf:37
2026/09/23 07:57:03 [emerg] 1#1: unknown log format "main" in /etc/nginx/nginx.conf:37
2026/09/23 07:57:03 [emerg] 1#1: unknown log format "main" in /etc/nginx/nginx.conf:37
2026/09/23 07:57:04 [emerg] 1#1: unknown log format "main" in /etc/nginx/nginx.conf:37
2026/09/23 07:57:04 [emerg] 1#1: unknown log format "main" in /etc/nginx/nginx.conf:37
2026/09/23 07:57:04 [emerg] 1#1: unknown log format "main" in /etc/nginx/nginx.conf:37
2026/09/23 07:57:04 [emerg] 1#1: unknown log format "main" in /etc/nginx/nginx.conf:37
2026/09/23 07:57:04 [emerg] 1#1: unknown log format "main" in /etc/nginx/nginx.conf:37
2026/09/23 07:57:04 [emerg] 1#1: unknown log format "main" in /etc/nginx/nginx.conf:37
2026/09/23 07:57:04 [emerg] 1#1: unknown log format "main" in /etc/nginx/nginx.conf:37
2026/09/23 07:57:04 [emerg] 1#1: unknown log format "main" in /etc/nginx/nginx.conf:37
2026/09/23 07:57:04 [emerg] 1#1: unknown log format "main" in /etc/nginx/nginx.conf:37
2026/09/23 07:57:05 [emerg] 1#1: unknown log format "main" in /etc/nginx/nginx.conf:37
2026/09/23 07:57:05 [emerg] 1#1: unknown log format "main" in /etc/nginx/nginx.conf:37
2026/09/23 07:57:05 [emerg] 1#1: unknown log format "main" in /etc/nginx/nginx.conf:37
2026/09/23 07:57:05 [emerg] 1#1: unknown log format "main" in /etc/nginx/nginx.conf:37
2026/09/23 07:57:05 [emerg] 1#1: unknown log format "main" in /etc/nginx/nginx.conf:37
2026/09/23 07:57:05 [emerg] 1#1: unknown log format "main" in /etc/nginx/nginx.conf:37
2026/09/23 07:57:05 [emerg] 1#1: unknown log format "main" in /etc/nginx/nginx.conf:37
2026/09/23 07:57:05 [emerg] 1#1: unknown log format "main" in /etc/nginx/nginx.conf:37
2026/09/23 07:57:05 [emerg] 1#1: unknown log format "main" in /etc/nginx/nginx.conf:37
2026/09/23 07:57:06 [emerg] 1#1: unknown log format "main" in /etc/nginx/nginx.conf:37
2026/09/23 07:57:06 [emerg] 1#1: unknown log format "main" in /etc/nginx/nginx.conf:37
2026/09/23 07:57:06 [emerg] 1#1: unknown log format "main" in /etc/nginx/nginx.conf:37
2026/09/23 07:57:06 [emerg] 1#1: unknown log format "main" in /etc/nginx/nginx.conf:37
2026/09/23 07:57:06 [emerg] 1#1: unknown log format "main" in /etc/nginx/nginx.conf:37
2026/09/23 07:57:06 [emerg] 1#1: unknown log format "main" in /etc/nginx/nginx.conf:37
2026/09/23 07:57:06 [emerg] 1#1: unknown log format "main" in /etc/nginx/nginx.conf:37
2026/09/23 07:57:06 [emerg] 1#1: unknown log format "main" in /etc/nginx/nginx.conf:37
2026/09/23 07:57:07 [emerg] 1#1: unknown log format "main" in /etc/nginx/nginx.conf:37
2026/09/23 07:57:07 [emerg] 1#1: unknown log format "main" in /etc/nginx/nginx.conf:37
2026/09/23 07:57:07 [emerg] 1#1: unknown log format "main" in /etc/nginx/nginx.conf:37
2026/09/23 07:57:07 [emerg] 1#1: unknown log format "main" in /etc/nginx/nginx.conf:37
2026/09/23 07:57:07 [emerg] 1#1: unknown log format "main" in /etc/nginx/nginx.conf:37
2026/09/23 07:57:07 [emerg] 1#1: unknown log format "main" in /etc/nginx/nginx.conf:37
2026/09/23 07:57:07 [emerg] 1#1: unknown log format "main" in /etc/nginx/nginx.conf:37
2026/09/23 07:57:07 [emerg] 1#1: unknown log format "main" in /etc/nginx/nginx.conf:37
2026/09/23 07:57:08 [emerg] 1#1: unknown log format "main" in /etc/nginx/nginx.conf:37
2026/09/23 07:57:08 [emerg] 1#1: unknown log format "main" in /etc/nginx/nginx.conf:37
2026/09/23 07:57:08 [emerg] 1#1: unknown log format "main" in /etc/nginx/nginx.conf:37
2026/09/23 07:57:08 [emerg] 1#1: unknown log format "main" in /etc/nginx/nginx.conf:37
2026/09/23 07:57:08 [emerg] 1#1: unknown log format "main" in /etc/nginx/nginx.conf:37
2026/09/23 07:57:08 [emerg] 1#1: unknown log format "main" in /etc/nginx/nginx.conf:37
2026/09/23 07:57:08 [emerg] 1#1: unknown log format "main" in /etc/nginx/nginx.conf:37
2026/09/23 07:57:08 [emerg] 1#1: unknown log format "main" in /etc/nginx/nginx.conf:37
2026/09/23 07:57:08 [emerg] 1#1: unknown log format "main" in /etc/nginx/nginx.conf:37
2026/09/23 07:57:09 [emerg] 1#1: unknown log format "main" in /etc/nginx/nginx.conf:37
2026/09/23 07:57:09 [emerg] 1#1: unknown log format "main" in /etc/nginx/nginx.conf:37
2026/09/23 07:57:09 [emerg] 1#1: unknown log format "main" in /etc/nginx/nginx.conf:37
2026/09/23 07:57:09 [emerg] 1#1: unknown log format "main" in /etc/nginx/nginx.conf:37
2026/09/23 07:57:09 [emerg] 1#1: unknown log format "main" in /etc/nginx/nginx.conf:37
2026/09/23 07:57:09 [emerg] 1#1: unknown log format "main" in /etc/nginx/nginx.conf:37
2026/09/23 07:57:09 [emerg] 1#1: unknown log format "main" in /etc/nginx/nginx.conf:37
2026/09/23 07:57:09 [emerg] 1#1: unknown log format "main" in /etc/nginx/nginx.conf:37
2026/09/23 07:57:10 [emerg] 1#1: unknown log format "main" in /etc/nginx/nginx.conf:37
2026/09/23 07:57:10 [emerg] 1#1: unknown log format "main" in /etc/nginx/nginx.conf:37
2026/09/23 07:57:10 [emerg] 1#1: unknown log format "main" in /etc/nginx/nginx.conf:37
2026/09/23 07:57:10 [emerg] 1#1: unknown log format "main" in /etc/nginx/nginx.conf:37
2026/09/23 07:57:10 [emerg] 1#1: unknown log format "main" in /etc/nginx/nginx.conf:37
2026/09/23 07:57:10 [emerg] 1#1: unknown log format "main" in /etc/nginx/nginx.conf:37
2026/09/23 07:57:10 [emerg] 1#1: unknown log format "main" in /etc/nginx/nginx.conf:37
2026/09/23 07:57:10 [emerg] 1#1: unknown log format "main" in /etc/nginx/nginx.conf:37
2026/09/23 07:57:11 [emerg] 1#1: unknown log format "main" in /etc/nginx/nginx.conf:37
2026/09/23 07:57:11 [emerg] 1#1: unknown log format "main" in /etc/nginx/nginx.conf:37
2026/09/23 07:57:11 [emerg] 1#1: unknown log format "main" in /etc/nginx/nginx.conf:37
2026/09/23 07:57:11 [emerg] 1#1: unknown log format "main" in /etc/nginx/nginx.conf:37
2026/09/23 07:57:11 [emerg] 1#1: unknown log format "main" in /etc/nginx/nginx.conf:37
2026/09/23 07:57:11 [emerg] 1#1: unknown log format "main" in /etc/nginx/nginx.conf:37
2026/09/23 07:57:11 [emerg] 1#1: unknown log format "main" in /etc/nginx/nginx.conf:37
2026/09/23 07:57:11 [emerg] 1#1: unknown log format "main" in /etc/nginx/nginx.conf:37
2026/09/23 07:57:12 [emerg] 1#1: unknown log format "main" in /etc/nginx/nginx.conf:37
2026/09/23 07:57:12 [emerg] 1#1: unknown log format "main" in /etc/nginx/nginx.conf:37
2026/09/23 07:57:12 [emerg] 1#1: unknown log format "main" in /etc/nginx/nginx.conf:37
2026/09/23 07:57:12 [emerg] 1#1: unknown log format "main" in /etc/nginx/nginx.conf:37
2026/09/23 07:57:12 [emerg] 1#1: unknown log format "main" in /etc/nginx/nginx.conf:37
2026/09/23 07:57:12 [emerg] 1#1: unknown log format "main" in /etc/nginx/nginx.conf:37
2026/09/23 07:57:12 [emerg] 1#1: unknown log format "main" in /etc/nginx/nginx.conf:37
2026/09/23 07:57:12 [emerg] 1#1: unknown log format "main" in /etc/nginx/nginx.conf:37
2026/09/23 07:57:12 [emerg] 1#1: unknown log format "main" in /etc/nginx/nginx.conf:37
2026/09/23 07:57:13 [emerg] 1#1: unknown log format "main" in /etc/nginx/nginx.conf:37
2026/09/23 07:57:13 [emerg] 1#1: unknown log format "main" in /etc/nginx/nginx.conf:37
2026/09/23 07:57:13 [emerg] 1#1: unknown log format "main" in /etc/nginx/nginx.conf:37
2026/09/23 07:57:13 [emerg] 1#1: unknown log format "main" in /etc/nginx/nginx.conf:37
2026/09/23 07:57:13 [emerg] 1#1: unknown log format "main" in /etc/nginx/nginx.conf:37
2026/09/23 07:57:13 [emerg] 1#1: unknown log format "main" in /etc/nginx/nginx.conf:37
2026/09/23 07:57:13 [emerg] 1#1: unknown log format "main" in /etc/nginx/nginx.conf:37
2026/09/23 07:57:13 [emerg] 1#1: unknown log format "main" in /etc/nginx/nginx.conf:37
2026/09/23 07:57:14 [emerg] 1#1: unknown log format "main" in /etc/nginx/nginx.conf:37
2026/09/23 07:57:14 [emerg] 1#1: unknown log format "main" in /etc/nginx/nginx.conf:37
2026/09/23 07:57:14 [emerg] 1#1: unknown log format "main" in /etc/nginx/nginx.conf:37
2026/09/23 07:57:14 [emerg] 1#1: unknown log format "main" in /etc/nginx/nginx.conf:37
2026/09/23 07:57:14 [emerg] 1#1: unknown log format "main" in /etc/nginx/nginx.conf:37
2026/09/23 07:57:14 [emerg] 1#1: unknown log format "main" in /etc/nginx/nginx.conf:37
2026/09/23 07:57:14 [emerg] 1#1: unknown log format "main" in /etc/nginx/nginx.conf:37
2026/09/23 07:57:14 [emerg] 1#1: unknown log format "main" in /etc/nginx/nginx.conf:37
2026/09/23 07:57:14 [emerg] 1#1: unknown log format "main" in /etc/nginx/nginx.conf:37
2026/09/23 07:57:15 [emerg] 1#1: unknown log format "main" in /etc/nginx/nginx.conf:37
2026/09/23 07:57:15 [emerg] 1#1: unknown log format "main" in /etc/nginx/nginx.conf:37
2026/09/23 07:57:15 [emerg] 1#1: unknown log format "main" in /etc/nginx/nginx.conf:37
2026/09/23 07:57:15 [emerg] 1#1: unknown log format "main" in /etc/nginx/nginx.conf:37
2026/09/23 07:57:15 [emerg] 1#1: unknown log format "main" in /etc/nginx/nginx.conf:37
2026/09/23 07:57:15 [emerg] 1#1: unknown log format "main" in /etc/nginx/nginx.conf:37
2026/09/23 07:57:15 [emerg] 1#1: unknown log format "main" in /etc/nginx/nginx.conf:37
2026/09/23 07:57:15 [emerg] 1#1: unknown log format "main" in /etc/nginx/nginx.conf:37
2026/09/23 07:57:16 [emerg] 1#1: unknown log format "main" in /etc/nginx/nginx.conf:37
2026/09/23 07:57:16 [emerg] 1#1: unknown log format "main" in /etc/nginx/nginx.conf:37
2026/09/23 07:57:16 [emerg] 1#1: unknown log format "main" in /etc/nginx/nginx.conf:37
2026/09/23 07:57:16 [emerg] 1#1: unknown log format "main" in /etc/nginx/nginx.conf:37
2026/09/23 07:57:16 [emerg] 1#1: unknown log format "main" in /etc/nginx/nginx.conf:37
2026/09/23 07:57:16 [emerg] 1#1: unknown log format "main" in /etc/nginx/nginx.conf:37
2026/09/23 07:57:16 [emerg] 1#1: unknown log format "main" in /etc/nginx/nginx.conf:37
2026/09/23 07:57:16 [emerg] 1#1: unknown log format "main" in /etc/nginx/nginx.conf:37
2026/09/23 07:57:17 [emerg] 1#1: unknown log format "main" in /etc/nginx/nginx.conf:37
2026/09/23 07:57:17 [emerg] 1#1: unknown log format "main" in /etc/nginx/nginx.conf:37
2026/09/23 07:57:17 [emerg] 1#1: unknown log format "main" in /etc/nginx/nginx.conf:37
2026/09/23 07:57:17 [emerg] 1#1: unknown log format "main" in /etc/nginx/nginx.conf:37
2026/09/23 07:57:17 [emerg] 1#1: unknown log format "main" in /etc/nginx/nginx.conf:37
2026/09/23 07:57:17 [emerg] 1#1: unknown log format "main" in /etc/nginx/nginx.conf:37
2026/09/23 07:57:17 [emerg] 1#1: unknown log format "main" in /etc/nginx/nginx.conf:37
2026/09/23 07:57:17 [emerg] 1#1: unknown log format "main" in /etc/nginx/nginx.conf:37
2026/09/23 07:57:18 [emerg] 1#1: unknown log format "main" in /etc/nginx/nginx.conf:37
2026/09/23 07:57:18 [emerg] 1#1: unknown log format "main" in /etc/nginx/nginx.conf:37
2026/09/23 07:57:18 [emerg] 1#1: unknown log format "main" in /etc/nginx/nginx.conf:37
2026/09/23 07:57:18 [emerg] 1#1: unknown log format "main" in /etc/nginx/nginx.conf:37
2026/09/23 07:57:18 [emerg] 1#1: unknown log format "main" in /etc/nginx/nginx.conf:37
2026/09/23 07:57:18 [emerg] 1#1: unknown log format "main" in /etc/nginx/nginx.conf:37
2026/09/23 07:57:18 [emerg] 1#1: unknown log format "main" in /etc/nginx/nginx.conf:37
2026/09/23 07:57:18 [emerg] 1#1: unknown log format "main" in /etc/nginx/nginx.conf:37
2026/09/23 07:57:18 [emerg] 1#1: unknown log format "main" in /etc/nginx/nginx.conf:37
2026/09/23 07:57:19 [emerg] 1#1: unknown log format "main" in /etc/nginx/nginx.conf:37
2026/09/23 07:57:19 [emerg] 1#1: unknown log format "main" in /etc/nginx/nginx.conf:37
2026/09/23 07:57:19 [emerg] 1#1: unknown log format "main" in /etc/nginx/nginx.conf:37
2026/09/23 07:57:19 [emerg] 1#1: unknown log format "main" in /etc/nginx/nginx.conf:37
2026/09/23 07:57:19 [emerg] 1#1: unknown log format "main" in /etc/nginx/nginx.conf:37
2026/09/23 07:57:19 [emerg] 1#1: unknown log format "main" in /etc/nginx/nginx.conf:37
2026/09/23 07:57:19 [emerg] 1#1: unknown log format "main" in /etc/nginx/nginx.conf:37
2026/09/23 07:57:19 [emerg] 1#1: unknown log format "main" in /etc/nginx/nginx.conf:37
2026/09/23 07:57:20 [emerg] 1#1: unknown log format "main" in /etc/nginx/nginx.conf:37
2026/09/23 07:57:20 [emerg] 1#1: unknown log format "main" in /etc/nginx/nginx.conf:37
2026/09/23 07:57:20 [emerg] 1#1: unknown log format "main" in /etc/nginx/nginx.conf:37
2026/09/23 07:57:20 [emerg] 1#1: unknown log format "main" in /etc/nginx/nginx.conf:37
2026/09/23 07:57:20 [emerg] 1#1: unknown log format "main" in /etc/nginx/nginx.conf:37
2026/09/23 07:57:20 [emerg] 1#1: unknown log format "main" in /etc/nginx/nginx.conf:37
2026/09/23 07:57:20 [emerg] 1#1: unknown log format "main" in /etc/nginx/nginx.conf:37
2026/09/23 07:57:20 [emerg] 1#1: unknown log format "main" in /etc/nginx/nginx.conf:37
2026/09/23 07:57:21 [emerg] 1#1: unknown log format "main" in /etc/nginx/nginx.conf:37
2026/09/23 07:57:21 [emerg] 1#1: unknown log format "main" in /etc/nginx/nginx.conf:37
2026/09/23 07:57:21 [emerg] 1#1: unknown log format "main" in /etc/nginx/nginx.conf:37
2026/09/23 07:57:21 [emerg] 1#1: unknown log format "main" in /etc/nginx/nginx.conf:37
2026/09/23 07:57:21 [emerg] 1#1: unknown log format "main" in /etc/nginx/nginx.conf:37
2026/09/23 07:57:21 [emerg] 1#1: unknown log format "main" in /etc/nginx/nginx.conf:37
2026/09/23 07:57:21 [emerg] 1#1: unknown log format "main" in /etc/nginx/nginx.conf:37
2026/09/23 07:57:21 [emerg] 1#1: unknown log format "main" in /etc/nginx/nginx.conf:37
2026/09/23 07:57:22 [emerg] 1#1: unknown log format "main" in /etc/nginx/nginx.conf:37
2026/09/23 07:57:22 [emerg] 1#1: unknown log format "main" in /etc/nginx/nginx.conf:37
2026/09/23 07:57:22 [emerg] 1#1: unknown log format "main" in /etc/nginx/nginx.conf:37
2026/09/23 07:57:22 [emerg] 1#1: unknown log format "main" in /etc/nginx/nginx.conf:37
2026/09/23 07:57:22 [emerg] 1#1: unknown log format "main" in /etc/nginx/nginx.conf:37
2026/09/23 07:57:22 [emerg] 1#1: unknown log format "main" in /etc/nginx/nginx.conf:37
2026/09/23 07:57:22 [emerg] 1#1: unknown log format "main" in /etc/nginx/nginx.conf:37
2026/09/23 07:57:22 [emerg] 1#1: unknown log format "main" in /etc/nginx/nginx.conf:37
2026/09/23 07:57:23 [emerg] 1#1: unknown log format "main" in /etc/nginx/nginx.conf:37
2026/09/23 07:57:23 [emerg] 1#1: unknown log format "main" in /etc/nginx/nginx.conf:37
2026/09/23 07:57:23 [emerg] 1#1: unknown log format "main" in /etc/nginx/nginx.conf:37
2026/09/23 07:57:23 [emerg] 1#1: unknown log format "main" in /etc/nginx/nginx.conf:37
2026/09/23 07:57:23 [emerg] 1#1: unknown log format "main" in /etc/nginx/nginx.conf:37
2026/09/23 07:57:23 [emerg] 1#1: unknown log format "main" in /etc/nginx/nginx.conf:37
2026/09/23 07:57:23 [emerg] 1#1: unknown log format "main" in /etc/nginx/nginx.conf:37
2026/09/23 07:57:23 [emerg] 1#1: unknown log format "main" in /etc/nginx/nginx.conf:37
2026/09/23 07:57:23 [emerg] 1#1: unknown log format "main" in /etc/nginx/nginx.conf:37
2026/09/23 07:57:24 [emerg] 1#1: unknown log format "main" in /etc/nginx/nginx.conf:37
2026/09/23 07:57:24 [emerg] 1#1: unknown log format "main" in /etc/nginx/nginx.conf:37
2026/09/23 07:57:24 [emerg] 1#1: unknown log format "main" in /etc/nginx/nginx.conf:37
2026/09/23 07:57:24 [emerg] 1#1: unknown log format "main" in /etc/nginx/nginx.conf:37
2026/09/23 07:57:24 [emerg] 1#1: unknown log format "main" in /etc/nginx/nginx.conf:37
2026/09/23 07:57:24 [emerg] 1#1: unknown log format "main" in /etc/nginx/nginx.conf:37
2026/09/23 07:57:24 [emerg] 1#1: unknown log format "main" in /etc/nginx/nginx.conf:37
2026/09/23 07:57:24 [emerg] 1#1: unknown log format "main" in /etc/nginx/nginx.conf:37
2026/09/23 07:57:25 [emerg] 1#1: unknown log format "main" in /etc/nginx/nginx.conf:37
2026/09/23 07:57:25 [emerg] 1#1: unknown log format "main" in /etc/nginx/nginx.conf:37
2026/09/23 07:57:25 [emerg] 1#1: unknown log format "main" in /etc/nginx/nginx.conf:37
2026/09/23 07:57:25 [emerg] 1#1: unknown log format "main" in /etc/nginx/nginx.conf:37
2026/09/23 07:57:25 [emerg] 1#1: unknown log format "main" in /etc/nginx/nginx.conf:37
2026/09/23 07:57:25 [emerg] 1#1: unknown log format "main" in /etc/nginx/nginx.conf:37
2026/09/23 07:57:25 [emerg] 1#1: unknown log format "main" in /etc/nginx/nginx.conf:37
2026/09/23 07:57:25 [emerg] 1#1: unknown log format "main" in /etc/nginx/nginx.conf:37
2026/09/23 07:57:26 [emerg] 1#1: unknown log format "main" in /etc/nginx/nginx.conf:37
2026/09/23 07:57:26 [emerg] 1#1: unknown log format "main" in /etc/nginx/nginx.conf:37
2026/09/23 07:57:26 [emerg] 1#1: unknown log format "main" in /etc/nginx/nginx.conf:37
2026/09/23 07:57:26 [emerg] 1#1: unknown log format "main" in /etc/nginx/nginx.conf:37
2026/09/23 07:57:26 [emerg] 1#1: unknown log format "main" in /etc/nginx/nginx.conf:37
2026/09/23 07:57:26 [emerg] 1#1: unknown log format "main" in /etc/nginx/nginx.conf:37
2026/09/23 07:57:26 [emerg] 1#1: unknown log format "main" in /etc/nginx/nginx.conf:37
2026/09/23 07:57:26 [emerg] 1#1: unknown log format "main" in /etc/nginx/nginx.conf:37
2026/09/23 07:57:26 [emerg] 1#1: unknown log format "main" in /etc/nginx/nginx.conf:37
2026/09/23 07:57:27 [emerg] 1#1: unknown log format "main" in /etc/nginx/nginx.conf:37
2026/09/23 07:57:27 [emerg] 1#1: unknown log format "main" in /etc/nginx/nginx.conf:37
2026/09/23 07:57:27 [emerg] 1#1: unknown log format "main" in /etc/nginx/nginx.conf:37
2026/09/23 07:57:27 [emerg] 1#1: unknown log format "main" in /etc/nginx/nginx.conf:37
2026/09/23 07:57:27 [emerg] 1#1: unknown log format "main" in /etc/nginx/nginx.conf:37
2026/09/23 07:57:27 [emerg] 1#1: unknown log format "main" in /etc/nginx/nginx.conf:37
2026/09/23 07:57:27 [emerg] 1#1: unknown log format "main" in /etc/nginx/nginx.conf:37
2026/09/23 07:57:27 [emerg] 1#1: unknown log format "main" in /etc/nginx/nginx.conf:37
2026/09/23 07:57:28 [emerg] 1#1: unknown log format "main" in /etc/nginx/nginx.conf:37
2026/09/23 07:57:28 [emerg] 1#1: unknown log format "main" in /etc/nginx/nginx.conf:37
2026/09/23 07:57:28 [emerg] 1#1: unknown log format "main" in /etc/nginx/nginx.conf:37
2026/09/23 07:57:28 [emerg] 1#1: unknown log format "main" in /etc/nginx/nginx.conf:37
2026/09/23 07:57:28 [emerg] 1#1: unknown log format "main" in /etc/nginx/nginx.conf:37
2026/09/23 07:57:28 [emerg] 1#1: unknown log format "main" in /etc/nginx/nginx.conf:37
2026/09/23 07:57:28 [emerg] 1#1: unknown log format "main" in /etc/nginx/nginx.conf:37
2026/09/23 07:57:28 [emerg] 1#1: unknown log format "main" in /etc/nginx/nginx.conf:37
2026/09/23 07:57:28 [emerg] 1#1: unknown log format "main" in /etc/nginx/nginx.conf:37
2026/09/23 07:57:29 [emerg] 1#1: unknown log format "main" in /etc/nginx/nginx.conf:37
2026/09/23 07:57:29 [emerg] 1#1: unknown log format "main" in /etc/nginx/nginx.conf:37
2026/09/23 07:57:29 [emerg] 1#1: unknown log format "main" in /etc/nginx/nginx.conf:37
2026/09/23 07:57:29 [emerg] 1#1: unknown log format "main" in /etc/nginx/nginx.conf:37
2026/09/23 07:57:29 [emerg] 1#1: unknown log format "main" in /etc/nginx/nginx.conf:37
2026/09/23 07:57:29 [emerg] 1#1: unknown log format "main" in /etc/nginx/nginx.conf:37
2026/09/23 07:57:29 [emerg] 1#1: unknown log format "main" in /etc/nginx/nginx.conf:37
2026/09/23 07:57:30 [emerg] 1#1: unknown log format "main" in /etc/nginx/nginx.conf:37
2026/09/23 07:57:30 [emerg] 1#1: unknown log format "main" in /etc/nginx/nginx.conf:37
2026/09/23 07:57:30 [emerg] 1#1: unknown log format "main" in /etc/nginx/nginx.conf:37
2026/09/23 07:57:30 [emerg] 1#1: unknown log format "main" in /etc/nginx/nginx.conf:37
2026/09/23 07:57:30 [emerg] 1#1: unknown log format "main" in /etc/nginx/nginx.conf:37
2026/09/23 07:57:30 [emerg] 1#1: unknown log format "main" in /etc/nginx/nginx.conf:37
2026/09/23 07:57:30 [emerg] 1#1: unknown log format "main" in /etc/nginx/nginx.conf:37
2026/09/23 07:57:30 [emerg] 1#1: unknown log format "main" in /etc/nginx/nginx.conf:37
2026/09/23 07:57:31 [emerg] 1#1: unknown log format "main" in /etc/nginx/nginx.conf:37
2026/09/23 07:57:31 [emerg] 1#1: unknown log format "main" in /etc/nginx/nginx.conf:37
2026/09/23 07:57:31 [emerg] 1#1: unknown log format "main" in /etc/nginx/nginx.conf:37
2026/09/23 07:57:31 [emerg] 1#1: unknown log format "main" in /etc/nginx/nginx.conf:37
2026/09/23 07:57:31 [emerg] 1#1: unknown log format "main" in /etc/nginx/nginx.conf:37
2026/09/23 07:57:31 [emerg] 1#1: unknown log format "main" in /etc/nginx/nginx.conf:37
2026/09/23 07:57:31 [emerg] 1#1: unknown log format "main" in /etc/nginx/nginx.conf:37
2026/09/23 07:57:31 [emerg] 1#1: unknown log format "main" in /etc/nginx/nginx.conf:37
2026/09/23 07:57:32 [emerg] 1#1: unknown log format "main" in /etc/nginx/nginx.conf:37
2026/09/23 07:57:32 [emerg] 1#1: unknown log format "main" in /etc/nginx/nginx.conf:37
2026/09/23 07:57:32 [emerg] 1#1: unknown log format "main" in /etc/nginx/nginx.conf:37
2026/09/23 07:57:32 [emerg] 1#1: unknown log format "main" in /etc/nginx/nginx.conf:37
2026/09/23 07:57:32 [emerg] 1#1: unknown log format "main" in /etc/nginx/nginx.conf:37
2026/09/23 07:57:32 [emerg] 1#1: unknown log format "main" in /etc/nginx/nginx.conf:37
2026/09/23 07:57:32 [emerg] 1#1: unknown log format "main" in /etc/nginx/nginx.conf:37
2026/09/23 07:57:32 [emerg] 1#1: unknown log format "main" in /etc/nginx/nginx.conf:37
2026/09/23 07:57:33 [emerg] 1#1: unknown log format "main" in /etc/nginx/nginx.conf:37
2026/09/23 07:57:33 [emerg] 1#1: unknown log format "main" in /etc/nginx/nginx.conf:37
2026/09/23 07:57:33 [emerg] 1#1: unknown log format "main" in /etc/nginx/nginx.conf:37
2026/09/23 07:57:33 [emerg] 1#1: unknown log format "main" in /etc/nginx/nginx.conf:37
2026/09/23 07:57:33 [emerg] 1#1: unknown log format "main" in /etc/nginx/nginx.conf:37
2026/09/23 07:57:33 [emerg] 1#1: unknown log format "main" in /etc/nginx/nginx.conf:37
2026/09/23 07:57:33 [emerg] 1#1: unknown log format "main" in /etc/nginx/nginx.conf:37
2026/09/23 07:57:33 [emerg] 1#1: unknown log format "main" in /etc/nginx/nginx.conf:37
2026/09/23 07:57:34 [emerg] 1#1: unknown log format "main" in /etc/nginx/nginx.conf:37
2026/09/23 07:57:34 [emerg] 1#1: unknown log format "main" in /etc/nginx/nginx.conf:37
2026/09/23 07:57:34 [emerg] 1#1: unknown log format "main" in /etc/nginx/nginx.conf:37
2026/09/23 07:57:34 [emerg] 1#1: unknown log format "main" in /etc/nginx/nginx.conf:37
2026/09/23 07:57:34 [emerg] 1#1: unknown log format "main" in /etc/nginx/nginx.conf:37
2026/09/23 07:57:34 [emerg] 1#1: unknown log format "main" in /etc/nginx/nginx.conf:37
2026/09/23 07:57:34 [emerg] 1#1: unknown log format "main" in /etc/nginx/nginx.conf:37
2026/09/23 07:57:34 [emerg] 1#1: unknown log format "main" in /etc/nginx/nginx.conf:37
2026/09/23 07:57:35 [emerg] 1#1: unknown log format "main" in /etc/nginx/nginx.conf:37
2026/09/23 07:57:35 [emerg] 1#1: unknown log format "main" in /etc/nginx/nginx.conf:37
2026/09/23 07:57:35 [emerg] 1#1: unknown log format "main" in /etc/nginx/nginx.conf:37
2026/09/23 07:57:35 [emerg] 1#1: unknown log format "main" in /etc/nginx/nginx.conf:37
2026/09/23 07:57:35 [emerg] 1#1: unknown log format "main" in /etc/nginx/nginx.conf:37
2026/09/23 07:57:35 [emerg] 1#1: unknown log format "main" in /etc/nginx/nginx.conf:37
2026/09/23 07:57:35 [emerg] 1#1: unknown log format "main" in /etc/nginx/nginx.conf:37
2026/09/23 07:57:35 [emerg] 1#1: unknown log format "main" in /etc/nginx/nginx.conf:37
2026/09/23 07:57:36 [emerg] 1#1: unknown log format "main" in /etc/nginx/nginx.conf:37
2026/09/23 07:57:36 [emerg] 1#1: unknown log format "main" in /etc/nginx/nginx.conf:37
2026/09/23 07:57:36 [emerg] 1#1: unknown log format "main" in /etc/nginx/nginx.conf:37
2026/09/23 07:57:36 [emerg] 1#1: unknown log format "main" in /etc/nginx/nginx.conf:37
2026/09/23 07:57:36 [emerg] 1#1: unknown log format "main" in /etc/nginx/nginx.conf:37
2026/09/23 07:57:36 [emerg] 1#1: unknown log format "main" in /etc/nginx/nginx.conf:37
2026/09/23 07:57:36 [emerg] 1#1: unknown log format "main" in /etc/nginx/nginx.conf:37
2026/09/23 07:57:37 [emerg] 1#1: unknown log format "main" in /etc/nginx/nginx.conf:37
2026/09/23 07:57:37 [emerg] 1#1: unknown log format "main" in /etc/nginx/nginx.conf:37
2026/09/23 07:57:37 [emerg] 1#1: unknown log format "main" in /etc/nginx/nginx.conf:37
2026/09/23 07:57:37 [emerg] 1#1: unknown log format "main" in /etc/nginx/nginx.conf:37
2026/09/23 07:57:37 [emerg] 1#1: unknown log format "main" in /etc/nginx/nginx.conf:37
2026/09/23 07:57:37 [emerg] 1#1: unknown log format "main" in /etc/nginx/nginx.conf:37
2026/09/23 07:57:37 [emerg] 1#1: unknown log format "main" in /etc/nginx/nginx.conf:37
2026/09/23 07:57:37 [emerg] 1#1: unknown log format "main" in /etc/nginx/nginx.conf:37
2026/09/23 07:57:37 [emerg] 1#1: unknown log format "main" in /etc/nginx/nginx.conf:37
2026/09/23 07:57:38 [emerg] 1#1: unknown log format "main" in /etc/nginx/nginx.conf:37
2026/09/23 07:57:38 [emerg] 1#1: unknown log format "main" in /etc/nginx/nginx.conf:37
2026/09/23 07:57:38 [emerg] 1#1: unknown log format "main" in /etc/nginx/nginx.conf:37
2026/09/23 07:57:38 [emerg] 1#1: unknown log format "main" in /etc/nginx/nginx.conf:37
2026/09/23 07:57:38 [emerg] 1#1: unknown log format "main" in /etc/nginx/nginx.conf:37
2026/09/23 07:57:38 [emerg] 1#1: unknown log format "main" in /etc/nginx/nginx.conf:37
2026/09/23 07:57:38 [emerg] 1#1: unknown log format "main" in /etc/nginx/nginx.conf:37
2026/09/23 07:57:38 [emerg] 1#1: unknown log format "main" in /etc/nginx/nginx.conf:37
2026/09/23 07:57:39 [emerg] 1#1: unknown log format "main" in /etc/nginx/nginx.conf:37
2026/09/23 07:57:39 [emerg] 1#1: unknown log format "main" in /etc/nginx/nginx.conf:37
2026/09/23 07:57:39 [emerg] 1#1: unknown log format "main" in /etc/nginx/nginx.conf:37
2026/09/23 07:57:39 [emerg] 1#1: unknown log format "main" in /etc/nginx/nginx.conf:37
2026/09/23 07:57:39 [emerg] 1#1: unknown log format "main" in /etc/nginx/nginx.conf:37
2026/09/23 07:57:39 [emerg] 1#1: unknown log format "main" in /etc/nginx/nginx.conf:37
2026/09/23 07:57:39 [emerg] 1#1: unknown log format "main" in /etc/nginx/nginx.conf:37
2026/09/23 07:57:39 [emerg] 1#1: unknown log format "main" in /etc/nginx/nginx.conf:37
2026/09/23 07:57:39 [emerg] 1#1: unknown log format "main" in /etc/nginx/nginx.conf:37
2026/09/23 07:57:40 [emerg] 1#1: unknown log format "main" in /etc/nginx/nginx.conf:37
2026/09/23 07:57:40 [emerg] 1#1: unknown log format "main" in /etc/nginx/nginx.conf:37
2026/09/23 07:57:40 [emerg] 1#1: unknown log format "main" in /etc/nginx/nginx.conf:37
2026/09/23 07:57:40 [emerg] 1#1: unknown log format "main" in /etc/nginx/nginx.conf:37
2026/09/23 07:57:40 [emerg] 1#1: unknown log format "main" in /etc/nginx/nginx.conf:37
2026/09/23 07:57:40 [emerg] 1#1: unknown log format "main" in /etc/nginx/nginx.conf:37
2026/09/23 07:57:40 [emerg] 1#1: unknown log format "main" in /etc/nginx/nginx.conf:37
2026/09/23 07:57:40 [emerg] 1#1: unknown log format "main" in /etc/nginx/nginx.conf:37
2026/09/23 07:57:41 [emerg] 1#1: unknown log format "main" in /etc/nginx/nginx.conf:37
2026/09/23 07:57:41 [emerg] 1#1: unknown log format "main" in /etc/nginx/nginx.conf:37
2026/09/23 07:57:41 [emerg] 1#1: unknown log format "main" in /etc/nginx/nginx.conf:37
2026/09/23 07:57:41 [emerg] 1#1: unknown log format "main" in /etc/nginx/nginx.conf:37
2026/09/23 07:57:41 [emerg] 1#1: unknown log format "main" in /etc/nginx/nginx.conf:37
2026/09/23 07:57:41 [emerg] 1#1: unknown log format "main" in /etc/nginx/nginx.conf:37
2026/09/23 07:57:41 [emerg] 1#1: unknown log format "main" in /etc/nginx/nginx.conf:37
2026/09/23 07:57:41 [emerg] 1#1: unknown log format "main" in /etc/nginx/nginx.conf:37
2026/09/23 07:57:41 [emerg] 1#1: unknown log format "main" in /etc/nginx/nginx.conf:37
2026/09/23 07:57:42 [emerg] 1#1: unknown log format "main" in /etc/nginx/nginx.conf:37
2026/09/23 07:57:42 [emerg] 1#1: unknown log format "main" in /etc/nginx/nginx.conf:37
2026/09/23 07:57:42 [emerg] 1#1: unknown log format "main" in /etc/nginx/nginx.conf:37
2026/09/23 07:57:42 [emerg] 1#1: unknown log format "main" in /etc/nginx/nginx.conf:37
2026/09/23 07:57:42 [emerg] 1#1: unknown log format "main" in /etc/nginx/nginx.conf:37
2026/09/23 07:57:42 [emerg] 1#1: unknown log format "main" in /etc/nginx/nginx.conf:37
2026/09/23 07:57:42 [emerg] 1#1: unknown log format "main" in /etc/nginx/nginx.conf:37
2026/09/23 07:57:42 [emerg] 1#1: unknown log format "main" in /etc/nginx/nginx.conf:37
2026/09/23 07:57:42 [emerg] 1#1: unknown log format "main" in /etc/nginx/nginx.conf:37
2026/09/23 07:57:43 [emerg] 1#1: unknown log format "main" in /etc/nginx/nginx.conf:37
2026/09/23 07:57:43 [emerg] 1#1: unknown log format "main" in /etc/nginx/nginx.conf:37
2026/09/23 07:57:43 [emerg] 1#1: unknown log format "main" in /etc/nginx/nginx.conf:37
2026/09/23 07:57:43 [emerg] 1#1: unknown log format "main" in /etc/nginx/nginx.conf:37
2026/09/23 07:57:43 [emerg] 1#1: unknown log format "main" in /etc/nginx/nginx.conf:37
2026/09/23 07:57:43 [emerg] 1#1: unknown log format "main" in /etc/nginx/nginx.conf:37
2026/09/23 07:57:43 [emerg] 1#1: unknown log format "main" in /etc/nginx/nginx.conf:37
2026/09/23 07:57:43 [emerg] 1#1: unknown log format "main" in /etc/nginx/nginx.conf:37
2026/09/23 07:57:43 [emerg] 1#1: unknown log format "main" in /etc/nginx/nginx.conf:37
2026/09/23 07:57:44 [emerg] 1#1: unknown log format "main" in /etc/nginx/nginx.conf:37
2026/09/23 07:57:44 [emerg] 1#1: unknown log format "main" in /etc/nginx/nginx.conf:37
2026/09/23 07:57:44 [emerg] 1#1: unknown log format "main" in /etc/nginx/nginx.conf:37
2026/09/23 07:57:44 [emerg] 1#1: unknown log format "main" in /etc/nginx/nginx.conf:37
2026/09/23 07:57:44 [emerg] 1#1: unknown log format "main" in /etc/nginx/nginx.conf:37
2026/09/23 07:57:44 [emerg] 1#1: unknown log format "main" in /etc/nginx/nginx.conf:37
2026/09/23 07:57:44 [emerg] 1#1: unknown log format "main" in /etc/nginx/nginx.conf:37
2026/09/23 07:57:44 [emerg] 1#1: unknown log format "main" in /etc/nginx/nginx.conf:37
2026/09/23 07:57:45 [emerg] 1#1: unknown log format "main" in /etc/nginx/nginx.conf:37
2026/09/23 07:57:45 [emerg] 1#1: unknown log format "main" in /etc/nginx/nginx.conf:37
2026/09/23 07:57:45 [emerg] 1#1: unknown log format "main" in /etc/nginx/nginx.conf:37
2026/09/23 07:57:45 [emerg] 1#1: unknown log format "main" in /etc/nginx/nginx.conf:37
2026/09/23 07:57:45 [emerg] 1#1: unknown log format "main" in /etc/nginx/nginx.conf:37
2026/09/23 07:57:45 [emerg] 1#1: unknown log format "main" in /etc/nginx/nginx.conf:37
2026/09/23 07:57:45 [emerg] 1#1: unknown log format "main" in /etc/nginx/nginx.conf:37
2026/09/23 07:57:45 [emerg] 1#1: unknown log format "main" in /etc/nginx/nginx.conf:37
2026/09/23 07:57:46 [emerg] 1#1: unknown log format "main" in /etc/nginx/nginx.conf:37
2026/09/23 07:57:46 [emerg] 1#1: unknown log format "main" in /etc/nginx/nginx.conf:37
2026/09/23 07:57:46 [emerg] 1#1: unknown log format "main" in /etc/nginx/nginx.conf:37
2026/09/23 07:57:46 [emerg] 1#1: unknown log format "main" in /etc/nginx/nginx.conf:37
2026/09/23 07:57:46 [emerg] 1#1: unknown log format "main" in /etc/nginx/nginx.conf:37
2026/09/23 07:57:46 [emerg] 1#1: unknown log format "main" in /etc/nginx/nginx.conf:37
2026/09/23 07:57:46 [emerg] 1#1: unknown log format "main" in /etc/nginx/nginx.conf:37
2026/09/23 07:57:46 [emerg] 1#1: unknown log format "main" in /etc/nginx/nginx.conf:37
2026/09/23 07:57:46 [emerg] 1#1: unknown log format "main" in /etc/nginx/nginx.conf:37
2026/09/23 07:57:47 [emerg] 1#1: unknown log format "main" in /etc/nginx/nginx.conf:37
2026/09/23 07:57:47 [emerg] 1#1: unknown log format "main" in /etc/nginx/nginx.conf:37
2026/09/23 07:57:47 [emerg] 1#1: unknown log format "main" in /etc/nginx/nginx.conf:37
2026/09/23 07:57:47 [emerg] 1#1: unknown log format "main" in /etc/nginx/nginx.conf:37
2026/09/23 07:57:47 [emerg] 1#1: unknown log format "main" in /etc/nginx/nginx.conf:37
2026/09/23 07:57:47 [emerg] 1#1: unknown log format "main" in /etc/nginx/nginx.conf:37
2026/09/23 07:57:47 [emerg] 1#1: unknown log format "main" in /etc/nginx/nginx.conf:37
2026/09/23 07:57:47 [emerg] 1#1: unknown log format "main" in /etc/nginx/nginx.conf:37
2026/09/23 07:57:48 [emerg] 1#1: unknown log format "main" in /etc/nginx/nginx.conf:37
2026/09/23 07:57:48 [emerg] 1#1: unknown log format "main" in /etc/nginx/nginx.conf:37
2026/09/23 07:57:48 [emerg] 1#1: unknown log format "main" in /etc/nginx/nginx.conf:37
2026/09/23 07:57:48 [emerg] 1#1: unknown log format "main" in /etc/nginx/nginx.conf:37
2026/09/23 07:57:48 [emerg] 1#1: unknown log format "main" in /etc/nginx/nginx.conf:37
2026/09/23 07:57:48 [emerg] 1#1: unknown log format "main" in /etc/nginx/nginx.conf:37
2026/09/23 07:57:48 [emerg] 1#1: unknown log format "main" in /etc/nginx/nginx.conf:37
2026/09/23 07:57:48 [emerg] 1#1: unknown log format "main" in /etc/nginx/nginx.conf:37
2026/09/23 07:57:49 [emerg] 1#1: unknown log format "main" in /etc/nginx/nginx.conf:37
2026/09/23 07:57:49 [emerg] 1#1: unknown log format "main" in /etc/nginx/nginx.conf:37
2026/09/23 07:57:49 [emerg] 1#1: unknown log format "main" in /etc/nginx/nginx.conf:37
2026/09/23 07:57:49 [emerg] 1#1: unknown log format "main" in /etc/nginx/nginx.conf:37
2026/09/23 07:57:49 [emerg] 1#1: unknown log format "main" in /etc/nginx/nginx.conf:37
2026/09/23 07:57:49 [emerg] 1#1: unknown log format "main" in /etc/nginx/nginx.conf:37
2026/09/23 07:57:49 [emerg] 1#1: unknown log format "main" in /etc/nginx/nginx.conf:37
2026/09/23 07:57:49 [emerg] 1#1: unknown log format "main" in /etc/nginx/nginx.conf:37
2026/09/23 07:57:49 [emerg] 1#1: unknown log format "main" in /etc/nginx/nginx.conf:37
2026/09/23 07:57:50 [emerg] 1#1: unknown log format "main" in /etc/nginx/nginx.conf:37
2026/09/23 07:57:50 [emerg] 1#1: unknown log format "main" in /etc/nginx/nginx.conf:37
2026/09/23 07:57:50 [emerg] 1#1: unknown log format "main" in /etc/nginx/nginx.conf:37
2026/09/23 07:57:50 [emerg] 1#1: unknown log format "main" in /etc/nginx/nginx.conf:37
2026/09/23 07:57:50 [emerg] 1#1: unknown log format "main" in /etc/nginx/nginx.conf:37
2026/09/23 07:57:50 [emerg] 1#1: unknown log format "main" in /etc/nginx/nginx.conf:37
2026/09/23 07:57:50 [emerg] 1#1: unknown log format "main" in /etc/nginx/nginx.conf:37
2026/09/23 07:57:50 [emerg] 1#1: unknown log format "main" in /etc/nginx/nginx.conf:37
2026/09/23 07:57:51 [emerg] 1#1: unknown log format "main" in /etc/nginx/nginx.conf:37
2026/09/23 07:57:51 [emerg] 1#1: unknown log format "main" in /etc/nginx/nginx.conf:37
2026/09/23 07:57:51 [emerg] 1#1: unknown log format "main" in /etc/nginx/nginx.conf:37
2026/09/23 07:57:51 [emerg] 1#1: unknown log format "main" in /etc/nginx/nginx.conf:37
2026/09/23 07:57:51 [emerg] 1#1: unknown log format "main" in /etc/nginx/nginx.conf:37
2026/09/23 07:57:51 [emerg] 1#1: unknown log format "main" in /etc/nginx/nginx.conf:37
2026/09/23 07:57:51 [emerg] 1#1: unknown log format "main" in /etc/nginx/nginx.conf:37
2026/09/23 07:57:51 [emerg] 1#1: unknown log format "main" in /etc/nginx/nginx.conf:37
2026/09/23 07:57:52 [emerg] 1#1: unknown log format "main" in /etc/nginx/nginx.conf:37
2026/09/23 07:57:52 [emerg] 1#1: unknown log format "main" in /etc/nginx/nginx.conf:37
2026/09/23 07:57:52 [emerg] 1#1: unknown log format "main" in /etc/nginx/nginx.conf:37
2026/09/23 07:57:52 [emerg] 1#1: unknown log format "main" in /etc/nginx/nginx.conf:37
2026/09/23 07:57:52 [emerg] 1#1: unknown log format "main" in /etc/nginx/nginx.conf:37
2026/09/23 07:57:52 [emerg] 1#1: unknown log format "main" in /etc/nginx/nginx.conf:37
2026/09/23 07:57:52 [emerg] 1#1: unknown log format "main" in /etc/nginx/nginx.conf:37
2026/09/23 07:57:52 [emerg] 1#1: unknown log format "main" in /etc/nginx/nginx.conf:37
2026/09/23 07:57:53 [emerg] 1#1: unknown log format "main" in /etc/nginx/nginx.conf:37
2026/09/23 07:57:53 [emerg] 1#1: unknown log format "main" in /etc/nginx/nginx.conf:37
2026/09/23 07:57:53 [emerg] 1#1: unknown log format "main" in /etc/nginx/nginx.conf:37
2026/09/23 07:57:53 [emerg] 1#1: unknown log format "main" in /etc/nginx/nginx.conf:37
2026/09/23 07:57:53 [emerg] 1#1: unknown log format "main" in /etc/nginx/nginx.conf:37
2026/09/23 07:57:53 [emerg] 1#1: unknown log format "main" in /etc/nginx/nginx.conf:37
2026/09/23 07:57:53 [emerg] 1#1: unknown log format "main" in /etc/nginx/nginx.conf:37
2026/09/23 07:57:53 [emerg] 1#1: unknown log format "main" in /etc/nginx/nginx.conf:37
2026/09/23 07:57:53 [emerg] 1#1: unknown log format "main" in /etc/nginx/nginx.conf:37
2026/09/23 07:57:54 [emerg] 1#1: unknown log format "main" in /etc/nginx/nginx.conf:37
2026/09/23 07:57:54 [emerg] 1#1: unknown log format "main" in /etc/nginx/nginx.conf:37
2026/09/23 07:57:54 [emerg] 1#1: unknown log format "main" in /etc/nginx/nginx.conf:37
2026/09/23 07:57:54 [emerg] 1#1: unknown log format "main" in /etc/nginx/nginx.conf:37
2026/09/23 07:57:54 [emerg] 1#1: unknown log format "main" in /etc/nginx/nginx.conf:37
2026/09/23 07:57:54 [emerg] 1#1: unknown log format "main" in /etc/nginx/nginx.conf:37
2026/09/23 07:57:54 [emerg] 1#1: unknown log format "main" in /etc/nginx/nginx.conf:37
2026/09/23 07:57:54 [emerg] 1#1: unknown log format "main" in /etc/nginx/nginx.conf:37
2026/09/23 08:05:06 [emerg] 1#1: "log_format" directive is not allowed here in /etc/nginx/conf.d/default.conf:7
2026/09/23 08:05:06 [emerg] 1#1: "log_format" directive is not allowed here in /etc/nginx/conf.d/default.conf:7
2026/09/23 08:05:06 [emerg] 1#1: "log_format" directive is not allowed here in /etc/nginx/conf.d/default.conf:7
2026/09/23 08:05:06 [emerg] 1#1: "log_format" directive is not allowed here in /etc/nginx/conf.d/default.conf:7
2026/09/23 08:05:06 [emerg] 1#1: "log_format" directive is not allowed here in /etc/nginx/conf.d/default.conf:7
2026/09/23 08:05:06 [emerg] 1#1: "log_format" directive is not allowed here in /etc/nginx/conf.d/default.conf:7
2026/09/23 08:05:06 [emerg] 1#1: "log_format" directive is not allowed here in /etc/nginx/conf.d/default.conf:7
2026/09/23 08:05:07 [emerg] 1#1: "log_format" directive is not allowed here in /etc/nginx/conf.d/default.conf:7
2026/09/23 08:05:07 [emerg] 1#1: "log_format" directive is not allowed here in /etc/nginx/conf.d/default.conf:7
2026/09/23 08:05:07 [emerg] 1#1: "log_format" directive is not allowed here in /etc/nginx/conf.d/default.conf:7
2026/09/23 08:05:07 [emerg] 1#1: "log_format" directive is not allowed here in /etc/nginx/conf.d/default.conf:7
2026/09/23 08:05:07 [emerg] 1#1: "log_format" directive is not allowed here in /etc/nginx/conf.d/default.conf:7
2026/09/23 08:05:07 [emerg] 1#1: "log_format" directive is not allowed here in /etc/nginx/conf.d/default.conf:7
2026/09/23 08:05:07 [emerg] 1#1: "log_format" directive is not allowed here in /etc/nginx/conf.d/default.conf:7
2026/09/23 08:05:07 [emerg] 1#1: "log_format" directive is not allowed here in /etc/nginx/conf.d/default.conf:7
2026/09/23 08:05:07 [emerg] 1#1: "log_format" directive is not allowed here in /etc/nginx/conf.d/default.conf:7
2026/09/23 08:05:08 [emerg] 1#1: "log_format" directive is not allowed here in /etc/nginx/conf.d/default.conf:7
2026/09/23 08:05:08 [emerg] 1#1: "log_format" directive is not allowed here in /etc/nginx/conf.d/default.conf:7
2026/09/23 08:05:08 [emerg] 1#1: "log_format" directive is not allowed here in /etc/nginx/conf.d/default.conf:7
2026/09/23 08:05:08 [emerg] 1#1: "log_format" directive is not allowed here in /etc/nginx/conf.d/default.conf:7
2026/09/23 08:05:08 [emerg] 1#1: "log_format" directive is not allowed here in /etc/nginx/conf.d/default.conf:7
2026/09/23 08:05:08 [emerg] 1#1: "log_format" directive is not allowed here in /etc/nginx/conf.d/default.conf:7
2026/09/23 08:05:08 [emerg] 1#1: "log_format" directive is not allowed here in /etc/nginx/conf.d/default.conf:7
2026/09/23 08:05:08 [emerg] 1#1: "log_format" directive is not allowed here in /etc/nginx/conf.d/default.conf:7
2026/09/23 08:05:09 [emerg] 1#1: "log_format" directive is not allowed here in /etc/nginx/conf.d/default.conf:7
2026/09/23 08:05:09 [emerg] 1#1: "log_format" directive is not allowed here in /etc/nginx/conf.d/default.conf:7
2026/09/23 08:05:09 [emerg] 1#1: "log_format" directive is not allowed here in /etc/nginx/conf.d/default.conf:7
2026/09/23 08:05:09 [emerg] 1#1: "log_format" directive is not allowed here in /etc/nginx/conf.d/default.conf:7
2026/09/23 08:05:09 [emerg] 1#1: "log_format" directive is not allowed here in /etc/nginx/conf.d/default.conf:7
2026/09/23 08:05:09 [emerg] 1#1: "log_format" directive is not allowed here in /etc/nginx/conf.d/default.conf:7
2026/09/23 08:05:09 [emerg] 1#1: "log_format" directive is not allowed here in /etc/nginx/conf.d/default.conf:7
2026/09/23 08:05:09 [emerg] 1#1: "log_format" directive is not allowed here in /etc/nginx/conf.d/default.conf:7
2026/09/23 08:05:10 [emerg] 1#1: "log_format" directive is not allowed here in /etc/nginx/conf.d/default.conf:7
2026/09/23 08:05:10 [emerg] 1#1: "log_format" directive is not allowed here in /etc/nginx/conf.d/default.conf:7
2026/09/23 08:05:10 [emerg] 1#1: "log_format" directive is not allowed here in /etc/nginx/conf.d/default.conf:7
2026/09/23 08:05:10 [emerg] 1#1: "log_format" directive is not allowed here in /etc/nginx/conf.d/default.conf:7
2026/09/23 08:05:10 [emerg] 1#1: "log_format" directive is not allowed here in /etc/nginx/conf.d/default.conf:7
2026/09/23 08:05:10 [emerg] 1#1: "log_format" directive is not allowed here in /etc/nginx/conf.d/default.conf:7
2026/09/23 08:05:10 [emerg] 1#1: "log_format" directive is not allowed here in /etc/nginx/conf.d/default.conf:7
2026/09/23 08:05:10 [emerg] 1#1: "log_format" directive is not allowed here in /etc/nginx/conf.d/default.conf:7
2026/09/23 08:05:10 [emerg] 1#1: "log_format" directive is not allowed here in /etc/nginx/conf.d/default.conf:7
2026/09/23 08:05:11 [emerg] 1#1: "log_format" directive is not allowed here in /etc/nginx/conf.d/default.conf:7
2026/09/23 08:05:11 [emerg] 1#1: "log_format" directive is not allowed here in /etc/nginx/conf.d/default.conf:7
2026/09/23 08:05:11 [emerg] 1#1: "log_format" directive is not allowed here in /etc/nginx/conf.d/default.conf:7
2026/09/23 08:05:11 [emerg] 1#1: "log_format" directive is not allowed here in /etc/nginx/conf.d/default.conf:7
2026/09/23 08:05:11 [emerg] 1#1: "log_format" directive is not allowed here in /etc/nginx/conf.d/default.conf:7
2026/09/23 08:05:11 [emerg] 1#1: "log_format" directive is not allowed here in /etc/nginx/conf.d/default.conf:7
2026/09/23 08:05:11 [emerg] 1#1: "log_format" directive is not allowed here in /etc/nginx/conf.d/default.conf:7
2026/09/23 08:05:11 [emerg] 1#1: "log_format" directive is not allowed here in /etc/nginx/conf.d/default.conf:7
2026/09/23 08:05:12 [emerg] 1#1: "log_format" directive is not allowed here in /etc/nginx/conf.d/default.conf:7
2026/09/23 08:05:12 [emerg] 1#1: "log_format" directive is not allowed here in /etc/nginx/conf.d/default.conf:7
2026/09/23 08:05:12 [emerg] 1#1: "log_format" directive is not allowed here in /etc/nginx/conf.d/default.conf:7
2026/09/23 08:05:12 [emerg] 1#1: "log_format" directive is not allowed here in /etc/nginx/conf.d/default.conf:7
2026/09/23 08:05:12 [emerg] 1#1: "log_format" directive is not allowed here in /etc/nginx/conf.d/default.conf:7
2026/09/23 08:05:12 [emerg] 1#1: "log_format" directive is not allowed here in /etc/nginx/conf.d/default.conf:7
2026/09/23 08:05:12 [emerg] 1#1: "log_format" directive is not allowed here in /etc/nginx/conf.d/default.conf:7
2026/09/23 08:05:12 [emerg] 1#1: "log_format" directive is not allowed here in /etc/nginx/conf.d/default.conf:7
2026/09/23 08:05:13 [emerg] 1#1: "log_format" directive is not allowed here in /etc/nginx/conf.d/default.conf:7
2026/09/23 08:05:13 [emerg] 1#1: "log_format" directive is not allowed here in /etc/nginx/conf.d/default.conf:7
2026/09/23 08:05:13 [emerg] 1#1: "log_format" directive is not allowed here in /etc/nginx/conf.d/default.conf:7
2026/09/23 08:05:13 [emerg] 1#1: "log_format" directive is not allowed here in /etc/nginx/conf.d/default.conf:7
2026/09/23 08:05:13 [emerg] 1#1: "log_format" directive is not allowed here in /etc/nginx/conf.d/default.conf:7
2026/09/23 08:05:13 [emerg] 1#1: "log_format" directive is not allowed here in /etc/nginx/conf.d/default.conf:7
2026/09/23 08:05:13 [emerg] 1#1: "log_format" directive is not allowed here in /etc/nginx/conf.d/default.conf:7
2026/09/23 08:05:13 [emerg] 1#1: "log_format" directive is not allowed here in /etc/nginx/conf.d/default.conf:7
2026/09/23 08:05:14 [emerg] 1#1: "log_format" directive is not allowed here in /etc/nginx/conf.d/default.conf:7
2026/09/23 08:05:14 [emerg] 1#1: "log_format" directive is not allowed here in /etc/nginx/conf.d/default.conf:7
2026/09/23 08:05:14 [emerg] 1#1: "log_format" directive is not allowed here in /etc/nginx/conf.d/default.conf:7
2026/09/23 08:05:14 [emerg] 1#1: "log_format" directive is not allowed here in /etc/nginx/conf.d/default.conf:7
2026/09/23 08:05:14 [emerg] 1#1: "log_format" directive is not allowed here in /etc/nginx/conf.d/default.conf:7
2026/09/23 08:05:14 [emerg] 1#1: "log_format" directive is not allowed here in /etc/nginx/conf.d/default.conf:7
2026/09/23 08:05:14 [emerg] 1#1: "log_format" directive is not allowed here in /etc/nginx/conf.d/default.conf:7
2026/09/23 08:05:14 [emerg] 1#1: "log_format" directive is not allowed here in /etc/nginx/conf.d/default.conf:7
2026/09/23 08:05:15 [emerg] 1#1: "log_format" directive is not allowed here in /etc/nginx/conf.d/default.conf:7
2026/09/23 08:05:15 [emerg] 1#1: "log_format" directive is not allowed here in /etc/nginx/conf.d/default.conf:7
2026/09/23 08:05:15 [emerg] 1#1: "log_format" directive is not allowed here in /etc/nginx/conf.d/default.conf:7
2026/09/23 08:05:15 [emerg] 1#1: "log_format" directive is not allowed here in /etc/nginx/conf.d/default.conf:7
2026/09/23 08:05:15 [emerg] 1#1: "log_format" directive is not allowed here in /etc/nginx/conf.d/default.conf:7
2026/09/23 08:05:15 [emerg] 1#1: "log_format" directive is not allowed here in /etc/nginx/conf.d/default.conf:7
2026/09/23 08:05:15 [emerg] 1#1: "log_format" directive is not allowed here in /etc/nginx/conf.d/default.conf:7
2026/09/23 08:05:15 [emerg] 1#1: "log_format" directive is not allowed here in /etc/nginx/conf.d/default.conf:7
2026/09/23 08:05:15 [emerg] 1#1: "log_format" directive is not allowed here in /etc/nginx/conf.d/default.conf:7
2026/09/23 08:05:16 [emerg] 1#1: "log_format" directive is not allowed here in /etc/nginx/conf.d/default.conf:7
2026/09/23 08:05:16 [emerg] 1#1: "log_format" directive is not allowed here in /etc/nginx/conf.d/default.conf:7
2026/09/23 08:05:16 [emerg] 1#1: "log_format" directive is not allowed here in /etc/nginx/conf.d/default.conf:7
2026/09/23 08:05:16 [emerg] 1#1: "log_format" directive is not allowed here in /etc/nginx/conf.d/default.conf:7
2026/09/23 08:05:16 [emerg] 1#1: "log_format" directive is not allowed here in /etc/nginx/conf.d/default.conf:7
2026/09/23 08:05:16 [emerg] 1#1: "log_format" directive is not allowed here in /etc/nginx/conf.d/default.conf:7
2026/09/23 08:05:16 [emerg] 1#1: "log_format" directive is not allowed here in /etc/nginx/conf.d/default.conf:7
2026/09/23 08:05:17 [emerg] 1#1: "log_format" directive is not allowed here in /etc/nginx/conf.d/default.conf:7
2026/09/23 08:05:17 [emerg] 1#1: "log_format" directive is not allowed here in /etc/nginx/conf.d/default.conf:7
2026/09/23 08:05:17 [emerg] 1#1: "log_format" directive is not allowed here in /etc/nginx/conf.d/default.conf:7
2026/09/23 08:05:17 [emerg] 1#1: "log_format" directive is not allowed here in /etc/nginx/conf.d/default.conf:7
2026/09/23 08:05:17 [emerg] 1#1: "log_format" directive is not allowed here in /etc/nginx/conf.d/default.conf:7
2026/09/23 08:05:17 [emerg] 1#1: "log_format" directive is not allowed here in /etc/nginx/conf.d/default.conf:7
2026/09/23 08:05:17 [emerg] 1#1: "log_format" directive is not allowed here in /etc/nginx/conf.d/default.conf:7
2026/09/23 08:05:17 [emerg] 1#1: "log_format" directive is not allowed here in /etc/nginx/conf.d/default.conf:7
2026/09/23 08:05:18 [emerg] 1#1: "log_format" directive is not allowed here in /etc/nginx/conf.d/default.conf:7
2026/09/23 08:05:18 [emerg] 1#1: "log_format" directive is not allowed here in /etc/nginx/conf.d/default.conf:7
2026/09/23 08:05:18 [emerg] 1#1: "log_format" directive is not allowed here in /etc/nginx/conf.d/default.conf:7
2026/09/23 08:05:18 [emerg] 1#1: "log_format" directive is not allowed here in /etc/nginx/conf.d/default.conf:7
2026/09/23 08:05:18 [emerg] 1#1: "log_format" directive is not allowed here in /etc/nginx/conf.d/default.conf:7
2026/09/23 08:05:18 [emerg] 1#1: "log_format" directive is not allowed here in /etc/nginx/conf.d/default.conf:7
2026/09/23 08:05:18 [emerg] 1#1: "log_format" directive is not allowed here in /etc/nginx/conf.d/default.conf:7
2026/09/23 08:05:18 [emerg] 1#1: "log_format" directive is not allowed here in /etc/nginx/conf.d/default.conf:7
2026/09/23 08:05:19 [emerg] 1#1: "log_format" directive is not allowed here in /etc/nginx/conf.d/default.conf:7
2026/09/23 08:05:19 [emerg] 1#1: "log_format" directive is not allowed here in /etc/nginx/conf.d/default.conf:7
2026/09/23 08:05:19 [emerg] 1#1: "log_format" directive is not allowed here in /etc/nginx/conf.d/default.conf:7
2026/09/23 08:05:19 [emerg] 1#1: "log_format" directive is not allowed here in /etc/nginx/conf.d/default.conf:7
2026/09/23 08:05:19 [emerg] 1#1: "log_format" directive is not allowed here in /etc/nginx/conf.d/default.conf:7
2026/09/23 08:05:19 [emerg] 1#1: "log_format" directive is not allowed here in /etc/nginx/conf.d/default.conf:7
2026/09/23 08:05:19 [emerg] 1#1: "log_format" directive is not allowed here in /etc/nginx/conf.d/default.conf:7
2026/09/23 08:05:19 [emerg] 1#1: "log_format" directive is not allowed here in /etc/nginx/conf.d/default.conf:7
2026/09/23 08:05:19 [emerg] 1#1: "log_format" directive is not allowed here in /etc/nginx/conf.d/default.conf:7
2026/09/23 08:05:20 [emerg] 1#1: "log_format" directive is not allowed here in /etc/nginx/conf.d/default.conf:7
2026/09/23 08:05:20 [emerg] 1#1: "log_format" directive is not allowed here in /etc/nginx/conf.d/default.conf:7
2026/09/23 08:05:20 [emerg] 1#1: "log_format" directive is not allowed here in /etc/nginx/conf.d/default.conf:7
2026/09/23 08:05:20 [emerg] 1#1: "log_format" directive is not allowed here in /etc/nginx/conf.d/default.conf:7
2026/09/23 08:05:20 [emerg] 1#1: "log_format" directive is not allowed here in /etc/nginx/conf.d/default.conf:7
2026/09/23 08:05:20 [emerg] 1#1: "log_format" directive is not allowed here in /etc/nginx/conf.d/default.conf:7
2026/09/23 08:05:20 [emerg] 1#1: "log_format" directive is not allowed here in /etc/nginx/conf.d/default.conf:7
2026/09/23 08:05:20 [emerg] 1#1: "log_format" directive is not allowed here in /etc/nginx/conf.d/default.conf:7
2026/09/23 08:05:21 [emerg] 1#1: "log_format" directive is not allowed here in /etc/nginx/conf.d/default.conf:7
2026/09/23 08:05:21 [emerg] 1#1: "log_format" directive is not allowed here in /etc/nginx/conf.d/default.conf:7
2026/09/23 08:05:21 [emerg] 1#1: "log_format" directive is not allowed here in /etc/nginx/conf.d/default.conf:7
2026/09/23 08:05:21 [emerg] 1#1: "log_format" directive is not allowed here in /etc/nginx/conf.d/default.conf:7
2026/09/23 08:05:21 [emerg] 1#1: "log_format" directive is not allowed here in /etc/nginx/conf.d/default.conf:7
2026/09/23 08:05:21 [emerg] 1#1: "log_format" directive is not allowed here in /etc/nginx/conf.d/default.conf:7
2026/09/23 08:05:21 [emerg] 1#1: "log_format" directive is not allowed here in /etc/nginx/conf.d/default.conf:7
2026/09/23 08:05:22 [emerg] 1#1: "log_format" directive is not allowed here in /etc/nginx/conf.d/default.conf:7
2026/09/23 08:05:22 [emerg] 1#1: "log_format" directive is not allowed here in /etc/nginx/conf.d/default.conf:7
2026/09/23 08:05:22 [emerg] 1#1: "log_format" directive is not allowed here in /etc/nginx/conf.d/default.conf:7
2026/09/23 08:05:22 [emerg] 1#1: "log_format" directive is not allowed here in /etc/nginx/conf.d/default.conf:7
2026/09/23 08:05:22 [emerg] 1#1: "log_format" directive is not allowed here in /etc/nginx/conf.d/default.conf:7
2026/09/23 08:05:22 [emerg] 1#1: "log_format" directive is not allowed here in /etc/nginx/conf.d/default.conf:7
2026/09/23 08:05:22 [emerg] 1#1: "log_format" directive is not allowed here in /etc/nginx/conf.d/default.conf:7
2026/09/23 08:05:22 [emerg] 1#1: "log_format" directive is not allowed here in /etc/nginx/conf.d/default.conf:7
2026/09/23 08:05:23 [emerg] 1#1: "log_format" directive is not allowed here in /etc/nginx/conf.d/default.conf:7
2026/09/23 08:05:23 [emerg] 1#1: "log_format" directive is not allowed here in /etc/nginx/conf.d/default.conf:7
2026/09/23 08:05:23 [emerg] 1#1: "log_format" directive is not allowed here in /etc/nginx/conf.d/default.conf:7
2026/09/23 08:05:23 [emerg] 1#1: "log_format" directive is not allowed here in /etc/nginx/conf.d/default.conf:7
2026/09/23 08:05:23 [emerg] 1#1: "log_format" directive is not allowed here in /etc/nginx/conf.d/default.conf:7
2026/09/23 08:05:23 [emerg] 1#1: "log_format" directive is not allowed here in /etc/nginx/conf.d/default.conf:7
2026/09/23 08:05:23 [emerg] 1#1: "log_format" directive is not allowed here in /etc/nginx/conf.d/default.conf:7
2026/09/23 08:05:23 [emerg] 1#1: "log_format" directive is not allowed here in /etc/nginx/conf.d/default.conf:7
2026/09/23 08:05:23 [emerg] 1#1: "log_format" directive is not allowed here in /etc/nginx/conf.d/default.conf:7
2026/09/23 08:05:24 [emerg] 1#1: "log_format" directive is not allowed here in /etc/nginx/conf.d/default.conf:7
2026/09/23 08:05:24 [emerg] 1#1: "log_format" directive is not allowed here in /etc/nginx/conf.d/default.conf:7
2026/09/23 08:05:24 [emerg] 1#1: "log_format" directive is not allowed here in /etc/nginx/conf.d/default.conf:7
2026/09/23 08:05:24 [emerg] 1#1: "log_format" directive is not allowed here in /etc/nginx/conf.d/default.conf:7
2026/09/23 08:05:24 [emerg] 1#1: "log_format" directive is not allowed here in /etc/nginx/conf.d/default.conf:7
2026/09/23 08:05:24 [emerg] 1#1: "log_format" directive is not allowed here in /etc/nginx/conf.d/default.conf:7
2026/09/23 08:05:24 [emerg] 1#1: "log_format" directive is not allowed here in /etc/nginx/conf.d/default.conf:7
2026/09/23 08:05:25 [emerg] 1#1: "log_format" directive is not allowed here in /etc/nginx/conf.d/default.conf:7
2026/09/23 08:05:25 [emerg] 1#1: "log_format" directive is not allowed here in /etc/nginx/conf.d/default.conf:7
2026/09/23 08:05:25 [emerg] 1#1: "log_format" directive is not allowed here in /etc/nginx/conf.d/default.conf:7
2026/09/23 08:05:25 [emerg] 1#1: "log_format" directive is not allowed here in /etc/nginx/conf.d/default.conf:7
2026/09/23 08:05:25 [emerg] 1#1: "log_format" directive is not allowed here in /etc/nginx/conf.d/default.conf:7
2026/09/23 08:05:25 [emerg] 1#1: "log_format" directive is not allowed here in /etc/nginx/conf.d/default.conf:7
2026/09/23 08:05:25 [emerg] 1#1: "log_format" directive is not allowed here in /etc/nginx/conf.d/default.conf:7
2026/09/23 08:05:25 [emerg] 1#1: "log_format" directive is not allowed here in /etc/nginx/conf.d/default.conf:7
2026/09/23 08:05:26 [emerg] 1#1: "log_format" directive is not allowed here in /etc/nginx/conf.d/default.conf:7
2026/09/23 08:05:26 [emerg] 1#1: "log_format" directive is not allowed here in /etc/nginx/conf.d/default.conf:7
2026/09/23 08:05:26 [emerg] 1#1: "log_format" directive is not allowed here in /etc/nginx/conf.d/default.conf:7
2026/09/23 08:05:26 [emerg] 1#1: "log_format" directive is not allowed here in /etc/nginx/conf.d/default.conf:7
2026/09/23 08:05:26 [emerg] 1#1: "log_format" directive is not allowed here in /etc/nginx/conf.d/default.conf:7
2026/09/23 08:05:26 [emerg] 1#1: "log_format" directive is not allowed here in /etc/nginx/conf.d/default.conf:7
2026/09/23 08:05:26 [emerg] 1#1: "log_format" directive is not allowed here in /etc/nginx/conf.d/default.conf:7
2026/09/23 08:05:26 [emerg] 1#1: "log_format" directive is not allowed here in /etc/nginx/conf.d/default.conf:7
2026/09/23 08:05:27 [emerg] 1#1: "log_format" directive is not allowed here in /etc/nginx/conf.d/default.conf:7
2026/09/23 08:05:27 [emerg] 1#1: "log_format" directive is not allowed here in /etc/nginx/conf.d/default.conf:7
2026/09/23 08:05:27 [emerg] 1#1: "log_format" directive is not allowed here in /etc/nginx/conf.d/default.conf:7
2026/09/23 08:05:27 [emerg] 1#1: "log_format" directive is not allowed here in /etc/nginx/conf.d/default.conf:7
2026/09/23 08:05:27 [emerg] 1#1: "log_format" directive is not allowed here in /etc/nginx/conf.d/default.conf:7
2026/09/23 08:05:27 [emerg] 1#1: "log_format" directive is not allowed here in /etc/nginx/conf.d/default.conf:7
2026/09/23 08:05:27 [emerg] 1#1: "log_format" directive is not allowed here in /etc/nginx/conf.d/default.conf:7
2026/09/23 08:05:27 [emerg] 1#1: "log_format" directive is not allowed here in /etc/nginx/conf.d/default.conf:7
2026/09/23 08:05:27 [emerg] 1#1: "log_format" directive is not allowed here in /etc/nginx/conf.d/default.conf:7
2026/09/23 08:05:28 [emerg] 1#1: "log_format" directive is not allowed here in /etc/nginx/conf.d/default.conf:7
2026/09/23 08:05:28 [emerg] 1#1: "log_format" directive is not allowed here in /etc/nginx/conf.d/default.conf:7
2026/09/23 08:05:28 [emerg] 1#1: "log_format" directive is not allowed here in /etc/nginx/conf.d/default.conf:7
2026/09/23 08:05:28 [emerg] 1#1: "log_format" directive is not allowed here in /etc/nginx/conf.d/default.conf:7
2026/09/23 08:05:28 [emerg] 1#1: "log_format" directive is not allowed here in /etc/nginx/conf.d/default.conf:7
2026/09/23 08:05:28 [emerg] 1#1: "log_format" directive is not allowed here in /etc/nginx/conf.d/default.conf:7
2026/09/23 08:05:28 [emerg] 1#1: "log_format" directive is not allowed here in /etc/nginx/conf.d/default.conf:7
2026/09/23 08:05:29 [emerg] 1#1: "log_format" directive is not allowed here in /etc/nginx/conf.d/default.conf:7
2026/09/23 08:05:29 [emerg] 1#1: "log_format" directive is not allowed here in /etc/nginx/conf.d/default.conf:7
2026/09/23 08:05:29 [emerg] 1#1: "log_format" directive is not allowed here in /etc/nginx/conf.d/default.conf:7
2026/09/23 08:05:29 [emerg] 1#1: "log_format" directive is not allowed here in /etc/nginx/conf.d/default.conf:7
2026/09/23 08:05:29 [emerg] 1#1: "log_format" directive is not allowed here in /etc/nginx/conf.d/default.conf:7
2026/09/23 08:05:29 [emerg] 1#1: "log_format" directive is not allowed here in /etc/nginx/conf.d/default.conf:7
2026/09/23 08:05:29 [emerg] 1#1: "log_format" directive is not allowed here in /etc/nginx/conf.d/default.conf:7
2026/09/23 08:05:29 [emerg] 1#1: "log_format" directive is not allowed here in /etc/nginx/conf.d/default.conf:7
2026/09/23 08:05:30 [emerg] 1#1: "log_format" directive is not allowed here in /etc/nginx/conf.d/default.conf:7
2026/09/23 08:05:30 [emerg] 1#1: "log_format" directive is not allowed here in /etc/nginx/conf.d/default.conf:7
2026/09/23 08:05:30 [emerg] 1#1: "log_format" directive is not allowed here in /etc/nginx/conf.d/default.conf:7
2026/09/23 08:05:30 [emerg] 1#1: "log_format" directive is not allowed here in /etc/nginx/conf.d/default.conf:7
2026/09/23 08:05:30 [emerg] 1#1: "log_format" directive is not allowed here in /etc/nginx/conf.d/default.conf:7
2026/09/23 08:05:30 [emerg] 1#1: "log_format" directive is not allowed here in /etc/nginx/conf.d/default.conf:7
2026/09/23 08:05:30 [emerg] 1#1: "log_format" directive is not allowed here in /etc/nginx/conf.d/default.conf:7
2026/09/23 08:05:30 [emerg] 1#1: "log_format" directive is not allowed here in /etc/nginx/conf.d/default.conf:7
2026/09/23 08:05:31 [emerg] 1#1: "log_format" directive is not allowed here in /etc/nginx/conf.d/default.conf:7
2026/09/23 08:05:31 [emerg] 1#1: "log_format" directive is not allowed here in /etc/nginx/conf.d/default.conf:7
2026/09/23 08:05:31 [emerg] 1#1: "log_format" directive is not allowed here in /etc/nginx/conf.d/default.conf:7
2026/09/23 08:05:31 [emerg] 1#1: "log_format" directive is not allowed here in /etc/nginx/conf.d/default.conf:7
2026/09/23 08:05:31 [emerg] 1#1: "log_format" directive is not allowed here in /etc/nginx/conf.d/default.conf:7
2026/09/23 08:05:31 [emerg] 1#1: "log_format" directive is not allowed here in /etc/nginx/conf.d/default.conf:7
2026/09/23 08:05:31 [emerg] 1#1: "log_format" directive is not allowed here in /etc/nginx/conf.d/default.conf:7
2026/09/23 08:05:31 [emerg] 1#1: "log_format" directive is not allowed here in /etc/nginx/conf.d/default.conf:7
2026/09/23 08:05:32 [emerg] 1#1: "log_format" directive is not allowed here in /etc/nginx/conf.d/default.conf:7
2026/09/23 08:05:32 [emerg] 1#1: "log_format" directive is not allowed here in /etc/nginx/conf.d/default.conf:7
2026/09/23 08:05:32 [emerg] 1#1: "log_format" directive is not allowed here in /etc/nginx/conf.d/default.conf:7
2026/09/23 08:05:32 [emerg] 1#1: "log_format" directive is not allowed here in /etc/nginx/conf.d/default.conf:7
2026/09/23 08:05:32 [emerg] 1#1: "log_format" directive is not allowed here in /etc/nginx/conf.d/default.conf:7
2026/09/23 08:05:32 [emerg] 1#1: "log_format" directive is not allowed here in /etc/nginx/conf.d/default.conf:7
2026/09/23 08:05:32 [emerg] 1#1: "log_format" directive is not allowed here in /etc/nginx/conf.d/default.conf:7
2026/09/23 08:05:32 [emerg] 1#1: "log_format" directive is not allowed here in /etc/nginx/conf.d/default.conf:7
2026/09/23 08:05:33 [emerg] 1#1: "log_format" directive is not allowed here in /etc/nginx/conf.d/default.conf:7
2026/09/23 08:05:33 [emerg] 1#1: "log_format" directive is not allowed here in /etc/nginx/conf.d/default.conf:7
2026/09/23 08:05:33 [emerg] 1#1: "log_format" directive is not allowed here in /etc/nginx/conf.d/default.conf:7
2026/09/23 08:05:33 [emerg] 1#1: "log_format" directive is not allowed here in /etc/nginx/conf.d/default.conf:7
2026/09/23 08:05:33 [emerg] 1#1: "log_format" directive is not allowed here in /etc/nginx/conf.d/default.conf:7
2026/09/23 08:05:33 [emerg] 1#1: "log_format" directive is not allowed here in /etc/nginx/conf.d/default.conf:7
2026/09/23 08:05:33 [emerg] 1#1: "log_format" directive is not allowed here in /etc/nginx/conf.d/default.conf:7
2026/09/23 08:05:33 [emerg] 1#1: "log_format" directive is not allowed here in /etc/nginx/conf.d/default.conf:7
2026/09/23 08:05:33 [emerg] 1#1: "log_format" directive is not allowed here in /etc/nginx/conf.d/default.conf:7
2026/09/23 08:05:34 [emerg] 1#1: "log_format" directive is not allowed here in /etc/nginx/conf.d/default.conf:7
2026/09/23 08:05:34 [emerg] 1#1: "log_format" directive is not allowed here in /etc/nginx/conf.d/default.conf:7
2026/09/23 08:05:34 [emerg] 1#1: "log_format" directive is not allowed here in /etc/nginx/conf.d/default.conf:7
2026/09/23 08:05:34 [emerg] 1#1: "log_format" directive is not allowed here in /etc/nginx/conf.d/default.conf:7
2026/09/23 08:05:34 [emerg] 1#1: "log_format" directive is not allowed here in /etc/nginx/conf.d/default.conf:7
2026/09/23 08:05:34 [emerg] 1#1: "log_format" directive is not allowed here in /etc/nginx/conf.d/default.conf:7
2026/09/23 08:05:34 [emerg] 1#1: "log_format" directive is not allowed here in /etc/nginx/conf.d/default.conf:7
2026/09/23 08:05:34 [emerg] 1#1: "log_format" directive is not allowed here in /etc/nginx/conf.d/default.conf:7
2026/09/23 08:05:34 [emerg] 1#1: "log_format" directive is not allowed here in /etc/nginx/conf.d/default.conf:7
2026/09/23 08:05:35 [emerg] 1#1: "log_format" directive is not allowed here in /etc/nginx/conf.d/default.conf:7
2026/09/23 08:05:35 [emerg] 1#1: "log_format" directive is not allowed here in /etc/nginx/conf.d/default.conf:7
2026/09/23 08:05:35 [emerg] 1#1: "log_format" directive is not allowed here in /etc/nginx/conf.d/default.conf:7
2026/09/23 08:05:35 [emerg] 1#1: "log_format" directive is not allowed here in /etc/nginx/conf.d/default.conf:7
2026/09/23 08:05:35 [emerg] 1#1: "log_format" directive is not allowed here in /etc/nginx/conf.d/default.conf:7
2026/09/23 08:05:35 [emerg] 1#1: "log_format" directive is not allowed here in /etc/nginx/conf.d/default.conf:7
2026/09/23 08:05:35 [emerg] 1#1: "log_format" directive is not allowed here in /etc/nginx/conf.d/default.conf:7
2026/09/23 08:05:35 [emerg] 1#1: "log_format" directive is not allowed here in /etc/nginx/conf.d/default.conf:7
2026/09/23 08:05:36 [emerg] 1#1: "log_format" directive is not allowed here in /etc/nginx/conf.d/default.conf:7
2026/09/23 08:05:36 [emerg] 1#1: "log_format" directive is not allowed here in /etc/nginx/conf.d/default.conf:7
2026/09/23 08:05:36 [emerg] 1#1: "log_format" directive is not allowed here in /etc/nginx/conf.d/default.conf:7
2026/09/23 08:05:36 [emerg] 1#1: "log_format" directive is not allowed here in /etc/nginx/conf.d/default.conf:7
2026/09/23 08:05:36 [emerg] 1#1: "log_format" directive is not allowed here in /etc/nginx/conf.d/default.conf:7
2026/09/23 08:05:36 [emerg] 1#1: "log_format" directive is not allowed here in /etc/nginx/conf.d/default.conf:7
2026/09/23 08:05:36 [emerg] 1#1: "log_format" directive is not allowed here in /etc/nginx/conf.d/default.conf:7
2026/09/23 08:05:36 [emerg] 1#1: "log_format" directive is not allowed here in /etc/nginx/conf.d/default.conf:7
2026/09/23 08:05:37 [emerg] 1#1: "log_format" directive is not allowed here in /etc/nginx/conf.d/default.conf:7
2026/09/23 08:05:37 [emerg] 1#1: "log_format" directive is not allowed here in /etc/nginx/conf.d/default.conf:7
2026/09/23 08:05:37 [emerg] 1#1: "log_format" directive is not allowed here in /etc/nginx/conf.d/default.conf:7
2026/09/23 08:05:37 [emerg] 1#1: "log_format" directive is not allowed here in /etc/nginx/conf.d/default.conf:7
2026/09/23 08:05:37 [emerg] 1#1: "log_format" directive is not allowed here in /etc/nginx/conf.d/default.conf:7
2026/09/23 08:05:37 [emerg] 1#1: "log_format" directive is not allowed here in /etc/nginx/conf.d/default.conf:7
2026/09/23 08:05:37 [emerg] 1#1: "log_format" directive is not allowed here in /etc/nginx/conf.d/default.conf:7
2026/09/23 08:05:37 [emerg] 1#1: "log_format" directive is not allowed here in /etc/nginx/conf.d/default.conf:7
2026/09/23 08:05:37 [emerg] 1#1: "log_format" directive is not allowed here in /etc/nginx/conf.d/default.conf:7
2026/09/23 08:05:38 [emerg] 1#1: "log_format" directive is not allowed here in /etc/nginx/conf.d/default.conf:7
2026/09/23 08:05:38 [emerg] 1#1: "log_format" directive is not allowed here in /etc/nginx/conf.d/default.conf:7
2026/09/23 08:05:38 [emerg] 1#1: "log_format" directive is not allowed here in /etc/nginx/conf.d/default.conf:7
2026/09/23 08:05:38 [emerg] 1#1: "log_format" directive is not allowed here in /etc/nginx/conf.d/default.conf:7
2026/09/23 08:05:38 [emerg] 1#1: "log_format" directive is not allowed here in /etc/nginx/conf.d/default.conf:7
2026/09/23 08:05:38 [emerg] 1#1: "log_format" directive is not allowed here in /etc/nginx/conf.d/default.conf:7
2026/09/23 08:05:38 [emerg] 1#1: "log_format" directive is not allowed here in /etc/nginx/conf.d/default.conf:7
2026/09/23 08:05:38 [emerg] 1#1: "log_format" directive is not allowed here in /etc/nginx/conf.d/default.conf:7
2026/09/23 08:05:39 [emerg] 1#1: "log_format" directive is not allowed here in /etc/nginx/conf.d/default.conf:7
2026/09/23 08:05:39 [emerg] 1#1: "log_format" directive is not allowed here in /etc/nginx/conf.d/default.conf:7
2026/09/23 08:05:39 [emerg] 1#1: "log_format" directive is not allowed here in /etc/nginx/conf.d/default.conf:7
2026/09/23 08:05:39 [emerg] 1#1: "log_format" directive is not allowed here in /etc/nginx/conf.d/default.conf:7
2026/09/23 08:05:39 [emerg] 1#1: "log_format" directive is not allowed here in /etc/nginx/conf.d/default.conf:7
2026/09/23 08:05:39 [emerg] 1#1: "log_format" directive is not allowed here in /etc/nginx/conf.d/default.conf:7
2026/09/23 08:05:39 [emerg] 1#1: "log_format" directive is not allowed here in /etc/nginx/conf.d/default.conf:7
2026/09/23 08:05:39 [emerg] 1#1: "log_format" directive is not allowed here in /etc/nginx/conf.d/default.conf:7
2026/09/23 08:05:39 [emerg] 1#1: "log_format" directive is not allowed here in /etc/nginx/conf.d/default.conf:7
2026/09/23 08:05:40 [emerg] 1#1: "log_format" directive is not allowed here in /etc/nginx/conf.d/default.conf:7
2026/09/23 08:05:40 [emerg] 1#1: "log_format" directive is not allowed here in /etc/nginx/conf.d/default.conf:7
2026/09/23 08:05:40 [emerg] 1#1: "log_format" directive is not allowed here in /etc/nginx/conf.d/default.conf:7
2026/09/23 08:05:40 [emerg] 1#1: "log_format" directive is not allowed here in /etc/nginx/conf.d/default.conf:7
2026/09/23 08:05:40 [emerg] 1#1: "log_format" directive is not allowed here in /etc/nginx/conf.d/default.conf:7
2026/09/23 08:05:40 [emerg] 1#1: "log_format" directive is not allowed here in /etc/nginx/conf.d/default.conf:7
2026/09/23 08:05:40 [emerg] 1#1: "log_format" directive is not allowed here in /etc/nginx/conf.d/default.conf:7
2026/09/23 08:05:40 [emerg] 1#1: "log_format" directive is not allowed here in /etc/nginx/conf.d/default.conf:7
2026/09/23 08:05:41 [emerg] 1#1: "log_format" directive is not allowed here in /etc/nginx/conf.d/default.conf:7
2026/09/23 08:05:41 [emerg] 1#1: "log_format" directive is not allowed here in /etc/nginx/conf.d/default.conf:7
2026/09/23 08:05:41 [emerg] 1#1: "log_format" directive is not allowed here in /etc/nginx/conf.d/default.conf:7
2026/09/23 08:05:41 [emerg] 1#1: "log_format" directive is not allowed here in /etc/nginx/conf.d/default.conf:7
2026/09/23 08:05:41 [emerg] 1#1: "log_format" directive is not allowed here in /etc/nginx/conf.d/default.conf:7
2026/09/23 08:05:41 [emerg] 1#1: "log_format" directive is not allowed here in /etc/nginx/conf.d/default.conf:7
2026/09/23 08:05:41 [emerg] 1#1: "log_format" directive is not allowed here in /etc/nginx/conf.d/default.conf:7
2026/09/23 08:05:41 [emerg] 1#1: "log_format" directive is not allowed here in /etc/nginx/conf.d/default.conf:7
2026/09/23 08:05:42 [emerg] 1#1: "log_format" directive is not allowed here in /etc/nginx/conf.d/default.conf:7
2026/09/23 08:05:42 [emerg] 1#1: "log_format" directive is not allowed here in /etc/nginx/conf.d/default.conf:7
2026/09/23 08:05:42 [emerg] 1#1: "log_format" directive is not allowed here in /etc/nginx/conf.d/default.conf:7
2026/09/23 08:05:42 [emerg] 1#1: "log_format" directive is not allowed here in /etc/nginx/conf.d/default.conf:7
2026/09/23 08:05:42 [emerg] 1#1: "log_format" directive is not allowed here in /etc/nginx/conf.d/default.conf:7
2026/09/23 08:05:42 [emerg] 1#1: "log_format" directive is not allowed here in /etc/nginx/conf.d/default.conf:7
2026/09/23 08:05:42 [emerg] 1#1: "log_format" directive is not allowed here in /etc/nginx/conf.d/default.conf:7
2026/09/23 08:05:42 [emerg] 1#1: "log_format" directive is not allowed here in /etc/nginx/conf.d/default.conf:7
2026/09/23 08:05:42 [emerg] 1#1: "log_format" directive is not allowed here in /etc/nginx/conf.d/default.conf:7
2026/09/23 08:05:43 [emerg] 1#1: "log_format" directive is not allowed here in /etc/nginx/conf.d/default.conf:7
2026/09/23 08:05:43 [emerg] 1#1: "log_format" directive is not allowed here in /etc/nginx/conf.d/default.conf:7
2026/09/23 08:05:43 [emerg] 1#1: "log_format" directive is not allowed here in /etc/nginx/conf.d/default.conf:7
2026/09/23 08:05:43 [emerg] 1#1: "log_format" directive is not allowed here in /etc/nginx/conf.d/default.conf:7
2026/09/23 08:05:43 [emerg] 1#1: "log_format" directive is not allowed here in /etc/nginx/conf.d/default.conf:7
2026/09/23 08:05:43 [emerg] 1#1: "log_format" directive is not allowed here in /etc/nginx/conf.d/default.conf:7
2026/09/23 08:05:43 [emerg] 1#1: "log_format" directive is not allowed here in /etc/nginx/conf.d/default.conf:7
2026/09/23 08:05:43 [emerg] 1#1: "log_format" directive is not allowed here in /etc/nginx/conf.d/default.conf:7
2026/09/23 08:05:44 [emerg] 1#1: "log_format" directive is not allowed here in /etc/nginx/conf.d/default.conf:7
2026/09/23 08:05:44 [emerg] 1#1: "log_format" directive is not allowed here in /etc/nginx/conf.d/default.conf:7
2026/09/23 08:05:44 [emerg] 1#1: "log_format" directive is not allowed here in /etc/nginx/conf.d/default.conf:7
2026/09/23 08:05:44 [emerg] 1#1: "log_format" directive is not allowed here in /etc/nginx/conf.d/default.conf:7
2026/09/23 08:05:44 [emerg] 1#1: "log_format" directive is not allowed here in /etc/nginx/conf.d/default.conf:7
2026/09/23 08:05:44 [emerg] 1#1: "log_format" directive is not allowed here in /etc/nginx/conf.d/default.conf:7
2026/09/23 08:05:44 [emerg] 1#1: "log_format" directive is not allowed here in /etc/nginx/conf.d/default.conf:7
2026/09/23 08:05:44 [emerg] 1#1: "log_format" directive is not allowed here in /etc/nginx/conf.d/default.conf:7
2026/09/23 08:05:45 [emerg] 1#1: "log_format" directive is not allowed here in /etc/nginx/conf.d/default.conf:7
2026/09/23 08:05:45 [emerg] 1#1: "log_format" directive is not allowed here in /etc/nginx/conf.d/default.conf:7
2026/09/23 08:05:45 [emerg] 1#1: "log_format" directive is not allowed here in /etc/nginx/conf.d/default.conf:7
2026/09/23 08:05:45 [emerg] 1#1: "log_format" directive is not allowed here in /etc/nginx/conf.d/default.conf:7
2026/09/23 08:05:45 [emerg] 1#1: "log_format" directive is not allowed here in /etc/nginx/conf.d/default.conf:7
2026/09/23 08:05:45 [emerg] 1#1: "log_format" directive is not allowed here in /etc/nginx/conf.d/default.conf:7
2026/09/23 08:05:45 [emerg] 1#1: "log_format" directive is not allowed here in /etc/nginx/conf.d/default.conf:7
2026/09/23 08:05:45 [emerg] 1#1: "log_format" directive is not allowed here in /etc/nginx/conf.d/default.conf:7
2026/09/23 08:05:46 [emerg] 1#1: "log_format" directive is not allowed here in /etc/nginx/conf.d/default.conf:7
2026/09/23 08:05:46 [emerg] 1#1: "log_format" directive is not allowed here in /etc/nginx/conf.d/default.conf:7
2026/09/23 08:05:46 [emerg] 1#1: "log_format" directive is not allowed here in /etc/nginx/conf.d/default.conf:7
2026/09/23 08:05:46 [emerg] 1#1: "log_format" directive is not allowed here in /etc/nginx/conf.d/default.conf:7
2026/09/23 08:05:46 [emerg] 1#1: "log_format" directive is not allowed here in /etc/nginx/conf.d/default.conf:7
2026/09/23 08:05:46 [emerg] 1#1: "log_format" directive is not allowed here in /etc/nginx/conf.d/default.conf:7
2026/09/23 08:05:46 [emerg] 1#1: "log_format" directive is not allowed here in /etc/nginx/conf.d/default.conf:7
2026/09/23 08:05:46 [emerg] 1#1: "log_format" directive is not allowed here in /etc/nginx/conf.d/default.conf:7
2026/09/23 08:05:47 [emerg] 1#1: "log_format" directive is not allowed here in /etc/nginx/conf.d/default.conf:7
2026/09/23 08:05:47 [emerg] 1#1: "log_format" directive is not allowed here in /etc/nginx/conf.d/default.conf:7
2026/09/23 08:05:47 [emerg] 1#1: "log_format" directive is not allowed here in /etc/nginx/conf.d/default.conf:7
2026/09/23 08:05:47 [emerg] 1#1: "log_format" directive is not allowed here in /etc/nginx/conf.d/default.conf:7
2026/09/23 08:05:47 [emerg] 1#1: "log_format" directive is not allowed here in /etc/nginx/conf.d/default.conf:7
2026/09/23 08:05:47 [emerg] 1#1: "log_format" directive is not allowed here in /etc/nginx/conf.d/default.conf:7
2026/09/23 08:05:47 [emerg] 1#1: "log_format" directive is not allowed here in /etc/nginx/conf.d/default.conf:7
2026/09/23 08:05:48 [emerg] 1#1: "log_format" directive is not allowed here in /etc/nginx/conf.d/default.conf:7
2026/09/23 08:05:48 [emerg] 1#1: "log_format" directive is not allowed here in /etc/nginx/conf.d/default.conf:7
2026/09/23 08:05:48 [emerg] 1#1: "log_format" directive is not allowed here in /etc/nginx/conf.d/default.conf:7
2026/09/23 08:05:48 [emerg] 1#1: "log_format" directive is not allowed here in /etc/nginx/conf.d/default.conf:7
2026/09/23 08:05:48 [emerg] 1#1: "log_format" directive is not allowed here in /etc/nginx/conf.d/default.conf:7
2026/09/23 08:05:48 [emerg] 1#1: "log_format" directive is not allowed here in /etc/nginx/conf.d/default.conf:7
2026/09/23 08:05:48 [emerg] 1#1: "log_format" directive is not allowed here in /etc/nginx/conf.d/default.conf:7
2026/09/23 08:05:48 [emerg] 1#1: "log_format" directive is not allowed here in /etc/nginx/conf.d/default.conf:7
2026/09/23 08:05:49 [emerg] 1#1: "log_format" directive is not allowed here in /etc/nginx/conf.d/default.conf:7
2026/09/23 08:05:49 [emerg] 1#1: "log_format" directive is not allowed here in /etc/nginx/conf.d/default.conf:7
2026/09/23 08:05:49 [emerg] 1#1: "log_format" directive is not allowed here in /etc/nginx/conf.d/default.conf:7
2026/09/23 08:05:49 [emerg] 1#1: "log_format" directive is not allowed here in /etc/nginx/conf.d/default.conf:7
2026/09/23 08:05:49 [emerg] 1#1: "log_format" directive is not allowed here in /etc/nginx/conf.d/default.conf:7
2026/09/23 08:05:49 [emerg] 1#1: "log_format" directive is not allowed here in /etc/nginx/conf.d/default.conf:7
2026/09/23 08:05:49 [emerg] 1#1: "log_format" directive is not allowed here in /etc/nginx/conf.d/default.conf:7
2026/09/23 08:05:49 [emerg] 1#1: "log_format" directive is not allowed here in /etc/nginx/conf.d/default.conf:7
2026/09/23 08:05:50 [emerg] 1#1: "log_format" directive is not allowed here in /etc/nginx/conf.d/default.conf:7
2026/09/23 08:05:50 [emerg] 1#1: "log_format" directive is not allowed here in /etc/nginx/conf.d/default.conf:7
2026/09/23 08:05:50 [emerg] 1#1: "log_format" directive is not allowed here in /etc/nginx/conf.d/default.conf:7
2026/09/23 08:05:50 [emerg] 1#1: "log_format" directive is not allowed here in /etc/nginx/conf.d/default.conf:7
2026/09/23 08:05:50 [emerg] 1#1: "log_format" directive is not allowed here in /etc/nginx/conf.d/default.conf:7
2026/09/23 08:05:50 [emerg] 1#1: "log_format" directive is not allowed here in /etc/nginx/conf.d/default.conf:7
2026/09/23 08:05:50 [emerg] 1#1: "log_format" directive is not allowed here in /etc/nginx/conf.d/default.conf:7
2026/09/23 08:05:51 [emerg] 1#1: "log_format" directive is not allowed here in /etc/nginx/conf.d/default.conf:7
2026/09/23 08:05:51 [emerg] 1#1: "log_format" directive is not allowed here in /etc/nginx/conf.d/default.conf:7
2026/09/23 08:05:51 [emerg] 1#1: "log_format" directive is not allowed here in /etc/nginx/conf.d/default.conf:7
2026/09/23 08:05:51 [emerg] 1#1: "log_format" directive is not allowed here in /etc/nginx/conf.d/default.conf:7
2026/09/23 08:05:51 [emerg] 1#1: "log_format" directive is not allowed here in /etc/nginx/conf.d/default.conf:7
2026/09/23 08:05:51 [emerg] 1#1: "log_format" directive is not allowed here in /etc/nginx/conf.d/default.conf:7
2026/09/23 08:05:51 [emerg] 1#1: "log_format" directive is not allowed here in /etc/nginx/conf.d/default.conf:7
2026/09/23 08:05:51 [emerg] 1#1: "log_format" directive is not allowed here in /etc/nginx/conf.d/default.conf:7
2026/09/23 08:05:52 [emerg] 1#1: "log_format" directive is not allowed here in /etc/nginx/conf.d/default.conf:7
2026/09/23 08:05:52 [emerg] 1#1: "log_format" directive is not allowed here in /etc/nginx/conf.d/default.conf:7
2026/09/23 08:05:52 [emerg] 1#1: "log_format" directive is not allowed here in /etc/nginx/conf.d/default.conf:7
2026/09/23 08:05:52 [emerg] 1#1: "log_format" directive is not allowed here in /etc/nginx/conf.d/default.conf:7
2026/09/23 08:05:52 [emerg] 1#1: "log_format" directive is not allowed here in /etc/nginx/conf.d/default.conf:7
2026/09/23 08:05:52 [emerg] 1#1: "log_format" directive is not allowed here in /etc/nginx/conf.d/default.conf:7
2026/09/23 08:05:52 [emerg] 1#1: "log_format" directive is not allowed here in /etc/nginx/conf.d/default.conf:7
2026/09/23 08:05:52 [emerg] 1#1: "log_format" directive is not allowed here in /etc/nginx/conf.d/default.conf:7
2026/09/23 08:05:52 [emerg] 1#1: "log_format" directive is not allowed here in /etc/nginx/conf.d/default.conf:7
2026/09/23 08:05:53 [emerg] 1#1: "log_format" directive is not allowed here in /etc/nginx/conf.d/default.conf:7
2026/09/23 08:05:53 [emerg] 1#1: "log_format" directive is not allowed here in /etc/nginx/conf.d/default.conf:7
2026/09/23 08:05:53 [emerg] 1#1: "log_format" directive is not allowed here in /etc/nginx/conf.d/default.conf:7
2026/09/23 08:05:53 [emerg] 1#1: "log_format" directive is not allowed here in /etc/nginx/conf.d/default.conf:7
2026/09/23 08:05:53 [emerg] 1#1: "log_format" directive is not allowed here in /etc/nginx/conf.d/default.conf:7
2026/09/23 08:05:53 [emerg] 1#1: "log_format" directive is not allowed here in /etc/nginx/conf.d/default.conf:7
2026/09/23 08:05:53 [emerg] 1#1: "log_format" directive is not allowed here in /etc/nginx/conf.d/default.conf:7
2026/09/23 08:05:53 [emerg] 1#1: "log_format" directive is not allowed here in /etc/nginx/conf.d/default.conf:7
2026/09/23 08:05:54 [emerg] 1#1: "log_format" directive is not allowed here in /etc/nginx/conf.d/default.conf:7
2026/09/23 08:05:54 [emerg] 1#1: "log_format" directive is not allowed here in /etc/nginx/conf.d/default.conf:7
2026/09/23 08:05:54 [emerg] 1#1: "log_format" directive is not allowed here in /etc/nginx/conf.d/default.conf:7
2026/09/23 08:05:54 [emerg] 1#1: "log_format" directive is not allowed here in /etc/nginx/conf.d/default.conf:7
2026/09/23 08:05:54 [emerg] 1#1: "log_format" directive is not allowed here in /etc/nginx/conf.d/default.conf:7
2026/09/23 08:05:54 [emerg] 1#1: "log_format" directive is not allowed here in /etc/nginx/conf.d/default.conf:7
2026/09/23 08:05:54 [emerg] 1#1: "log_format" directive is not allowed here in /etc/nginx/conf.d/default.conf:7
2026/09/23 08:05:54 [emerg] 1#1: "log_format" directive is not allowed here in /etc/nginx/conf.d/default.conf:7
2026/09/23 08:05:55 [emerg] 1#1: "log_format" directive is not allowed here in /etc/nginx/conf.d/default.conf:7
2026/09/23 08:05:55 [emerg] 1#1: "log_format" directive is not allowed here in /etc/nginx/conf.d/default.conf:7
2026/09/23 08:05:55 [emerg] 1#1: "log_format" directive is not allowed here in /etc/nginx/conf.d/default.conf:7
2026/09/23 08:05:55 [emerg] 1#1: "log_format" directive is not allowed here in /etc/nginx/conf.d/default.conf:7
2026/09/23 08:05:55 [emerg] 1#1: "log_format" directive is not allowed here in /etc/nginx/conf.d/default.conf:7
2026/09/23 08:05:55 [emerg] 1#1: "log_format" directive is not allowed here in /etc/nginx/conf.d/default.conf:7
2026/09/23 08:05:55 [emerg] 1#1: "log_format" directive is not allowed here in /etc/nginx/conf.d/default.conf:7
2026/09/23 08:05:55 [emerg] 1#1: "log_format" directive is not allowed here in /etc/nginx/conf.d/default.conf:7
2026/09/23 08:05:56 [emerg] 1#1: "log_format" directive is not allowed here in /etc/nginx/conf.d/default.conf:7
2026/09/23 08:05:56 [emerg] 1#1: "log_format" directive is not allowed here in /etc/nginx/conf.d/default.conf:7
2026/09/23 08:05:56 [emerg] 1#1: "log_format" directive is not allowed here in /etc/nginx/conf.d/default.conf:7
2026/09/23 08:05:56 [emerg] 1#1: "log_format" directive is not allowed here in /etc/nginx/conf.d/default.conf:7
2026/09/23 08:05:56 [emerg] 1#1: "log_format" directive is not allowed here in /etc/nginx/conf.d/default.conf:7
2026/09/23 08:05:56 [emerg] 1#1: "log_format" directive is not allowed here in /etc/nginx/conf.d/default.conf:7
2026/09/23 08:05:56 [emerg] 1#1: "log_format" directive is not allowed here in /etc/nginx/conf.d/default.conf:7
2026/09/23 08:05:56 [emerg] 1#1: "log_format" directive is not allowed here in /etc/nginx/conf.d/default.conf:7
2026/09/23 08:05:56 [emerg] 1#1: "log_format" directive is not allowed here in /etc/nginx/conf.d/default.conf:7
2026/09/23 08:05:57 [emerg] 1#1: "log_format" directive is not allowed here in /etc/nginx/conf.d/default.conf:7
2026/09/23 08:05:57 [emerg] 1#1: "log_format" directive is not allowed here in /etc/nginx/conf.d/default.conf:7
2026/09/23 08:05:57 [emerg] 1#1: "log_format" directive is not allowed here in /etc/nginx/conf.d/default.conf:7
2026/09/23 08:05:57 [emerg] 1#1: "log_format" directive is not allowed here in /etc/nginx/conf.d/default.conf:7
2026/09/23 08:05:57 [emerg] 1#1: "log_format" directive is not allowed here in /etc/nginx/conf.d/default.conf:7
2026/09/23 08:05:57 [emerg] 1#1: "log_format" directive is not allowed here in /etc/nginx/conf.d/default.conf:7
2026/09/23 08:05:57 [emerg] 1#1: "log_format" directive is not allowed here in /etc/nginx/conf.d/default.conf:7
2026/09/23 08:05:57 [emerg] 1#1: "log_format" directive is not allowed here in /etc/nginx/conf.d/default.conf:7
2026/09/23 08:05:58 [emerg] 1#1: "log_format" directive is not allowed here in /etc/nginx/conf.d/default.conf:7
2026/09/23 08:05:58 [emerg] 1#1: "log_format" directive is not allowed here in /etc/nginx/conf.d/default.conf:7
2026/09/23 08:05:58 [emerg] 1#1: "log_format" directive is not allowed here in /etc/nginx/conf.d/default.conf:7
2026/09/23 08:05:58 [emerg] 1#1: "log_format" directive is not allowed here in /etc/nginx/conf.d/default.conf:7
2026/09/23 08:05:58 [emerg] 1#1: "log_format" directive is not allowed here in /etc/nginx/conf.d/default.conf:7
2026/09/23 08:05:58 [emerg] 1#1: "log_format" directive is not allowed here in /etc/nginx/conf.d/default.conf:7
2026/09/23 08:05:58 [emerg] 1#1: "log_format" directive is not allowed here in /etc/nginx/conf.d/default.conf:7
2026/09/23 08:05:58 [emerg] 1#1: "log_format" directive is not allowed here in /etc/nginx/conf.d/default.conf:7
2026/09/23 08:05:59 [emerg] 1#1: "log_format" directive is not allowed here in /etc/nginx/conf.d/default.conf:7
2026/09/23 08:05:59 [emerg] 1#1: "log_format" directive is not allowed here in /etc/nginx/conf.d/default.conf:7
2026/09/23 08:05:59 [emerg] 1#1: "log_format" directive is not allowed here in /etc/nginx/conf.d/default.conf:7
2026/09/23 08:05:59 [emerg] 1#1: "log_format" directive is not allowed here in /etc/nginx/conf.d/default.conf:7
2026/09/23 08:05:59 [emerg] 1#1: "log_format" directive is not allowed here in /etc/nginx/conf.d/default.conf:7
2026/09/23 08:05:59 [emerg] 1#1: "log_format" directive is not allowed here in /etc/nginx/conf.d/default.conf:7
2026/09/23 08:05:59 [emerg] 1#1: "log_format" directive is not allowed here in /etc/nginx/conf.d/default.conf:7
2026/09/23 08:05:59 [emerg] 1#1: "log_format" directive is not allowed here in /etc/nginx/conf.d/default.conf:7
2026/09/23 08:06:00 [emerg] 1#1: "log_format" directive is not allowed here in /etc/nginx/conf.d/default.conf:7
2026/09/23 08:06:00 [emerg] 1#1: "log_format" directive is not allowed here in /etc/nginx/conf.d/default.conf:7
2026/09/23 08:06:00 [emerg] 1#1: "log_format" directive is not allowed here in /etc/nginx/conf.d/default.conf:7
2026/09/23 08:06:00 [emerg] 1#1: "log_format" directive is not allowed here in /etc/nginx/conf.d/default.conf:7
2026/09/23 08:06:00 [emerg] 1#1: "log_format" directive is not allowed here in /etc/nginx/conf.d/default.conf:7
2026/09/23 08:06:00 [emerg] 1#1: "log_format" directive is not allowed here in /etc/nginx/conf.d/default.conf:7
2026/09/23 08:06:00 [emerg] 1#1: "log_format" directive is not allowed here in /etc/nginx/conf.d/default.conf:7
2026/09/23 08:06:00 [emerg] 1#1: "log_format" directive is not allowed here in /etc/nginx/conf.d/default.conf:7
2026/09/23 08:06:00 [emerg] 1#1: "log_format" directive is not allowed here in /etc/nginx/conf.d/default.conf:7
2026/09/23 08:06:01 [emerg] 1#1: "log_format" directive is not allowed here in /etc/nginx/conf.d/default.conf:7
2026/09/23 08:06:01 [emerg] 1#1: "log_format" directive is not allowed here in /etc/nginx/conf.d/default.conf:7
2026/09/23 08:06:01 [emerg] 1#1: "log_format" directive is not allowed here in /etc/nginx/conf.d/default.conf:7
2026/09/23 08:06:01 [emerg] 1#1: "log_format" directive is not allowed here in /etc/nginx/conf.d/default.conf:7
2026/09/23 08:06:01 [emerg] 1#1: "log_format" directive is not allowed here in /etc/nginx/conf.d/default.conf:7
2026/09/23 08:06:01 [emerg] 1#1: "log_format" directive is not allowed here in /etc/nginx/conf.d/default.conf:7
2026/09/23 08:06:01 [emerg] 1#1: "log_format" directive is not allowed here in /etc/nginx/conf.d/default.conf:7
2026/09/23 08:06:02 [emerg] 1#1: "log_format" directive is not allowed here in /etc/nginx/conf.d/default.conf:7
2026/09/23 08:06:02 [emerg] 1#1: "log_format" directive is not allowed here in /etc/nginx/conf.d/default.conf:7
2026/09/23 08:06:02 [emerg] 1#1: "log_format" directive is not allowed here in /etc/nginx/conf.d/default.conf:7
2026/09/23 08:06:02 [emerg] 1#1: "log_format" directive is not allowed here in /etc/nginx/conf.d/default.conf:7
2026/09/23 08:06:02 [emerg] 1#1: "log_format" directive is not allowed here in /etc/nginx/conf.d/default.conf:7
2026/09/23 08:06:02 [emerg] 1#1: "log_format" directive is not allowed here in /etc/nginx/conf.d/default.conf:7
2026/09/23 08:06:02 [emerg] 1#1: "log_format" directive is not allowed here in /etc/nginx/conf.d/default.conf:7
2026/09/23 08:06:02 [emerg] 1#1: "log_format" directive is not allowed here in /etc/nginx/conf.d/default.conf:7
2026/09/23 08:06:03 [emerg] 1#1: "log_format" directive is not allowed here in /etc/nginx/conf.d/default.conf:7
2026/09/23 08:06:03 [emerg] 1#1: "log_format" directive is not allowed here in /etc/nginx/conf.d/default.conf:7
2026/09/23 08:06:03 [emerg] 1#1: "log_format" directive is not allowed here in /etc/nginx/conf.d/default.conf:7
2026/09/23 08:06:03 [emerg] 1#1: "log_format" directive is not allowed here in /etc/nginx/conf.d/default.conf:7
2026/09/23 08:06:03 [emerg] 1#1: "log_format" directive is not allowed here in /etc/nginx/conf.d/default.conf:7
2026/09/23 08:06:03 [emerg] 1#1: "log_format" directive is not allowed here in /etc/nginx/conf.d/default.conf:7
2026/09/23 08:06:03 [emerg] 1#1: "log_format" directive is not allowed here in /etc/nginx/conf.d/default.conf:7
2026/09/23 08:06:03 [emerg] 1#1: "log_format" directive is not allowed here in /etc/nginx/conf.d/default.conf:7
2026/09/23 08:06:03 [emerg] 1#1: "log_format" directive is not allowed here in /etc/nginx/conf.d/default.conf:7
2026/09/23 08:06:04 [emerg] 1#1: "log_format" directive is not allowed here in /etc/nginx/conf.d/default.conf:7
2026/09/23 08:06:04 [emerg] 1#1: "log_format" directive is not allowed here in /etc/nginx/conf.d/default.conf:7
2026/09/23 08:06:04 [emerg] 1#1: "log_format" directive is not allowed here in /etc/nginx/conf.d/default.conf:7
2026/09/23 08:06:04 [emerg] 1#1: "log_format" directive is not allowed here in /etc/nginx/conf.d/default.conf:7
2026/09/23 08:06:04 [emerg] 1#1: "log_format" directive is not allowed here in /etc/nginx/conf.d/default.conf:7
2026/09/23 08:06:04 [emerg] 1#1: "log_format" directive is not allowed here in /etc/nginx/conf.d/default.conf:7
2026/09/23 08:06:04 [emerg] 1#1: "log_format" directive is not allowed here in /etc/nginx/conf.d/default.conf:7
2026/09/23 08:06:04 [emerg] 1#1: "log_format" directive is not allowed here in /etc/nginx/conf.d/default.conf:7
2026/09/23 08:06:05 [emerg] 1#1: "log_format" directive is not allowed here in /etc/nginx/conf.d/default.conf:7
2026/09/23 08:06:05 [emerg] 1#1: "log_format" directive is not allowed here in /etc/nginx/conf.d/default.conf:7
2026/09/23 08:06:05 [emerg] 1#1: "log_format" directive is not allowed here in /etc/nginx/conf.d/default.conf:7
2026/09/23 08:06:05 [emerg] 1#1: "log_format" directive is not allowed here in /etc/nginx/conf.d/default.conf:7
2026/09/23 08:06:05 [emerg] 1#1: "log_format" directive is not allowed here in /etc/nginx/conf.d/default.conf:7
2026/09/23 08:06:05 [emerg] 1#1: "log_format" directive is not allowed here in /etc/nginx/conf.d/default.conf:7
2026/09/23 08:06:05 [emerg] 1#1: "log_format" directive is not allowed here in /etc/nginx/conf.d/default.conf:7
2026/09/23 08:06:05 [emerg] 1#1: "log_format" directive is not allowed here in /etc/nginx/conf.d/default.conf:7
2026/09/23 08:06:06 [emerg] 1#1: "log_format" directive is not allowed here in /etc/nginx/conf.d/default.conf:7
2026/09/23 08:06:06 [emerg] 1#1: "log_format" directive is not allowed here in /etc/nginx/conf.d/default.conf:7
2026/09/23 08:06:06 [emerg] 1#1: "log_format" directive is not allowed here in /etc/nginx/conf.d/default.conf:7
2026/09/23 08:06:06 [emerg] 1#1: "log_format" directive is not allowed here in /etc/nginx/conf.d/default.conf:7
2026/09/23 08:06:06 [emerg] 1#1: "log_format" directive is not allowed here in /etc/nginx/conf.d/default.conf:7
2026/09/23 08:06:06 [emerg] 1#1: "log_format" directive is not allowed here in /etc/nginx/conf.d/default.conf:7
2026/09/23 08:06:06 [emerg] 1#1: "log_format" directive is not allowed here in /etc/nginx/conf.d/default.conf:7
2026/09/23 08:06:06 [emerg] 1#1: "log_format" directive is not allowed here in /etc/nginx/conf.d/default.conf:7
2026/09/23 08:06:07 [emerg] 1#1: "log_format" directive is not allowed here in /etc/nginx/conf.d/default.conf:7
2026/09/23 08:06:07 [emerg] 1#1: "log_format" directive is not allowed here in /etc/nginx/conf.d/default.conf:7
2026/09/23 08:06:07 [emerg] 1#1: "log_format" directive is not allowed here in /etc/nginx/conf.d/default.conf:7
2026/09/23 08:06:07 [emerg] 1#1: "log_format" directive is not allowed here in /etc/nginx/conf.d/default.conf:7
2026/09/23 08:06:07 [emerg] 1#1: "log_format" directive is not allowed here in /etc/nginx/conf.d/default.conf:7
2026/09/23 08:06:07 [emerg] 1#1: "log_format" directive is not allowed here in /etc/nginx/conf.d/default.conf:7
2026/09/23 08:06:07 [emerg] 1#1: "log_format" directive is not allowed here in /etc/nginx/conf.d/default.conf:7
2026/09/23 08:06:07 [emerg] 1#1: "log_format" directive is not allowed here in /etc/nginx/conf.d/default.conf:7
2026/09/23 08:06:08 [emerg] 1#1: "log_format" directive is not allowed here in /etc/nginx/conf.d/default.conf:7
2026/09/23 08:06:08 [emerg] 1#1: "log_format" directive is not allowed here in /etc/nginx/conf.d/default.conf:7
2026/09/23 08:06:08 [emerg] 1#1: "log_format" directive is not allowed here in /etc/nginx/conf.d/default.conf:7
2026/09/23 08:06:08 [emerg] 1#1: "log_format" directive is not allowed here in /etc/nginx/conf.d/default.conf:7
2026/09/23 08:06:08 [emerg] 1#1: "log_format" directive is not allowed here in /etc/nginx/conf.d/default.conf:7
2026/09/23 08:06:08 [emerg] 1#1: "log_format" directive is not allowed here in /etc/nginx/conf.d/default.conf:7
2026/09/23 08:06:08 [emerg] 1#1: "log_format" directive is not allowed here in /etc/nginx/conf.d/default.conf:7
2026/09/23 08:06:08 [emerg] 1#1: "log_format" directive is not allowed here in /etc/nginx/conf.d/default.conf:7
2026/09/23 08:06:09 [emerg] 1#1: "log_format" directive is not allowed here in /etc/nginx/conf.d/default.conf:7
2026/09/23 08:06:09 [emerg] 1#1: "log_format" directive is not allowed here in /etc/nginx/conf.d/default.conf:7
2026/09/23 08:06:09 [emerg] 1#1: "log_format" directive is not allowed here in /etc/nginx/conf.d/default.conf:7
2026/09/23 08:06:09 [emerg] 1#1: "log_format" directive is not allowed here in /etc/nginx/conf.d/default.conf:7
2026/09/23 08:06:09 [emerg] 1#1: "log_format" directive is not allowed here in /etc/nginx/conf.d/default.conf:7
2026/09/23 08:06:09 [emerg] 1#1: "log_format" directive is not allowed here in /etc/nginx/conf.d/default.conf:7
2026/09/23 08:06:09 [emerg] 1#1: "log_format" directive is not allowed here in /etc/nginx/conf.d/default.conf:7
2026/09/23 08:06:09 [emerg] 1#1: "log_format" directive is not allowed here in /etc/nginx/conf.d/default.conf:7
2026/09/23 08:06:10 [emerg] 1#1: "log_format" directive is not allowed here in /etc/nginx/conf.d/default.conf:7
2026/09/23 08:06:10 [emerg] 1#1: "log_format" directive is not allowed here in /etc/nginx/conf.d/default.conf:7
2026/09/23 08:06:10 [emerg] 1#1: "log_format" directive is not allowed here in /etc/nginx/conf.d/default.conf:7
2026/09/23 08:06:10 [emerg] 1#1: "log_format" directive is not allowed here in /etc/nginx/conf.d/default.conf:7
2026/09/23 08:06:10 [emerg] 1#1: "log_format" directive is not allowed here in /etc/nginx/conf.d/default.conf:7
2026/09/23 08:06:10 [emerg] 1#1: "log_format" directive is not allowed here in /etc/nginx/conf.d/default.conf:7
2026/09/23 08:06:10 [emerg] 1#1: "log_format" directive is not allowed here in /etc/nginx/conf.d/default.conf:7
2026/09/23 08:06:10 [emerg] 1#1: "log_format" directive is not allowed here in /etc/nginx/conf.d/default.conf:7
2026/09/23 08:06:11 [emerg] 1#1: "log_format" directive is not allowed here in /etc/nginx/conf.d/default.conf:7
2026/09/23 08:06:11 [emerg] 1#1: "log_format" directive is not allowed here in /etc/nginx/conf.d/default.conf:7
2026/09/23 08:06:11 [emerg] 1#1: "log_format" directive is not allowed here in /etc/nginx/conf.d/default.conf:7
2026/09/23 08:06:11 [emerg] 1#1: "log_format" directive is not allowed here in /etc/nginx/conf.d/default.conf:7
2026/09/23 08:06:11 [emerg] 1#1: "log_format" directive is not allowed here in /etc/nginx/conf.d/default.conf:7
2026/09/23 08:06:11 [emerg] 1#1: "log_format" directive is not allowed here in /etc/nginx/conf.d/default.conf:7
2026/09/23 08:06:11 [emerg] 1#1: "log_format" directive is not allowed here in /etc/nginx/conf.d/default.conf:7
2026/09/23 08:06:11 [emerg] 1#1: "log_format" directive is not allowed here in /etc/nginx/conf.d/default.conf:7
2026/09/23 08:06:12 [emerg] 1#1: "log_format" directive is not allowed here in /etc/nginx/conf.d/default.conf:7
2026/09/23 08:06:12 [emerg] 1#1: "log_format" directive is not allowed here in /etc/nginx/conf.d/default.conf:7
2026/09/23 08:06:12 [emerg] 1#1: "log_format" directive is not allowed here in /etc/nginx/conf.d/default.conf:7
2026/09/23 08:06:12 [emerg] 1#1: "log_format" directive is not allowed here in /etc/nginx/conf.d/default.conf:7
2026/09/23 08:06:12 [emerg] 1#1: "log_format" directive is not allowed here in /etc/nginx/conf.d/default.conf:7
2026/09/23 08:06:12 [emerg] 1#1: "log_format" directive is not allowed here in /etc/nginx/conf.d/default.conf:7
2026/09/23 08:06:12 [emerg] 1#1: "log_format" directive is not allowed here in /etc/nginx/conf.d/default.conf:7
2026/09/23 08:06:12 [emerg] 1#1: "log_format" directive is not allowed here in /etc/nginx/conf.d/default.conf:7
2026/09/23 08:06:12 [emerg] 1#1: "log_format" directive is not allowed here in /etc/nginx/conf.d/default.conf:7
2026/09/23 08:06:13 [emerg] 1#1: "log_format" directive is not allowed here in /etc/nginx/conf.d/default.conf:7
2026/09/23 08:06:13 [emerg] 1#1: "log_format" directive is not allowed here in /etc/nginx/conf.d/default.conf:7
2026/09/23 08:06:13 [emerg] 1#1: "log_format" directive is not allowed here in /etc/nginx/conf.d/default.conf:7
2026/09/23 08:06:13 [emerg] 1#1: "log_format" directive is not allowed here in /etc/nginx/conf.d/default.conf:7
2026/09/23 08:06:13 [emerg] 1#1: "log_format" directive is not allowed here in /etc/nginx/conf.d/default.conf:7
2026/09/23 08:06:13 [emerg] 1#1: "log_format" directive is not allowed here in /etc/nginx/conf.d/default.conf:7
2026/09/23 08:06:13 [emerg] 1#1: "log_format" directive is not allowed here in /etc/nginx/conf.d/default.conf:7
2026/09/23 08:06:13 [emerg] 1#1: "log_format" directive is not allowed here in /etc/nginx/conf.d/default.conf:7
2026/09/23 08:06:14 [emerg] 1#1: "log_format" directive is not allowed here in /etc/nginx/conf.d/default.conf:7
2026/09/23 08:06:14 [emerg] 1#1: "log_format" directive is not allowed here in /etc/nginx/conf.d/default.conf:7
2026/09/23 08:06:14 [emerg] 1#1: "log_format" directive is not allowed here in /etc/nginx/conf.d/default.conf:7
2026/09/23 08:06:14 [emerg] 1#1: "log_format" directive is not allowed here in /etc/nginx/conf.d/default.conf:7
2026/09/23 08:06:14 [emerg] 1#1: "log_format" directive is not allowed here in /etc/nginx/conf.d/default.conf:7
2026/09/23 08:06:14 [emerg] 1#1: "log_format" directive is not allowed here in /etc/nginx/conf.d/default.conf:7
2026/09/23 08:06:14 [emerg] 1#1: "log_format" directive is not allowed here in /etc/nginx/conf.d/default.conf:7
2026/09/23 08:06:14 [emerg] 1#1: "log_format" directive is not allowed here in /etc/nginx/conf.d/default.conf:7
2026/09/23 08:06:14 [emerg] 1#1: "log_format" directive is not allowed here in /etc/nginx/conf.d/default.conf:7
2026/09/23 08:06:15 [emerg] 1#1: "log_format" directive is not allowed here in /etc/nginx/conf.d/default.conf:7
2026/09/23 08:06:15 [emerg] 1#1: "log_format" directive is not allowed here in /etc/nginx/conf.d/default.conf:7
2026/09/23 08:06:15 [emerg] 1#1: "log_format" directive is not allowed here in /etc/nginx/conf.d/default.conf:7
2026/09/23 08:06:15 [emerg] 1#1: "log_format" directive is not allowed here in /etc/nginx/conf.d/default.conf:7
2026/09/23 08:06:15 [emerg] 1#1: "log_format" directive is not allowed here in /etc/nginx/conf.d/default.conf:7
2026/09/23 08:06:15 [emerg] 1#1: "log_format" directive is not allowed here in /etc/nginx/conf.d/default.conf:7
2026/09/23 08:06:15 [emerg] 1#1: "log_format" directive is not allowed here in /etc/nginx/conf.d/default.conf:7
2026/09/23 08:06:16 [emerg] 1#1: "log_format" directive is not allowed here in /etc/nginx/conf.d/default.conf:7
2026/09/23 08:06:16 [emerg] 1#1: "log_format" directive is not allowed here in /etc/nginx/conf.d/default.conf:7
2026/09/23 08:06:16 [emerg] 1#1: "log_format" directive is not allowed here in /etc/nginx/conf.d/default.conf:7
2026/09/23 08:06:16 [emerg] 1#1: "log_format" directive is not allowed here in /etc/nginx/conf.d/default.conf:7
2026/09/23 08:06:16 [emerg] 1#1: "log_format" directive is not allowed here in /etc/nginx/conf.d/default.conf:7
2026/09/23 08:06:16 [emerg] 1#1: "log_format" directive is not allowed here in /etc/nginx/conf.d/default.conf:7
2026/09/23 08:06:16 [emerg] 1#1: "log_format" directive is not allowed here in /etc/nginx/conf.d/default.conf:7
2026/09/23 08:06:16 [emerg] 1#1: "log_format" directive is not allowed here in /etc/nginx/conf.d/default.conf:7
2026/09/23 08:06:16 [emerg] 1#1: "log_format" directive is not allowed here in /etc/nginx/conf.d/default.conf:7
2026/09/23 08:06:17 [emerg] 1#1: "log_format" directive is not allowed here in /etc/nginx/conf.d/default.conf:7
2026/09/23 08:06:17 [emerg] 1#1: "log_format" directive is not allowed here in /etc/nginx/conf.d/default.conf:7
2026/09/23 08:06:17 [emerg] 1#1: "log_format" directive is not allowed here in /etc/nginx/conf.d/default.conf:7
2026/09/23 08:06:17 [emerg] 1#1: "log_format" directive is not allowed here in /etc/nginx/conf.d/default.conf:7
2026/09/23 08:06:17 [emerg] 1#1: "log_format" directive is not allowed here in /etc/nginx/conf.d/default.conf:7
2026/09/23 08:06:17 [emerg] 1#1: "log_format" directive is not allowed here in /etc/nginx/conf.d/default.conf:7
2026/09/23 08:06:17 [emerg] 1#1: "log_format" directive is not allowed here in /etc/nginx/conf.d/default.conf:7
2026/09/23 08:06:17 [emerg] 1#1: "log_format" directive is not allowed here in /etc/nginx/conf.d/default.conf:7
2026/09/23 08:06:17 [emerg] 1#1: "log_format" directive is not allowed here in /etc/nginx/conf.d/default.conf:7
2026/09/23 08:06:18 [emerg] 1#1: "log_format" directive is not allowed here in /etc/nginx/conf.d/default.conf:7
2026/09/23 08:06:18 [emerg] 1#1: "log_format" directive is not allowed here in /etc/nginx/conf.d/default.conf:7
2026/09/23 08:06:18 [emerg] 1#1: "log_format" directive is not allowed here in /etc/nginx/conf.d/default.conf:7
2026/09/23 08:06:18 [emerg] 1#1: "log_format" directive is not allowed here in /etc/nginx/conf.d/default.conf:7
2026/09/23 08:06:18 [emerg] 1#1: "log_format" directive is not allowed here in /etc/nginx/conf.d/default.conf:7
2026/09/23 08:06:18 [emerg] 1#1: "log_format" directive is not allowed here in /etc/nginx/conf.d/default.conf:7
2026/09/23 08:06:18 [emerg] 1#1: "log_format" directive is not allowed here in /etc/nginx/conf.d/default.conf:7
2026/09/23 08:06:18 [emerg] 1#1: "log_format" directive is not allowed here in /etc/nginx/conf.d/default.conf:7
2026/09/23 08:06:18 [emerg] 1#1: "log_format" directive is not allowed here in /etc/nginx/conf.d/default.conf:7
2026/09/23 08:06:19 [emerg] 1#1: "log_format" directive is not allowed here in /etc/nginx/conf.d/default.conf:7
2026/09/23 08:06:19 [emerg] 1#1: "log_format" directive is not allowed here in /etc/nginx/conf.d/default.conf:7
2026/09/23 08:06:19 [emerg] 1#1: "log_format" directive is not allowed here in /etc/nginx/conf.d/default.conf:7
2026/09/23 08:06:19 [emerg] 1#1: "log_format" directive is not allowed here in /etc/nginx/conf.d/default.conf:7
2026/09/23 08:06:19 [emerg] 1#1: "log_format" directive is not allowed here in /etc/nginx/conf.d/default.conf:7
2026/09/23 08:06:19 [emerg] 1#1: "log_format" directive is not allowed here in /etc/nginx/conf.d/default.conf:7
2026/09/23 08:06:19 [emerg] 1#1: "log_format" directive is not allowed here in /etc/nginx/conf.d/default.conf:7
2026/09/23 08:06:19 [emerg] 1#1: "log_format" directive is not allowed here in /etc/nginx/conf.d/default.conf:7
2026/09/23 08:06:20 [emerg] 1#1: "log_format" directive is not allowed here in /etc/nginx/conf.d/default.conf:7
2026/09/23 08:06:20 [emerg] 1#1: "log_format" directive is not allowed here in /etc/nginx/conf.d/default.conf:7
2026/09/23 08:06:20 [emerg] 1#1: "log_format" directive is not allowed here in /etc/nginx/conf.d/default.conf:7
2026/09/23 08:06:20 [emerg] 1#1: "log_format" directive is not allowed here in /etc/nginx/conf.d/default.conf:7
2026/09/23 08:06:20 [emerg] 1#1: "log_format" directive is not allowed here in /etc/nginx/conf.d/default.conf:7
2026/09/23 08:06:20 [emerg] 1#1: "log_format" directive is not allowed here in /etc/nginx/conf.d/default.conf:7
2026/09/23 08:06:20 [emerg] 1#1: "log_format" directive is not allowed here in /etc/nginx/conf.d/default.conf:7
2026/09/23 08:06:20 [emerg] 1#1: "log_format" directive is not allowed here in /etc/nginx/conf.d/default.conf:7
2026/09/23 08:06:20 [emerg] 1#1: "log_format" directive is not allowed here in /etc/nginx/conf.d/default.conf:7
2026/09/23 08:06:21 [emerg] 1#1: "log_format" directive is not allowed here in /etc/nginx/conf.d/default.conf:7
2026/09/23 08:06:21 [emerg] 1#1: "log_format" directive is not allowed here in /etc/nginx/conf.d/default.conf:7
2026/09/23 08:06:21 [emerg] 1#1: "log_format" directive is not allowed here in /etc/nginx/conf.d/default.conf:7
2026/09/23 08:06:21 [emerg] 1#1: "log_format" directive is not allowed here in /etc/nginx/conf.d/default.conf:7
2026/09/23 08:06:21 [emerg] 1#1: "log_format" directive is not allowed here in /etc/nginx/conf.d/default.conf:7
2026/09/23 08:06:21 [emerg] 1#1: "log_format" directive is not allowed here in /etc/nginx/conf.d/default.conf:7
2026/09/23 08:06:21 [emerg] 1#1: "log_format" directive is not allowed here in /etc/nginx/conf.d/default.conf:7
2026/09/23 08:06:21 [emerg] 1#1: "log_format" directive is not allowed here in /etc/nginx/conf.d/default.conf:7
2026/09/23 08:06:22 [emerg] 1#1: "log_format" directive is not allowed here in /etc/nginx/conf.d/default.conf:7
2026/09/23 08:06:22 [emerg] 1#1: "log_format" directive is not allowed here in /etc/nginx/conf.d/default.conf:7
2026/09/23 08:06:22 [emerg] 1#1: "log_format" directive is not allowed here in /etc/nginx/conf.d/default.conf:7
2026/09/23 08:06:22 [emerg] 1#1: "log_format" directive is not allowed here in /etc/nginx/conf.d/default.conf:7
2026/09/23 08:06:22 [emerg] 1#1: "log_format" directive is not allowed here in /etc/nginx/conf.d/default.conf:7
2026/09/23 08:06:22 [emerg] 1#1: "log_format" directive is not allowed here in /etc/nginx/conf.d/default.conf:7
2026/09/23 08:06:22 [emerg] 1#1: "log_format" directive is not allowed here in /etc/nginx/conf.d/default.conf:7
2026/09/23 08:06:22 [emerg] 1#1: "log_format" directive is not allowed here in /etc/nginx/conf.d/default.conf:7
2026/09/23 08:06:22 [emerg] 1#1: "log_format" directive is not allowed here in /etc/nginx/conf.d/default.conf:7
2026/09/23 08:06:23 [emerg] 1#1: "log_format" directive is not allowed here in /etc/nginx/conf.d/default.conf:7
2026/09/23 08:06:23 [emerg] 1#1: "log_format" directive is not allowed here in /etc/nginx/conf.d/default.conf:7
2026/09/23 08:06:23 [emerg] 1#1: "log_format" directive is not allowed here in /etc/nginx/conf.d/default.conf:7
2026/09/23 08:06:23 [emerg] 1#1: "log_format" directive is not allowed here in /etc/nginx/conf.d/default.conf:7
2026/09/23 08:06:23 [emerg] 1#1: "log_format" directive is not allowed here in /etc/nginx/conf.d/default.conf:7
2026/09/23 08:06:23 [emerg] 1#1: "log_format" directive is not allowed here in /etc/nginx/conf.d/default.conf:7
2026/09/23 08:06:23 [emerg] 1#1: "log_format" directive is not allowed here in /etc/nginx/conf.d/default.conf:7
2026/09/23 08:06:23 [emerg] 1#1: "log_format" directive is not allowed here in /etc/nginx/conf.d/default.conf:7
2026/09/23 08:06:24 [emerg] 1#1: "log_format" directive is not allowed here in /etc/nginx/conf.d/default.conf:7
2026/09/23 08:06:24 [emerg] 1#1: "log_format" directive is not allowed here in /etc/nginx/conf.d/default.conf:7
2026/09/23 08:06:24 [emerg] 1#1: "log_format" directive is not allowed here in /etc/nginx/conf.d/default.conf:7
2026/09/23 08:06:24 [emerg] 1#1: "log_format" directive is not allowed here in /etc/nginx/conf.d/default.conf:7
2026/09/23 08:06:24 [emerg] 1#1: "log_format" directive is not allowed here in /etc/nginx/conf.d/default.conf:7
2026/09/23 08:06:24 [emerg] 1#1: "log_format" directive is not allowed here in /etc/nginx/conf.d/default.conf:7
2026/09/23 08:06:24 [emerg] 1#1: "log_format" directive is not allowed here in /etc/nginx/conf.d/default.conf:7
2026/09/23 08:06:24 [emerg] 1#1: "log_format" directive is not allowed here in /etc/nginx/conf.d/default.conf:7
2026/09/23 08:06:24 [emerg] 1#1: "log_format" directive is not allowed here in /etc/nginx/conf.d/default.conf:7
2026/09/23 08:06:25 [emerg] 1#1: "log_format" directive is not allowed here in /etc/nginx/conf.d/default.conf:7
2026/09/23 08:06:25 [emerg] 1#1: "log_format" directive is not allowed here in /etc/nginx/conf.d/default.conf:7
2026/09/23 08:06:25 [emerg] 1#1: "log_format" directive is not allowed here in /etc/nginx/conf.d/default.conf:7
2026/09/23 08:06:25 [emerg] 1#1: "log_format" directive is not allowed here in /etc/nginx/conf.d/default.conf:7
2026/09/23 08:06:25 [emerg] 1#1: "log_format" directive is not allowed here in /etc/nginx/conf.d/default.conf:7
2026/09/23 08:06:25 [emerg] 1#1: "log_format" directive is not allowed here in /etc/nginx/conf.d/default.conf:7
2026/09/23 08:06:25 [emerg] 1#1: "log_format" directive is not allowed here in /etc/nginx/conf.d/default.conf:7
2026/09/23 08:06:25 [emerg] 1#1: "log_format" directive is not allowed here in /etc/nginx/conf.d/default.conf:7
2026/09/23 08:06:26 [emerg] 1#1: "log_format" directive is not allowed here in /etc/nginx/conf.d/default.conf:7
2026/09/23 08:06:26 [emerg] 1#1: "log_format" directive is not allowed here in /etc/nginx/conf.d/default.conf:7
2026/09/23 08:06:26 [emerg] 1#1: "log_format" directive is not allowed here in /etc/nginx/conf.d/default.conf:7
2026/09/23 08:06:26 [emerg] 1#1: "log_format" directive is not allowed here in /etc/nginx/conf.d/default.conf:7
2026/09/23 08:06:26 [emerg] 1#1: "log_format" directive is not allowed here in /etc/nginx/conf.d/default.conf:7
2026/09/23 08:06:26 [emerg] 1#1: "log_format" directive is not allowed here in /etc/nginx/conf.d/default.conf:7
2026/09/23 08:06:26 [emerg] 1#1: "log_format" directive is not allowed here in /etc/nginx/conf.d/default.conf:7
2026/09/23 08:06:26 [emerg] 1#1: "log_format" directive is not allowed here in /etc/nginx/conf.d/default.conf:7
2026/09/23 08:06:27 [emerg] 1#1: "log_format" directive is not allowed here in /etc/nginx/conf.d/default.conf:7
2026/09/23 08:06:27 [emerg] 1#1: "log_format" directive is not allowed here in /etc/nginx/conf.d/default.conf:7
2026/09/23 08:06:27 [emerg] 1#1: "log_format" directive is not allowed here in /etc/nginx/conf.d/default.conf:7
2026/09/23 08:06:27 [emerg] 1#1: "log_format" directive is not allowed here in /etc/nginx/conf.d/default.conf:7
2026/09/23 08:06:27 [emerg] 1#1: "log_format" directive is not allowed here in /etc/nginx/conf.d/default.conf:7
2026/09/23 08:06:27 [emerg] 1#1: "log_format" directive is not allowed here in /etc/nginx/conf.d/default.conf:7
2026/09/23 08:06:27 [emerg] 1#1: "log_format" directive is not allowed here in /etc/nginx/conf.d/default.conf:7
2026/09/23 08:06:27 [emerg] 1#1: "log_format" directive is not allowed here in /etc/nginx/conf.d/default.conf:7
2026/09/23 08:06:28 [emerg] 1#1: "log_format" directive is not allowed here in /etc/nginx/conf.d/default.conf:7
2026/09/23 08:06:28 [emerg] 1#1: "log_format" directive is not allowed here in /etc/nginx/conf.d/default.conf:7
2026/09/23 08:06:28 [emerg] 1#1: "log_format" directive is not allowed here in /etc/nginx/conf.d/default.conf:7
2026/09/23 08:06:28 [emerg] 1#1: "log_format" directive is not allowed here in /etc/nginx/conf.d/default.conf:7
2026/09/23 08:06:28 [emerg] 1#1: "log_format" directive is not allowed here in /etc/nginx/conf.d/default.conf:7
2026/09/23 08:06:28 [emerg] 1#1: "log_format" directive is not allowed here in /etc/nginx/conf.d/default.conf:7
2026/09/23 08:06:28 [emerg] 1#1: "log_format" directive is not allowed here in /etc/nginx/conf.d/default.conf:7
2026/09/23 08:06:28 [emerg] 1#1: "log_format" directive is not allowed here in /etc/nginx/conf.d/default.conf:7
2026/09/23 08:06:28 [emerg] 1#1: "log_format" directive is not allowed here in /etc/nginx/conf.d/default.conf:7
2026/09/23 08:06:29 [emerg] 1#1: "log_format" directive is not allowed here in /etc/nginx/conf.d/default.conf:7
2026/09/23 08:06:29 [emerg] 1#1: "log_format" directive is not allowed here in /etc/nginx/conf.d/default.conf:7
2026/09/23 08:06:29 [emerg] 1#1: "log_format" directive is not allowed here in /etc/nginx/conf.d/default.conf:7
2026/09/23 08:06:29 [emerg] 1#1: "log_format" directive is not allowed here in /etc/nginx/conf.d/default.conf:7
2026/09/23 08:06:29 [emerg] 1#1: "log_format" directive is not allowed here in /etc/nginx/conf.d/default.conf:7
2026/09/23 08:06:29 [emerg] 1#1: "log_format" directive is not allowed here in /etc/nginx/conf.d/default.conf:7
2026/09/23 08:06:29 [emerg] 1#1: "log_format" directive is not allowed here in /etc/nginx/conf.d/default.conf:7
2026/09/23 08:06:29 [emerg] 1#1: "log_format" directive is not allowed here in /etc/nginx/conf.d/default.conf:7
2026/09/23 08:06:29 [emerg] 1#1: "log_format" directive is not allowed here in /etc/nginx/conf.d/default.conf:7
2026/09/23 08:06:30 [emerg] 1#1: "log_format" directive is not allowed here in /etc/nginx/conf.d/default.conf:7
2026/09/23 08:06:30 [emerg] 1#1: "log_format" directive is not allowed here in /etc/nginx/conf.d/default.conf:7
2026/09/23 08:06:30 [emerg] 1#1: "log_format" directive is not allowed here in /etc/nginx/conf.d/default.conf:7
2026/09/23 08:06:30 [emerg] 1#1: "log_format" directive is not allowed here in /etc/nginx/conf.d/default.conf:7
2026/09/23 08:06:30 [emerg] 1#1: "log_format" directive is not allowed here in /etc/nginx/conf.d/default.conf:7
2026/09/23 08:06:30 [emerg] 1#1: "log_format" directive is not allowed here in /etc/nginx/conf.d/default.conf:7
2026/09/23 08:06:30 [emerg] 1#1: "log_format" directive is not allowed here in /etc/nginx/conf.d/default.conf:7
2026/09/23 08:06:30 [emerg] 1#1: "log_format" directive is not allowed here in /etc/nginx/conf.d/default.conf:7
2026/09/23 08:06:30 [emerg] 1#1: "log_format" directive is not allowed here in /etc/nginx/conf.d/default.conf:7
2026/09/23 08:06:31 [emerg] 1#1: "log_format" directive is not allowed here in /etc/nginx/conf.d/default.conf:7
2026/09/23 08:06:31 [emerg] 1#1: "log_format" directive is not allowed here in /etc/nginx/conf.d/default.conf:7
2026/09/23 08:06:31 [emerg] 1#1: "log_format" directive is not allowed here in /etc/nginx/conf.d/default.conf:7
2026/09/23 08:06:31 [emerg] 1#1: "log_format" directive is not allowed here in /etc/nginx/conf.d/default.conf:7
2026/09/23 08:06:31 [emerg] 1#1: "log_format" directive is not allowed here in /etc/nginx/conf.d/default.conf:7
2026/09/23 08:06:31 [emerg] 1#1: "log_format" directive is not allowed here in /etc/nginx/conf.d/default.conf:7
2026/09/23 08:06:31 [emerg] 1#1: "log_format" directive is not allowed here in /etc/nginx/conf.d/default.conf:7
2026/09/23 08:06:31 [emerg] 1#1: "log_format" directive is not allowed here in /etc/nginx/conf.d/default.conf:7
2026/09/23 08:06:32 [emerg] 1#1: "log_format" directive is not allowed here in /etc/nginx/conf.d/default.conf:7
2026/09/23 08:06:32 [emerg] 1#1: "log_format" directive is not allowed here in /etc/nginx/conf.d/default.conf:7
2026/09/23 08:06:32 [emerg] 1#1: "log_format" directive is not allowed here in /etc/nginx/conf.d/default.conf:7
2026/09/23 08:06:32 [emerg] 1#1: "log_format" directive is not allowed here in /etc/nginx/conf.d/default.conf:7
2026/09/23 08:06:32 [emerg] 1#1: "log_format" directive is not allowed here in /etc/nginx/conf.d/default.conf:7
2026/09/23 08:06:32 [emerg] 1#1: "log_format" directive is not allowed here in /etc/nginx/conf.d/default.conf:7
2026/09/23 08:06:32 [emerg] 1#1: "log_format" directive is not allowed here in /etc/nginx/conf.d/default.conf:7
2026/09/23 08:06:32 [emerg] 1#1: "log_format" directive is not allowed here in /etc/nginx/conf.d/default.conf:7
2026/09/23 08:06:33 [emerg] 1#1: "log_format" directive is not allowed here in /etc/nginx/conf.d/default.conf:7
2026/09/23 08:06:33 [emerg] 1#1: "log_format" directive is not allowed here in /etc/nginx/conf.d/default.conf:7
2026/09/23 08:06:33 [emerg] 1#1: "log_format" directive is not allowed here in /etc/nginx/conf.d/default.conf:7
2026/09/23 08:06:33 [emerg] 1#1: "log_format" directive is not allowed here in /etc/nginx/conf.d/default.conf:7
2026/09/23 08:06:33 [emerg] 1#1: "log_format" directive is not allowed here in /etc/nginx/conf.d/default.conf:7
2026/09/23 08:06:33 [emerg] 1#1: "log_format" directive is not allowed here in /etc/nginx/conf.d/default.conf:7
2026/09/23 08:06:33 [emerg] 1#1: "log_format" directive is not allowed here in /etc/nginx/conf.d/default.conf:7
2026/09/23 08:06:33 [emerg] 1#1: "log_format" directive is not allowed here in /etc/nginx/conf.d/default.conf:7
2026/09/23 08:06:33 [emerg] 1#1: "log_format" directive is not allowed here in /etc/nginx/conf.d/default.conf:7
2026/09/23 08:06:34 [emerg] 1#1: "log_format" directive is not allowed here in /etc/nginx/conf.d/default.conf:7
2026/09/23 08:06:34 [emerg] 1#1: "log_format" directive is not allowed here in /etc/nginx/conf.d/default.conf:7
2026/09/23 08:06:34 [emerg] 1#1: "log_format" directive is not allowed here in /etc/nginx/conf.d/default.conf:7
2026/09/23 08:06:34 [emerg] 1#1: "log_format" directive is not allowed here in /etc/nginx/conf.d/default.conf:7
2026/09/23 08:06:34 [emerg] 1#1: "log_format" directive is not allowed here in /etc/nginx/conf.d/default.conf:7
2026/09/23 08:06:34 [emerg] 1#1: "log_format" directive is not allowed here in /etc/nginx/conf.d/default.conf:7
2026/09/23 08:06:34 [emerg] 1#1: "log_format" directive is not allowed here in /etc/nginx/conf.d/default.conf:7
2026/09/23 08:06:34 [emerg] 1#1: "log_format" directive is not allowed here in /etc/nginx/conf.d/default.conf:7
2026/09/23 08:06:35 [emerg] 1#1: "log_format" directive is not allowed here in /etc/nginx/conf.d/default.conf:7
2026/09/23 08:06:35 [emerg] 1#1: "log_format" directive is not allowed here in /etc/nginx/conf.d/default.conf:7
2026/09/23 08:06:35 [emerg] 1#1: "log_format" directive is not allowed here in /etc/nginx/conf.d/default.conf:7
2026/09/23 08:06:35 [emerg] 1#1: "log_format" directive is not allowed here in /etc/nginx/conf.d/default.conf:7
2026/09/23 08:06:35 [emerg] 1#1: "log_format" directive is not allowed here in /etc/nginx/conf.d/default.conf:7
2026/09/23 08:06:35 [emerg] 1#1: "log_format" directive is not allowed here in /etc/nginx/conf.d/default.conf:7
2026/09/23 08:06:35 [emerg] 1#1: "log_format" directive is not allowed here in /etc/nginx/conf.d/default.conf:7
2026/09/23 08:06:35 [emerg] 1#1: "log_format" directive is not allowed here in /etc/nginx/conf.d/default.conf:7
2026/09/23 08:06:36 [emerg] 1#1: "log_format" directive is not allowed here in /etc/nginx/conf.d/default.conf:7
2026/09/23 08:06:36 [emerg] 1#1: "log_format" directive is not allowed here in /etc/nginx/conf.d/default.conf:7
2026/09/23 08:06:36 [emerg] 1#1: "log_format" directive is not allowed here in /etc/nginx/conf.d/default.conf:7
2026/09/23 08:06:36 [emerg] 1#1: "log_format" directive is not allowed here in /etc/nginx/conf.d/default.conf:7
2026/09/23 08:06:36 [emerg] 1#1: "log_format" directive is not allowed here in /etc/nginx/conf.d/default.conf:7
2026/09/23 08:06:36 [emerg] 1#1: "log_format" directive is not allowed here in /etc/nginx/conf.d/default.conf:7
2026/09/23 08:06:36 [emerg] 1#1: "log_format" directive is not allowed here in /etc/nginx/conf.d/default.conf:7
2026/09/23 08:06:36 [emerg] 1#1: "log_format" directive is not allowed here in /etc/nginx/conf.d/default.conf:7
2026/09/23 08:06:36 [emerg] 1#1: "log_format" directive is not allowed here in /etc/nginx/conf.d/default.conf:7
2026/09/23 08:06:37 [emerg] 1#1: "log_format" directive is not allowed here in /etc/nginx/conf.d/default.conf:7
2026/09/23 08:06:37 [emerg] 1#1: "log_format" directive is not allowed here in /etc/nginx/conf.d/default.conf:7
2026/09/23 08:06:37 [emerg] 1#1: "log_format" directive is not allowed here in /etc/nginx/conf.d/default.conf:7
2026/09/23 08:06:37 [emerg] 1#1: "log_format" directive is not allowed here in /etc/nginx/conf.d/default.conf:7
2026/09/23 08:06:37 [emerg] 1#1: "log_format" directive is not allowed here in /etc/nginx/conf.d/default.conf:7
2026/09/23 08:06:37 [emerg] 1#1: "log_format" directive is not allowed here in /etc/nginx/conf.d/default.conf:7
2026/09/23 08:06:37 [emerg] 1#1: "log_format" directive is not allowed here in /etc/nginx/conf.d/default.conf:7
2026/09/23 08:06:37 [emerg] 1#1: "log_format" directive is not allowed here in /etc/nginx/conf.d/default.conf:7
2026/09/23 08:06:37 [emerg] 1#1: "log_format" directive is not allowed here in /etc/nginx/conf.d/default.conf:7
2026/09/23 08:06:38 [emerg] 1#1: "log_format" directive is not allowed here in /etc/nginx/conf.d/default.conf:7
2026/09/23 08:06:38 [emerg] 1#1: "log_format" directive is not allowed here in /etc/nginx/conf.d/default.conf:7
2026/09/23 08:06:38 [emerg] 1#1: "log_format" directive is not allowed here in /etc/nginx/conf.d/default.conf:7
2026/09/23 08:06:38 [emerg] 1#1: "log_format" directive is not allowed here in /etc/nginx/conf.d/default.conf:7
2026/09/23 08:06:38 [emerg] 1#1: "log_format" directive is not allowed here in /etc/nginx/conf.d/default.conf:7
2026/09/23 08:06:38 [emerg] 1#1: "log_format" directive is not allowed here in /etc/nginx/conf.d/default.conf:7
2026/09/23 08:06:38 [emerg] 1#1: "log_format" directive is not allowed here in /etc/nginx/conf.d/default.conf:7
2026/09/23 08:06:38 [emerg] 1#1: "log_format" directive is not allowed here in /etc/nginx/conf.d/default.conf:7
2026/09/23 08:06:39 [emerg] 1#1: "log_format" directive is not allowed here in /etc/nginx/conf.d/default.conf:7
2026/09/23 08:06:39 [emerg] 1#1: "log_format" directive is not allowed here in /etc/nginx/conf.d/default.conf:7
2026/09/23 08:06:39 [emerg] 1#1: "log_format" directive is not allowed here in /etc/nginx/conf.d/default.conf:7
2026/09/23 08:06:39 [emerg] 1#1: "log_format" directive is not allowed here in /etc/nginx/conf.d/default.conf:7
2026/09/23 08:06:39 [emerg] 1#1: "log_format" directive is not allowed here in /etc/nginx/conf.d/default.conf:7
2026/09/23 08:06:39 [emerg] 1#1: "log_format" directive is not allowed here in /etc/nginx/conf.d/default.conf:7
2026/09/23 08:06:39 [emerg] 1#1: "log_format" directive is not allowed here in /etc/nginx/conf.d/default.conf:7
2026/09/23 08:06:39 [emerg] 1#1: "log_format" directive is not allowed here in /etc/nginx/conf.d/default.conf:7
2026/09/23 08:06:39 [emerg] 1#1: "log_format" directive is not allowed here in /etc/nginx/conf.d/default.conf:7
2026/09/23 08:06:40 [emerg] 1#1: "log_format" directive is not allowed here in /etc/nginx/conf.d/default.conf:7
2026/09/23 08:06:40 [emerg] 1#1: "log_format" directive is not allowed here in /etc/nginx/conf.d/default.conf:7
2026/09/23 08:06:40 [emerg] 1#1: "log_format" directive is not allowed here in /etc/nginx/conf.d/default.conf:7
2026/09/23 08:06:40 [emerg] 1#1: "log_format" directive is not allowed here in /etc/nginx/conf.d/default.conf:7
2026/09/23 08:06:40 [emerg] 1#1: "log_format" directive is not allowed here in /etc/nginx/conf.d/default.conf:7
2026/09/23 08:06:40 [emerg] 1#1: "log_format" directive is not allowed here in /etc/nginx/conf.d/default.conf:7
2026/09/23 08:06:40 [emerg] 1#1: "log_format" directive is not allowed here in /etc/nginx/conf.d/default.conf:7
2026/09/23 08:06:41 [emerg] 1#1: "log_format" directive is not allowed here in /etc/nginx/conf.d/default.conf:7
2026/09/23 08:06:41 [emerg] 1#1: "log_format" directive is not allowed here in /etc/nginx/conf.d/default.conf:7
2026/09/23 08:06:41 [emerg] 1#1: "log_format" directive is not allowed here in /etc/nginx/conf.d/default.conf:7
2026/09/23 08:06:41 [emerg] 1#1: "log_format" directive is not allowed here in /etc/nginx/conf.d/default.conf:7
2026/09/23 08:06:41 [emerg] 1#1: "log_format" directive is not allowed here in /etc/nginx/conf.d/default.conf:7
2026/09/23 08:06:41 [emerg] 1#1: "log_format" directive is not allowed here in /etc/nginx/conf.d/default.conf:7
2026/09/23 08:06:41 [emerg] 1#1: "log_format" directive is not allowed here in /etc/nginx/conf.d/default.conf:7
2026/09/23 08:06:41 [emerg] 1#1: "log_format" directive is not allowed here in /etc/nginx/conf.d/default.conf:7
2026/09/23 08:06:41 [emerg] 1#1: "log_format" directive is not allowed here in /etc/nginx/conf.d/default.conf:7
2026/09/23 08:06:42 [emerg] 1#1: "log_format" directive is not allowed here in /etc/nginx/conf.d/default.conf:7
2026/09/23 08:06:42 [emerg] 1#1: "log_format" directive is not allowed here in /etc/nginx/conf.d/default.conf:7
2026/09/23 08:06:42 [emerg] 1#1: "log_format" directive is not allowed here in /etc/nginx/conf.d/default.conf:7
2026/09/23 08:06:42 [emerg] 1#1: "log_format" directive is not allowed here in /etc/nginx/conf.d/default.conf:7
2026/09/23 08:06:42 [emerg] 1#1: "log_format" directive is not allowed here in /etc/nginx/conf.d/default.conf:7
2026/09/23 08:06:42 [emerg] 1#1: "log_format" directive is not allowed here in /etc/nginx/conf.d/default.conf:7
2026/09/23 08:06:42 [emerg] 1#1: "log_format" directive is not allowed here in /etc/nginx/conf.d/default.conf:7
2026/09/23 08:06:42 [emerg] 1#1: "log_format" directive is not allowed here in /etc/nginx/conf.d/default.conf:7
2026/09/23 08:06:43 [emerg] 1#1: "log_format" directive is not allowed here in /etc/nginx/conf.d/default.conf:7
2026/09/23 08:06:43 [emerg] 1#1: "log_format" directive is not allowed here in /etc/nginx/conf.d/default.conf:7
2026/09/23 08:06:43 [emerg] 1#1: "log_format" directive is not allowed here in /etc/nginx/conf.d/default.conf:7
2026/09/23 08:06:43 [emerg] 1#1: "log_format" directive is not allowed here in /etc/nginx/conf.d/default.conf:7
2026/09/23 08:06:43 [emerg] 1#1: "log_format" directive is not allowed here in /etc/nginx/conf.d/default.conf:7
2026/09/23 08:06:43 [emerg] 1#1: "log_format" directive is not allowed here in /etc/nginx/conf.d/default.conf:7
2026/09/23 08:06:43 [emerg] 1#1: "log_format" directive is not allowed here in /etc/nginx/conf.d/default.conf:7
2026/09/23 08:06:43 [emerg] 1#1: "log_format" directive is not allowed here in /etc/nginx/conf.d/default.conf:7
2026/09/23 08:06:43 [emerg] 1#1: "log_format" directive is not allowed here in /etc/nginx/conf.d/default.conf:7
2026/09/23 08:06:44 [emerg] 1#1: "log_format" directive is not allowed here in /etc/nginx/conf.d/default.conf:7
2026/09/23 08:06:44 [emerg] 1#1: "log_format" directive is not allowed here in /etc/nginx/conf.d/default.conf:7
2026/09/23 08:06:44 [emerg] 1#1: "log_format" directive is not allowed here in /etc/nginx/conf.d/default.conf:7
2026/09/23 08:06:44 [emerg] 1#1: "log_format" directive is not allowed here in /etc/nginx/conf.d/default.conf:7
2026/09/23 08:06:44 [emerg] 1#1: "log_format" directive is not allowed here in /etc/nginx/conf.d/default.conf:7
2026/09/23 08:06:44 [emerg] 1#1: "log_format" directive is not allowed here in /etc/nginx/conf.d/default.conf:7
2026/09/23 08:06:44 [emerg] 1#1: "log_format" directive is not allowed here in /etc/nginx/conf.d/default.conf:7
2026/09/23 08:06:44 [emerg] 1#1: "log_format" directive is not allowed here in /etc/nginx/conf.d/default.conf:7
2026/09/23 08:06:45 [emerg] 1#1: "log_format" directive is not allowed here in /etc/nginx/conf.d/default.conf:7
2026/09/23 08:06:45 [emerg] 1#1: "log_format" directive is not allowed here in /etc/nginx/conf.d/default.conf:7
2026/09/23 08:06:45 [emerg] 1#1: "log_format" directive is not allowed here in /etc/nginx/conf.d/default.conf:7
2026/09/23 08:06:45 [emerg] 1#1: "log_format" directive is not allowed here in /etc/nginx/conf.d/default.conf:7
2026/09/23 08:06:45 [emerg] 1#1: "log_format" directive is not allowed here in /etc/nginx/conf.d/default.conf:7
2026/09/23 08:06:45 [emerg] 1#1: "log_format" directive is not allowed here in /etc/nginx/conf.d/default.conf:7
2026/09/23 08:06:45 [emerg] 1#1: "log_format" directive is not allowed here in /etc/nginx/conf.d/default.conf:7
2026/09/23 08:06:45 [emerg] 1#1: unknown log format "main" in /etc/nginx/conf.d/default.conf:6
2026/09/23 08:06:46 [emerg] 1#1: unknown log format "main" in /etc/nginx/conf.d/default.conf:6
2026/09/23 08:06:46 [emerg] 1#1: unknown log format "main" in /etc/nginx/conf.d/default.conf:6
2026/09/23 08:06:46 [emerg] 1#1: unknown log format "main" in /etc/nginx/conf.d/default.conf:6
2026/09/23 08:06:46 [emerg] 1#1: unknown log format "main" in /etc/nginx/conf.d/default.conf:6
2026/09/23 08:06:46 [emerg] 1#1: unknown log format "main" in /etc/nginx/conf.d/default.conf:6
2026/09/23 08:06:46 [emerg] 1#1: unknown log format "main" in /etc/nginx/conf.d/default.conf:6
2026/09/23 08:06:46 [emerg] 1#1: unknown log format "main" in /etc/nginx/conf.d/default.conf:6
2026/09/23 08:06:46 [emerg] 1#1: unknown log format "main" in /etc/nginx/conf.d/default.conf:6
2026/09/23 08:06:47 [emerg] 1#1: unknown log format "main" in /etc/nginx/conf.d/default.conf:6
2026/09/23 08:06:47 [emerg] 1#1: unknown log format "main" in /etc/nginx/conf.d/default.conf:6
2026/09/23 08:06:47 [emerg] 1#1: unknown log format "main" in /etc/nginx/conf.d/default.conf:6
2026/09/23 08:06:47 [emerg] 1#1: unknown log format "main" in /etc/nginx/conf.d/default.conf:6
2026/09/23 08:06:47 [emerg] 1#1: unknown log format "main" in /etc/nginx/conf.d/default.conf:6
2026/09/23 08:06:47 [emerg] 1#1: unknown log format "main" in /etc/nginx/conf.d/default.conf:6
2026/09/23 08:06:47 [emerg] 1#1: unknown log format "main" in /etc/nginx/conf.d/default.conf:6
2026/09/23 08:06:47 [emerg] 1#1: unknown log format "main" in /etc/nginx/conf.d/default.conf:6
2026/09/23 08:06:47 [emerg] 1#1: unknown log format "main" in /etc/nginx/conf.d/default.conf:6
2026/09/23 08:06:48 [emerg] 1#1: unknown log format "main" in /etc/nginx/conf.d/default.conf:6
2026/09/23 08:06:48 [emerg] 1#1: unknown log format "main" in /etc/nginx/conf.d/default.conf:6
2026/09/23 08:06:48 [emerg] 1#1: unknown log format "main" in /etc/nginx/conf.d/default.conf:6
2026/09/23 08:06:48 [emerg] 1#1: unknown log format "main" in /etc/nginx/conf.d/default.conf:6
2026/09/23 08:06:48 [emerg] 1#1: unknown log format "main" in /etc/nginx/conf.d/default.conf:6
2026/09/23 08:06:48 [emerg] 1#1: unknown log format "main" in /etc/nginx/conf.d/default.conf:6
2026/09/23 08:06:48 [emerg] 1#1: unknown log format "main" in /etc/nginx/conf.d/default.conf:6
2026/09/23 08:06:48 [emerg] 1#1: unknown log format "main" in /etc/nginx/conf.d/default.conf:6
2026/09/23 08:06:49 [emerg] 1#1: unknown log format "main" in /etc/nginx/conf.d/default.conf:6
2026/09/23 08:06:49 [emerg] 1#1: unknown log format "main" in /etc/nginx/conf.d/default.conf:6
2026/09/23 08:06:49 [emerg] 1#1: unknown log format "main" in /etc/nginx/conf.d/default.conf:6
2026/09/23 08:06:49 [emerg] 1#1: unknown log format "main" in /etc/nginx/conf.d/default.conf:6
2026/09/23 08:06:49 [emerg] 1#1: unknown log format "main" in /etc/nginx/conf.d/default.conf:6
2026/09/23 08:06:49 [emerg] 1#1: unknown log format "main" in /etc/nginx/conf.d/default.conf:6
2026/09/23 08:06:49 [emerg] 1#1: unknown log format "main" in /etc/nginx/conf.d/default.conf:6
2026/09/23 08:06:49 [emerg] 1#1: unknown log format "main" in /etc/nginx/conf.d/default.conf:6
2026/09/23 08:06:50 [emerg] 1#1: unknown log format "main" in /etc/nginx/conf.d/default.conf:6
2026/09/23 08:06:50 [emerg] 1#1: unknown log format "main" in /etc/nginx/conf.d/default.conf:6
2026/09/23 08:06:50 [emerg] 1#1: unknown log format "main" in /etc/nginx/conf.d/default.conf:6
2026/09/23 08:06:50 [emerg] 1#1: unknown log format "main" in /etc/nginx/conf.d/default.conf:6
2026/09/23 08:06:50 [emerg] 1#1: unknown log format "main" in /etc/nginx/conf.d/default.conf:6
2026/09/23 08:06:51 [emerg] 1#1: unknown log format "main" in /etc/nginx/conf.d/default.conf:6
2026/09/23 08:06:51 [emerg] 1#1: unknown log format "main" in /etc/nginx/conf.d/default.conf:6
2026/09/23 08:06:51 [emerg] 1#1: unknown log format "main" in /etc/nginx/conf.d/default.conf:6
2026/09/23 08:06:51 [emerg] 1#1: unknown log format "main" in /etc/nginx/conf.d/default.conf:6
2026/09/23 08:06:51 [emerg] 1#1: unknown log format "main" in /etc/nginx/conf.d/default.conf:6
2026/09/23 08:06:51 [emerg] 1#1: unknown log format "main" in /etc/nginx/conf.d/default.conf:6
2026/09/23 08:06:51 [emerg] 1#1: unknown log format "main" in /etc/nginx/conf.d/default.conf:6
2026/09/23 08:06:51 [emerg] 1#1: unknown log format "main" in /etc/nginx/conf.d/default.conf:6
2026/09/23 08:06:52 [emerg] 1#1: unknown log format "main" in /etc/nginx/conf.d/default.conf:6
2026/09/23 08:06:52 [emerg] 1#1: unknown log format "main" in /etc/nginx/conf.d/default.conf:6
2026/09/23 08:06:52 [emerg] 1#1: unknown log format "main" in /etc/nginx/conf.d/default.conf:6
2026/09/23 08:06:52 [emerg] 1#1: unknown log format "main" in /etc/nginx/conf.d/default.conf:6
2026/09/23 08:06:52 [emerg] 1#1: unknown log format "main" in /etc/nginx/conf.d/default.conf:6
2026/09/23 08:06:52 [emerg] 1#1: unknown log format "main" in /etc/nginx/conf.d/default.conf:6
2026/09/23 08:06:52 [emerg] 1#1: unknown log format "main" in /etc/nginx/conf.d/default.conf:6
2026/09/23 08:06:52 [emerg] 1#1: unknown log format "main" in /etc/nginx/conf.d/default.conf:6
2026/09/23 08:06:52 [emerg] 1#1: unknown log format "main" in /etc/nginx/conf.d/default.conf:6
2026/09/23 08:06:53 [emerg] 1#1: unknown log format "main" in /etc/nginx/conf.d/default.conf:6
2026/09/23 08:06:53 [emerg] 1#1: unknown log format "main" in /etc/nginx/conf.d/default.conf:6
2026/09/23 08:06:53 [emerg] 1#1: unknown log format "main" in /etc/nginx/conf.d/default.conf:6
2026/09/23 08:06:53 [emerg] 1#1: unknown log format "main" in /etc/nginx/conf.d/default.conf:6
2026/09/23 08:06:53 [emerg] 1#1: unknown log format "main" in /etc/nginx/conf.d/default.conf:6
2026/09/23 08:06:53 [emerg] 1#1: unknown log format "main" in /etc/nginx/conf.d/default.conf:6
2026/09/23 08:06:53 [emerg] 1#1: unknown log format "main" in /etc/nginx/conf.d/default.conf:6
2026/09/23 08:06:53 [emerg] 1#1: unknown log format "main" in /etc/nginx/conf.d/default.conf:6
2026/09/23 08:06:54 [emerg] 1#1: unknown log format "main" in /etc/nginx/conf.d/default.conf:6
2026/09/23 08:06:54 [emerg] 1#1: unknown log format "main" in /etc/nginx/conf.d/default.conf:6
2026/09/23 08:06:54 [emerg] 1#1: unknown log format "main" in /etc/nginx/conf.d/default.conf:6
2026/09/23 08:06:54 [emerg] 1#1: unknown log format "main" in /etc/nginx/conf.d/default.conf:6
2026/09/23 08:06:54 [emerg] 1#1: unknown log format "main" in /etc/nginx/conf.d/default.conf:6
2026/09/23 08:06:54 [emerg] 1#1: unknown log format "main" in /etc/nginx/conf.d/default.conf:6
2026/09/23 08:06:54 [emerg] 1#1: unknown log format "main" in /etc/nginx/conf.d/default.conf:6
2026/09/23 08:06:54 [emerg] 1#1: unknown log format "main" in /etc/nginx/conf.d/default.conf:6
2026/09/23 08:06:55 [emerg] 1#1: unknown log format "main" in /etc/nginx/conf.d/default.conf:6
2026/09/23 08:06:55 [emerg] 1#1: unknown log format "main" in /etc/nginx/conf.d/default.conf:6
2026/09/23 08:06:55 [emerg] 1#1: unknown log format "main" in /etc/nginx/conf.d/default.conf:6
2026/09/23 08:06:55 [emerg] 1#1: unknown log format "main" in /etc/nginx/conf.d/default.conf:6
2026/09/23 08:06:55 [emerg] 1#1: unknown log format "main" in /etc/nginx/conf.d/default.conf:6
2026/09/23 08:06:55 [emerg] 1#1: unknown log format "main" in /etc/nginx/conf.d/default.conf:6
2026/09/23 08:06:55 [emerg] 1#1: unknown log format "main" in /etc/nginx/conf.d/default.conf:6
2026/09/23 08:06:55 [emerg] 1#1: unknown log format "main" in /etc/nginx/conf.d/default.conf:6
2026/09/23 08:06:56 [emerg] 1#1: unknown log format "main" in /etc/nginx/conf.d/default.conf:6
2026/09/23 08:06:56 [emerg] 1#1: unknown log format "main" in /etc/nginx/conf.d/default.conf:6
2026/09/23 08:06:56 [emerg] 1#1: unknown log format "main" in /etc/nginx/conf.d/default.conf:6
2026/09/23 08:06:56 [emerg] 1#1: unknown log format "main" in /etc/nginx/conf.d/default.conf:6
2026/09/23 08:06:56 [emerg] 1#1: unknown log format "main" in /etc/nginx/conf.d/default.conf:6
2026/09/23 08:06:56 [emerg] 1#1: unknown log format "main" in /etc/nginx/conf.d/default.conf:6
2026/09/23 08:06:56 [emerg] 1#1: unknown log format "main" in /etc/nginx/conf.d/default.conf:6
2026/09/23 08:06:56 [emerg] 1#1: unknown log format "main" in /etc/nginx/conf.d/default.conf:6
2026/09/23 08:06:57 [emerg] 1#1: unknown log format "main" in /etc/nginx/conf.d/default.conf:6
2026/09/23 08:06:57 [emerg] 1#1: unknown log format "main" in /etc/nginx/conf.d/default.conf:6
2026/09/23 08:06:57 [emerg] 1#1: unknown log format "main" in /etc/nginx/conf.d/default.conf:6
2026/09/23 08:06:57 [emerg] 1#1: unknown log format "main" in /etc/nginx/conf.d/default.conf:6
2026/09/23 08:06:57 [emerg] 1#1: unknown log format "main" in /etc/nginx/conf.d/default.conf:6
2026/09/23 08:06:57 [emerg] 1#1: unknown log format "main" in /etc/nginx/conf.d/default.conf:6
2026/09/23 08:06:57 [emerg] 1#1: unknown log format "main" in /etc/nginx/conf.d/default.conf:6
2026/09/23 08:06:57 [emerg] 1#1: unknown log format "main" in /etc/nginx/conf.d/default.conf:6
2026/09/23 08:06:58 [emerg] 1#1: unknown log format "main" in /etc/nginx/conf.d/default.conf:6
2026/09/23 08:06:58 [emerg] 1#1: unknown log format "main" in /etc/nginx/conf.d/default.conf:6
2026/09/23 08:06:58 [emerg] 1#1: unknown log format "main" in /etc/nginx/conf.d/default.conf:6
2026/09/23 08:06:58 [emerg] 1#1: unknown log format "main" in /etc/nginx/conf.d/default.conf:6
2026/09/23 08:06:58 [emerg] 1#1: unknown log format "main" in /etc/nginx/conf.d/default.conf:6
2026/09/23 08:06:58 [emerg] 1#1: unknown log format "main" in /etc/nginx/conf.d/default.conf:6
2026/09/23 08:06:58 [emerg] 1#1: unknown log format "main" in /etc/nginx/conf.d/default.conf:6
2026/09/23 08:06:58 [emerg] 1#1: unknown log format "main" in /etc/nginx/conf.d/default.conf:6
2026/09/23 08:06:59 [emerg] 1#1: unknown log format "main" in /etc/nginx/conf.d/default.conf:6
2026/09/23 08:06:59 [emerg] 1#1: unknown log format "main" in /etc/nginx/conf.d/default.conf:6
2026/09/23 08:06:59 [emerg] 1#1: unknown log format "main" in /etc/nginx/conf.d/default.conf:6
2026/09/23 08:06:59 [emerg] 1#1: unknown log format "main" in /etc/nginx/conf.d/default.conf:6
2026/09/23 08:06:59 [emerg] 1#1: unknown log format "main" in /etc/nginx/conf.d/default.conf:6
2026/09/23 08:06:59 [emerg] 1#1: unknown log format "main" in /etc/nginx/conf.d/default.conf:6
2026/09/23 08:06:59 [emerg] 1#1: unknown log format "main" in /etc/nginx/conf.d/default.conf:6
2026/09/23 08:06:59 [emerg] 1#1: unknown log format "main" in /etc/nginx/conf.d/default.conf:6
2026/09/23 08:06:59 [emerg] 1#1: unknown log format "main" in /etc/nginx/conf.d/default.conf:6
2026/09/23 08:07:00 [emerg] 1#1: unknown log format "main" in /etc/nginx/conf.d/default.conf:6
2026/09/23 08:07:00 [emerg] 1#1: unknown log format "main" in /etc/nginx/conf.d/default.conf:6
2026/09/23 08:07:00 [emerg] 1#1: unknown log format "main" in /etc/nginx/conf.d/default.conf:6
2026/09/23 08:07:00 [emerg] 1#1: unknown log format "main" in /etc/nginx/conf.d/default.conf:6
2026/09/23 08:07:00 [emerg] 1#1: unknown log format "main" in /etc/nginx/conf.d/default.conf:6
2026/09/23 08:07:00 [emerg] 1#1: unknown log format "main" in /etc/nginx/conf.d/default.conf:6
2026/09/23 08:07:00 [emerg] 1#1: unknown log format "main" in /etc/nginx/conf.d/default.conf:6
2026/09/23 08:07:00 [emerg] 1#1: unknown log format "main" in /etc/nginx/conf.d/default.conf:6
2026/09/23 08:07:01 [emerg] 1#1: unknown log format "main" in /etc/nginx/conf.d/default.conf:6
2026/09/23 08:07:01 [emerg] 1#1: unknown log format "main" in /etc/nginx/conf.d/default.conf:6
2026/09/23 08:07:01 [emerg] 1#1: unknown log format "main" in /etc/nginx/conf.d/default.conf:6
2026/09/23 08:07:01 [emerg] 1#1: unknown log format "main" in /etc/nginx/conf.d/default.conf:6
2026/09/23 08:07:01 [emerg] 1#1: unknown log format "main" in /etc/nginx/conf.d/default.conf:6
2026/09/23 08:07:01 [emerg] 1#1: unknown log format "main" in /etc/nginx/conf.d/default.conf:6
2026/09/23 08:07:01 [emerg] 1#1: unknown log format "main" in /etc/nginx/conf.d/default.conf:6
2026/09/23 08:07:01 [emerg] 1#1: unknown log format "main" in /etc/nginx/conf.d/default.conf:6
2026/09/23 08:07:02 [emerg] 1#1: unknown log format "main" in /etc/nginx/conf.d/default.conf:6
2026/09/23 08:07:02 [emerg] 1#1: unknown log format "main" in /etc/nginx/conf.d/default.conf:6
2026/09/23 08:07:02 [emerg] 1#1: unknown log format "main" in /etc/nginx/conf.d/default.conf:6
2026/09/23 08:07:02 [emerg] 1#1: unknown log format "main" in /etc/nginx/conf.d/default.conf:6
2026/09/23 08:07:02 [emerg] 1#1: unknown log format "main" in /etc/nginx/conf.d/default.conf:6
2026/09/23 08:07:02 [emerg] 1#1: unknown log format "main" in /etc/nginx/conf.d/default.conf:6
2026/09/23 08:07:02 [emerg] 1#1: unknown log format "main" in /etc/nginx/conf.d/default.conf:6
2026/09/23 08:07:02 [emerg] 1#1: unknown log format "main" in /etc/nginx/conf.d/default.conf:6
2026/09/23 08:07:03 [emerg] 1#1: unknown log format "main" in /etc/nginx/conf.d/default.conf:6
2026/09/23 08:07:03 [emerg] 1#1: unknown log format "main" in /etc/nginx/conf.d/default.conf:6
2026/09/23 08:07:03 [emerg] 1#1: unknown log format "main" in /etc/nginx/conf.d/default.conf:6
2026/09/23 08:07:03 [emerg] 1#1: unknown log format "main" in /etc/nginx/conf.d/default.conf:6
2026/09/23 08:07:03 [emerg] 1#1: unknown log format "main" in /etc/nginx/conf.d/default.conf:6
2026/09/23 08:07:03 [emerg] 1#1: unknown log format "main" in /etc/nginx/conf.d/default.conf:6
2026/09/23 08:07:03 [emerg] 1#1: unknown log format "main" in /etc/nginx/conf.d/default.conf:6
2026/09/23 08:07:03 [emerg] 1#1: unknown log format "main" in /etc/nginx/conf.d/default.conf:6
2026/09/23 08:07:04 [emerg] 1#1: unknown log format "main" in /etc/nginx/conf.d/default.conf:6
2026/09/23 08:07:04 [emerg] 1#1: unknown log format "main" in /etc/nginx/conf.d/default.conf:6
2026/09/23 08:07:04 [emerg] 1#1: unknown log format "main" in /etc/nginx/conf.d/default.conf:6
2026/09/23 08:07:04 [emerg] 1#1: unknown log format "main" in /etc/nginx/conf.d/default.conf:6
2026/09/23 08:07:04 [emerg] 1#1: unknown log format "main" in /etc/nginx/conf.d/default.conf:6
2026/09/23 08:07:04 [emerg] 1#1: unknown log format "main" in /etc/nginx/conf.d/default.conf:6
2026/09/23 08:07:04 [emerg] 1#1: unknown log format "main" in /etc/nginx/conf.d/default.conf:6
2026/09/23 08:07:04 [emerg] 1#1: unknown log format "main" in /etc/nginx/conf.d/default.conf:6
2026/09/23 08:07:04 [emerg] 1#1: unknown log format "main" in /etc/nginx/conf.d/default.conf:6
2026/09/23 08:07:05 [emerg] 1#1: unknown log format "main" in /etc/nginx/conf.d/default.conf:6
2026/09/23 08:07:05 [emerg] 1#1: unknown log format "main" in /etc/nginx/conf.d/default.conf:6
2026/09/23 08:07:05 [emerg] 1#1: unknown log format "main" in /etc/nginx/conf.d/default.conf:6
2026/09/23 08:07:05 [emerg] 1#1: unknown log format "main" in /etc/nginx/conf.d/default.conf:6
2026/09/23 08:07:05 [emerg] 1#1: unknown log format "main" in /etc/nginx/conf.d/default.conf:6
2026/09/23 08:07:05 [emerg] 1#1: unknown log format "main" in /etc/nginx/conf.d/default.conf:6
2026/09/23 08:07:05 [emerg] 1#1: unknown log format "main" in /etc/nginx/conf.d/default.conf:6
2026/09/23 08:07:05 [emerg] 1#1: unknown log format "main" in /etc/nginx/conf.d/default.conf:6
2026/09/23 08:07:05 [emerg] 1#1: unknown log format "main" in /etc/nginx/conf.d/default.conf:6
2026/09/23 08:07:06 [emerg] 1#1: unknown log format "main" in /etc/nginx/conf.d/default.conf:6
2026/09/23 08:07:06 [emerg] 1#1: unknown log format "main" in /etc/nginx/conf.d/default.conf:6
2026/09/23 08:07:06 [emerg] 1#1: unknown log format "main" in /etc/nginx/conf.d/default.conf:6
2026/09/23 08:07:06 [emerg] 1#1: unknown log format "main" in /etc/nginx/conf.d/default.conf:6
2026/09/23 08:07:06 [emerg] 1#1: unknown log format "main" in /etc/nginx/conf.d/default.conf:6
2026/09/23 08:07:06 [emerg] 1#1: unknown log format "main" in /etc/nginx/conf.d/default.conf:6
2026/09/23 08:07:06 [emerg] 1#1: unknown log format "main" in /etc/nginx/conf.d/default.conf:6
2026/09/23 08:07:06 [emerg] 1#1: unknown log format "main" in /etc/nginx/conf.d/default.conf:6
2026/09/23 08:07:07 [emerg] 1#1: unknown log format "main" in /etc/nginx/conf.d/default.conf:6
2026/09/23 08:07:07 [emerg] 1#1: unknown log format "main" in /etc/nginx/conf.d/default.conf:6
2026/09/23 08:07:07 [emerg] 1#1: unknown log format "main" in /etc/nginx/conf.d/default.conf:6
2026/09/23 08:07:07 [emerg] 1#1: unknown log format "main" in /etc/nginx/conf.d/default.conf:6
2026/09/23 08:07:07 [emerg] 1#1: unknown log format "main" in /etc/nginx/conf.d/default.conf:6
2026/09/23 08:07:07 [emerg] 1#1: unknown log format "main" in /etc/nginx/conf.d/default.conf:6
2026/09/23 08:07:07 [emerg] 1#1: unknown log format "main" in /etc/nginx/conf.d/default.conf:6
2026/09/23 08:07:07 [emerg] 1#1: unknown log format "main" in /etc/nginx/conf.d/default.conf:6
2026/09/23 08:07:08 [emerg] 1#1: unknown log format "main" in /etc/nginx/conf.d/default.conf:6
2026/09/23 08:07:08 [emerg] 1#1: unknown log format "main" in /etc/nginx/conf.d/default.conf:6
2026/09/23 08:07:08 [emerg] 1#1: unknown log format "main" in /etc/nginx/conf.d/default.conf:6
2026/09/23 08:07:08 [emerg] 1#1: unknown log format "main" in /etc/nginx/conf.d/default.conf:6
2026/09/23 08:07:08 [emerg] 1#1: unknown log format "main" in /etc/nginx/conf.d/default.conf:6
2026/09/23 08:07:08 [emerg] 1#1: unknown log format "main" in /etc/nginx/conf.d/default.conf:6
2026/09/23 08:07:08 [emerg] 1#1: unknown log format "main" in /etc/nginx/conf.d/default.conf:6
2026/09/23 08:07:08 [emerg] 1#1: unknown log format "main" in /etc/nginx/conf.d/default.conf:6
2026/09/23 08:07:08 [emerg] 1#1: unknown log format "main" in /etc/nginx/conf.d/default.conf:6
2026/09/23 08:07:09 [emerg] 1#1: unknown log format "main" in /etc/nginx/conf.d/default.conf:6
2026/09/23 08:07:09 [emerg] 1#1: unknown log format "main" in /etc/nginx/conf.d/default.conf:6
2026/09/23 08:07:09 [emerg] 1#1: unknown log format "main" in /etc/nginx/conf.d/default.conf:6
2026/09/23 08:07:09 [emerg] 1#1: unknown log format "main" in /etc/nginx/conf.d/default.conf:6
2026/09/23 08:07:09 [emerg] 1#1: unknown log format "main" in /etc/nginx/conf.d/default.conf:6
2026/09/23 08:07:09 [emerg] 1#1: unknown log format "main" in /etc/nginx/conf.d/default.conf:6
2026/09/23 08:07:09 [emerg] 1#1: unknown log format "main" in /etc/nginx/conf.d/default.conf:6
2026/09/23 08:07:09 [emerg] 1#1: unknown log format "main" in /etc/nginx/conf.d/default.conf:6
2026/09/23 08:07:10 [emerg] 1#1: unknown log format "main" in /etc/nginx/conf.d/default.conf:6
2026/09/23 08:07:10 [emerg] 1#1: unknown log format "main" in /etc/nginx/conf.d/default.conf:6
2026/09/23 08:07:10 [emerg] 1#1: unknown log format "main" in /etc/nginx/conf.d/default.conf:6
2026/09/23 08:07:10 [emerg] 1#1: unknown log format "main" in /etc/nginx/conf.d/default.conf:6
2026/09/23 08:07:10 [emerg] 1#1: unknown log format "main" in /etc/nginx/conf.d/default.conf:6
2026/09/23 08:07:10 [emerg] 1#1: unknown log format "main" in /etc/nginx/conf.d/default.conf:6
2026/09/23 08:07:10 [emerg] 1#1: unknown log format "main" in /etc/nginx/conf.d/default.conf:6
2026/09/23 08:07:10 [emerg] 1#1: unknown log format "main" in /etc/nginx/conf.d/default.conf:6
2026/09/23 08:07:11 [emerg] 1#1: unknown log format "main" in /etc/nginx/conf.d/default.conf:6
2026/09/23 08:07:11 [emerg] 1#1: unknown log format "main" in /etc/nginx/conf.d/default.conf:6
2026/09/23 08:07:11 [emerg] 1#1: unknown log format "main" in /etc/nginx/conf.d/default.conf:6
2026/09/23 08:07:11 [emerg] 1#1: unknown log format "main" in /etc/nginx/conf.d/default.conf:6
2026/09/23 08:07:11 [emerg] 1#1: unknown log format "main" in /etc/nginx/conf.d/default.conf:6
2026/09/23 08:07:11 [emerg] 1#1: unknown log format "main" in /etc/nginx/conf.d/default.conf:6
2026/09/23 08:07:11 [emerg] 1#1: unknown log format "main" in /etc/nginx/conf.d/default.conf:6
2026/09/23 08:07:11 [emerg] 1#1: unknown log format "main" in /etc/nginx/conf.d/default.conf:6
2026/09/23 08:07:12 [emerg] 1#1: unknown log format "main" in /etc/nginx/conf.d/default.conf:6
2026/09/23 08:07:12 [emerg] 1#1: unknown log format "main" in /etc/nginx/conf.d/default.conf:6
2026/09/23 08:07:12 [emerg] 1#1: unknown log format "main" in /etc/nginx/conf.d/default.conf:6
2026/09/23 08:07:12 [emerg] 1#1: unknown log format "main" in /etc/nginx/conf.d/default.conf:6
2026/09/23 08:07:12 [emerg] 1#1: unknown log format "main" in /etc/nginx/conf.d/default.conf:6
2026/09/23 08:07:12 [emerg] 1#1: unknown log format "main" in /etc/nginx/conf.d/default.conf:6
2026/09/23 08:07:12 [emerg] 1#1: unknown log format "main" in /etc/nginx/conf.d/default.conf:6
2026/09/23 08:07:12 [emerg] 1#1: unknown log format "main" in /etc/nginx/conf.d/default.conf:6
2026/09/23 08:07:12 [emerg] 1#1: unknown log format "main" in /etc/nginx/conf.d/default.conf:6
2026/09/23 08:07:13 [emerg] 1#1: unknown log format "main" in /etc/nginx/conf.d/default.conf:6
2026/09/23 08:07:13 [emerg] 1#1: unknown log format "main" in /etc/nginx/conf.d/default.conf:6
2026/09/23 08:07:13 [emerg] 1#1: unknown log format "main" in /etc/nginx/conf.d/default.conf:6
2026/09/23 08:07:13 [emerg] 1#1: unknown log format "main" in /etc/nginx/conf.d/default.conf:6
2026/09/23 08:07:13 [emerg] 1#1: unknown log format "main" in /etc/nginx/conf.d/default.conf:6
2026/09/23 08:07:13 [emerg] 1#1: unknown log format "main" in /etc/nginx/conf.d/default.conf:6
2026/09/23 08:07:13 [emerg] 1#1: unknown log format "main" in /etc/nginx/conf.d/default.conf:6
2026/09/23 08:07:13 [emerg] 1#1: unknown log format "main" in /etc/nginx/conf.d/default.conf:6
2026/09/23 08:07:14 [emerg] 1#1: unknown log format "main" in /etc/nginx/conf.d/default.conf:6
2026/09/23 08:07:14 [emerg] 1#1: unknown log format "main" in /etc/nginx/conf.d/default.conf:6
2026/09/23 08:07:14 [emerg] 1#1: unknown log format "main" in /etc/nginx/conf.d/default.conf:6
2026/09/23 08:07:14 [emerg] 1#1: unknown log format "main" in /etc/nginx/conf.d/default.conf:6
2026/09/23 08:07:14 [emerg] 1#1: unknown log format "main" in /etc/nginx/conf.d/default.conf:6
2026/09/23 08:07:14 [emerg] 1#1: unknown log format "main" in /etc/nginx/conf.d/default.conf:6
2026/09/23 08:07:14 [emerg] 1#1: unknown log format "main" in /etc/nginx/conf.d/default.conf:6
2026/09/23 08:07:14 [emerg] 1#1: unknown log format "main" in /etc/nginx/conf.d/default.conf:6
2026/09/23 08:07:15 [emerg] 1#1: unknown log format "main" in /etc/nginx/conf.d/default.conf:6
2026/09/23 08:07:15 [emerg] 1#1: unknown log format "main" in /etc/nginx/conf.d/default.conf:6
2026/09/23 08:07:15 [emerg] 1#1: unknown log format "main" in /etc/nginx/conf.d/default.conf:6
2026/09/23 08:07:15 [emerg] 1#1: unknown log format "main" in /etc/nginx/conf.d/default.conf:6
2026/09/23 08:07:15 [emerg] 1#1: unknown log format "main" in /etc/nginx/conf.d/default.conf:6
2026/09/23 08:07:15 [emerg] 1#1: unknown log format "main" in /etc/nginx/conf.d/default.conf:6
2026/09/23 08:07:15 [emerg] 1#1: unknown log format "main" in /etc/nginx/conf.d/default.conf:6
2026/09/23 08:07:15 [emerg] 1#1: unknown log format "main" in /etc/nginx/conf.d/default.conf:6
2026/09/23 08:07:15 [emerg] 1#1: unknown log format "main" in /etc/nginx/conf.d/default.conf:6
2026/09/23 08:07:16 [emerg] 1#1: unknown log format "main" in /etc/nginx/conf.d/default.conf:6
2026/09/23 08:07:16 [emerg] 1#1: unknown log format "main" in /etc/nginx/conf.d/default.conf:6
2026/09/23 08:07:16 [emerg] 1#1: unknown log format "main" in /etc/nginx/conf.d/default.conf:6
2026/09/23 08:07:16 [emerg] 1#1: unknown log format "main" in /etc/nginx/conf.d/default.conf:6
2026/09/23 08:07:16 [emerg] 1#1: unknown log format "main" in /etc/nginx/conf.d/default.conf:6
2026/09/23 08:07:16 [emerg] 1#1: unknown log format "main" in /etc/nginx/conf.d/default.conf:6
2026/09/23 08:07:16 [emerg] 1#1: unknown log format "main" in /etc/nginx/conf.d/default.conf:6
2026/09/23 08:07:16 [emerg] 1#1: unknown log format "main" in /etc/nginx/conf.d/default.conf:6
2026/09/23 08:07:16 [emerg] 1#1: unknown log format "main" in /etc/nginx/conf.d/default.conf:6
2026/09/23 08:07:17 [emerg] 1#1: unknown log format "main" in /etc/nginx/conf.d/default.conf:6
2026/09/23 08:07:17 [emerg] 1#1: unknown log format "main" in /etc/nginx/conf.d/default.conf:6
2026/09/23 08:07:17 [emerg] 1#1: unknown log format "main" in /etc/nginx/conf.d/default.conf:6
2026/09/23 08:07:17 [emerg] 1#1: unknown log format "main" in /etc/nginx/conf.d/default.conf:6
2026/09/23 08:07:17 [emerg] 1#1: unknown log format "main" in /etc/nginx/conf.d/default.conf:6
2026/09/23 08:07:17 [emerg] 1#1: unknown log format "main" in /etc/nginx/conf.d/default.conf:6
2026/09/23 08:07:17 [emerg] 1#1: unknown log format "main" in /etc/nginx/conf.d/default.conf:6
2026/09/23 08:07:18 [emerg] 1#1: unknown log format "main" in /etc/nginx/conf.d/default.conf:6
2026/09/23 08:07:18 [emerg] 1#1: unknown log format "main" in /etc/nginx/conf.d/default.conf:6
2026/09/23 08:07:18 [emerg] 1#1: unknown log format "main" in /etc/nginx/conf.d/default.conf:6
2026/09/23 08:07:18 [emerg] 1#1: unknown log format "main" in /etc/nginx/conf.d/default.conf:6
2026/09/23 08:07:18 [emerg] 1#1: unknown log format "main" in /etc/nginx/conf.d/default.conf:6
2026/09/23 08:07:18 [emerg] 1#1: unknown log format "main" in /etc/nginx/conf.d/default.conf:6
2026/09/23 08:07:18 [emerg] 1#1: unknown log format "main" in /etc/nginx/conf.d/default.conf:6
2026/09/23 08:07:18 [emerg] 1#1: unknown log format "main" in /etc/nginx/conf.d/default.conf:6
2026/09/23 08:07:18 [emerg] 1#1: unknown log format "main" in /etc/nginx/conf.d/default.conf:6
2026/09/23 08:07:19 [emerg] 1#1: unknown log format "main" in /etc/nginx/conf.d/default.conf:6
2026/09/23 08:07:19 [emerg] 1#1: unknown log format "main" in /etc/nginx/conf.d/default.conf:6
2026/09/23 08:07:19 [emerg] 1#1: unknown log format "main" in /etc/nginx/conf.d/default.conf:6
2026/09/23 08:07:19 [emerg] 1#1: unknown log format "main" in /etc/nginx/conf.d/default.conf:6
2026/09/23 08:07:19 [emerg] 1#1: unknown log format "main" in /etc/nginx/conf.d/default.conf:6
2026/09/23 08:07:19 [emerg] 1#1: unknown log format "main" in /etc/nginx/conf.d/default.conf:6
2026/09/23 08:07:19 [emerg] 1#1: unknown log format "main" in /etc/nginx/conf.d/default.conf:6
2026/09/23 08:07:19 [emerg] 1#1: unknown log format "main" in /etc/nginx/conf.d/default.conf:6
2026/09/23 08:07:20 [emerg] 1#1: unknown log format "main" in /etc/nginx/conf.d/default.conf:6
2026/09/23 08:07:20 [emerg] 1#1: unknown log format "main" in /etc/nginx/conf.d/default.conf:6
2026/09/23 08:07:20 [emerg] 1#1: unknown log format "main" in /etc/nginx/conf.d/default.conf:6
2026/09/23 08:07:20 [emerg] 1#1: unknown log format "main" in /etc/nginx/conf.d/default.conf:6
2026/09/23 08:07:20 [emerg] 1#1: unknown log format "main" in /etc/nginx/conf.d/default.conf:6
2026/09/23 08:07:20 [emerg] 1#1: unknown log format "main" in /etc/nginx/conf.d/default.conf:6
2026/09/23 08:07:20 [emerg] 1#1: unknown log format "main" in /etc/nginx/conf.d/default.conf:6
2026/09/23 08:07:20 [emerg] 1#1: unknown log format "main" in /etc/nginx/conf.d/default.conf:6
2026/09/23 08:07:21 [emerg] 1#1: unknown log format "main" in /etc/nginx/conf.d/default.conf:6
2026/09/23 08:07:21 [emerg] 1#1: unknown log format "main" in /etc/nginx/conf.d/default.conf:6
2026/09/23 08:07:21 [emerg] 1#1: unknown log format "main" in /etc/nginx/conf.d/default.conf:6
2026/09/23 08:07:21 [emerg] 1#1: unknown log format "main" in /etc/nginx/conf.d/default.conf:6
2026/09/23 08:07:21 [emerg] 1#1: unknown log format "main" in /etc/nginx/conf.d/default.conf:6
2026/09/23 08:07:21 [emerg] 1#1: unknown log format "main" in /etc/nginx/conf.d/default.conf:6
2026/09/23 08:07:21 [emerg] 1#1: unknown log format "main" in /etc/nginx/conf.d/default.conf:6
2026/09/23 08:07:21 [emerg] 1#1: unknown log format "main" in /etc/nginx/conf.d/default.conf:6
2026/09/23 08:07:21 [emerg] 1#1: unknown log format "main" in /etc/nginx/conf.d/default.conf:6
2026/09/23 08:07:22 [emerg] 1#1: unknown log format "main" in /etc/nginx/conf.d/default.conf:6
2026/09/23 08:07:22 [emerg] 1#1: unknown log format "main" in /etc/nginx/conf.d/default.conf:6
2026/09/23 08:07:22 [emerg] 1#1: unknown log format "main" in /etc/nginx/conf.d/default.conf:6
2026/09/23 08:07:22 [emerg] 1#1: unknown log format "main" in /etc/nginx/conf.d/default.conf:6
2026/09/23 08:07:22 [emerg] 1#1: unknown log format "main" in /etc/nginx/conf.d/default.conf:6
2026/09/23 08:07:22 [emerg] 1#1: unknown log format "main" in /etc/nginx/conf.d/default.conf:6
2026/09/23 08:07:22 [emerg] 1#1: unknown log format "main" in /etc/nginx/conf.d/default.conf:6
2026/09/23 08:07:23 [emerg] 1#1: unknown log format "main" in /etc/nginx/conf.d/default.conf:6
2026/09/23 08:07:23 [emerg] 1#1: unknown log format "main" in /etc/nginx/conf.d/default.conf:6
2026/09/23 08:07:23 [emerg] 1#1: unknown log format "main" in /etc/nginx/conf.d/default.conf:6
2026/09/23 08:07:23 [emerg] 1#1: unknown log format "main" in /etc/nginx/conf.d/default.conf:6
2026/09/23 08:07:23 [emerg] 1#1: unknown log format "main" in /etc/nginx/conf.d/default.conf:6
2026/09/23 08:07:23 [emerg] 1#1: unknown log format "main" in /etc/nginx/conf.d/default.conf:6
2026/09/23 08:07:23 [emerg] 1#1: unknown log format "main" in /etc/nginx/conf.d/default.conf:6
2026/09/23 08:07:23 [emerg] 1#1: unknown log format "main" in /etc/nginx/conf.d/default.conf:6
2026/09/23 08:07:23 [emerg] 1#1: unknown log format "main" in /etc/nginx/conf.d/default.conf:6
2026/09/23 08:07:24 [emerg] 1#1: unknown log format "main" in /etc/nginx/conf.d/default.conf:6
2026/09/23 08:07:24 [emerg] 1#1: unknown log format "main" in /etc/nginx/conf.d/default.conf:6
2026/09/23 08:07:24 [emerg] 1#1: unknown log format "main" in /etc/nginx/conf.d/default.conf:6
2026/09/23 08:07:24 [emerg] 1#1: unknown log format "main" in /etc/nginx/conf.d/default.conf:6
2026/09/23 08:07:24 [emerg] 1#1: unknown log format "main" in /etc/nginx/conf.d/default.conf:6
2026/09/23 08:07:24 [emerg] 1#1: unknown log format "main" in /etc/nginx/conf.d/default.conf:6
2026/09/23 08:07:24 [emerg] 1#1: unknown log format "main" in /etc/nginx/conf.d/default.conf:6
2026/09/23 08:07:24 [emerg] 1#1: unknown log format "main" in /etc/nginx/conf.d/default.conf:6
2026/09/23 08:07:25 [emerg] 1#1: unknown log format "main" in /etc/nginx/conf.d/default.conf:6
2026/09/23 08:07:25 [emerg] 1#1: unknown log format "main" in /etc/nginx/conf.d/default.conf:6
2026/09/23 08:07:25 [emerg] 1#1: unknown log format "main" in /etc/nginx/conf.d/default.conf:6
2026/09/23 08:07:25 [emerg] 1#1: unknown log format "main" in /etc/nginx/conf.d/default.conf:6
2026/09/23 08:07:25 [emerg] 1#1: unknown log format "main" in /etc/nginx/conf.d/default.conf:6
2026/09/23 08:07:25 [emerg] 1#1: unknown log format "main" in /etc/nginx/conf.d/default.conf:6
2026/09/23 08:07:25 [emerg] 1#1: unknown log format "main" in /etc/nginx/conf.d/default.conf:6
2026/09/23 08:07:25 [emerg] 1#1: unknown log format "main" in /etc/nginx/conf.d/default.conf:6
2026/09/23 08:07:25 [emerg] 1#1: unknown log format "main" in /etc/nginx/conf.d/default.conf:6
2026/09/23 08:07:26 [emerg] 1#1: unknown log format "main" in /etc/nginx/conf.d/default.conf:6
2026/09/23 08:07:26 [emerg] 1#1: unknown log format "main" in /etc/nginx/conf.d/default.conf:6
2026/09/23 08:07:26 [emerg] 1#1: unknown log format "main" in /etc/nginx/conf.d/default.conf:6
2026/09/23 08:07:26 [emerg] 1#1: unknown log format "main" in /etc/nginx/conf.d/default.conf:6
2026/09/23 08:07:26 [emerg] 1#1: unknown log format "main" in /etc/nginx/conf.d/default.conf:6
2026/09/23 08:07:26 [emerg] 1#1: unknown log format "main" in /etc/nginx/conf.d/default.conf:6
2026/09/23 08:07:26 [emerg] 1#1: unknown log format "main" in /etc/nginx/conf.d/default.conf:6
2026/09/23 08:07:26 [emerg] 1#1: unknown log format "main" in /etc/nginx/conf.d/default.conf:6
2026/09/23 08:07:27 [emerg] 1#1: unknown log format "main" in /etc/nginx/conf.d/default.conf:6
2026/09/23 08:07:27 [emerg] 1#1: unknown log format "main" in /etc/nginx/conf.d/default.conf:6
2026/09/23 08:07:27 [emerg] 1#1: unknown log format "main" in /etc/nginx/conf.d/default.conf:6
2026/09/23 08:07:27 [emerg] 1#1: unknown log format "main" in /etc/nginx/conf.d/default.conf:6
2026/09/23 08:07:27 [emerg] 1#1: unknown log format "main" in /etc/nginx/conf.d/default.conf:6
2026/09/23 08:07:27 [emerg] 1#1: unknown log format "main" in /etc/nginx/conf.d/default.conf:6
2026/09/23 08:07:27 [emerg] 1#1: unknown log format "main" in /etc/nginx/conf.d/default.conf:6
2026/09/23 08:07:27 [emerg] 1#1: unknown log format "main" in /etc/nginx/conf.d/default.conf:6
2026/09/23 08:07:28 [emerg] 1#1: unknown log format "main" in /etc/nginx/conf.d/default.conf:6
2026/09/23 08:07:28 [emerg] 1#1: unknown log format "main" in /etc/nginx/conf.d/default.conf:6
2026/09/23 08:07:28 [emerg] 1#1: unknown log format "main" in /etc/nginx/conf.d/default.conf:6
2026/09/23 08:07:28 [emerg] 1#1: unknown log format "main" in /etc/nginx/conf.d/default.conf:6
2026/09/23 08:07:28 [emerg] 1#1: unknown log format "main" in /etc/nginx/conf.d/default.conf:6
2026/09/23 08:07:28 [emerg] 1#1: unknown log format "main" in /etc/nginx/conf.d/default.conf:6
2026/09/23 08:07:28 [emerg] 1#1: unknown log format "main" in /etc/nginx/conf.d/default.conf:6
2026/09/23 08:07:28 [emerg] 1#1: unknown log format "main" in /etc/nginx/conf.d/default.conf:6
2026/09/23 08:07:29 [emerg] 1#1: unknown log format "main" in /etc/nginx/conf.d/default.conf:6
2026/09/23 08:07:29 [emerg] 1#1: unknown log format "main" in /etc/nginx/conf.d/default.conf:6
2026/09/23 08:07:29 [emerg] 1#1: unknown log format "main" in /etc/nginx/conf.d/default.conf:6
2026/09/23 08:07:29 [emerg] 1#1: unknown log format "main" in /etc/nginx/conf.d/default.conf:6
2026/09/23 08:07:29 [emerg] 1#1: unknown log format "main" in /etc/nginx/conf.d/default.conf:6
2026/09/23 08:07:29 [emerg] 1#1: unknown log format "main" in /etc/nginx/conf.d/default.conf:6
2026/09/23 08:07:29 [emerg] 1#1: unknown log format "main" in /etc/nginx/conf.d/default.conf:6
2026/09/23 08:07:30 [emerg] 1#1: unknown log format "main" in /etc/nginx/conf.d/default.conf:6
2026/09/23 08:07:30 [emerg] 1#1: unknown log format "main" in /etc/nginx/conf.d/default.conf:6
2026/09/23 08:07:30 [emerg] 1#1: unknown log format "main" in /etc/nginx/conf.d/default.conf:6
2026/09/23 08:07:30 [emerg] 1#1: unknown log format "main" in /etc/nginx/conf.d/default.conf:6
2026/09/23 08:07:30 [emerg] 1#1: unknown log format "main" in /etc/nginx/conf.d/default.conf:6
2026/09/23 08:07:30 [emerg] 1#1: unknown log format "main" in /etc/nginx/conf.d/default.conf:6
2026/09/23 08:07:30 [emerg] 1#1: unknown log format "main" in /etc/nginx/conf.d/default.conf:6
2026/09/23 08:07:30 [emerg] 1#1: unknown log format "main" in /etc/nginx/conf.d/default.conf:6
2026/09/23 08:07:31 [emerg] 1#1: unknown log format "main" in /etc/nginx/conf.d/default.conf:6
2026/09/23 08:07:31 [emerg] 1#1: unknown log format "main" in /etc/nginx/conf.d/default.conf:6
2026/09/23 08:07:31 [emerg] 1#1: unknown log format "main" in /etc/nginx/conf.d/default.conf:6
2026/09/23 08:07:31 [emerg] 1#1: unknown log format "main" in /etc/nginx/conf.d/default.conf:6
2026/09/23 08:07:31 [emerg] 1#1: unknown log format "main" in /etc/nginx/conf.d/default.conf:6
2026/09/23 08:07:31 [emerg] 1#1: unknown log format "main" in /etc/nginx/conf.d/default.conf:6
2026/09/23 08:07:31 [emerg] 1#1: unknown log format "main" in /etc/nginx/conf.d/default.conf:6
2026/09/23 08:07:31 [emerg] 1#1: unknown log format "main" in /etc/nginx/conf.d/default.conf:6
2026/09/23 08:07:32 [emerg] 1#1: unknown log format "main" in /etc/nginx/conf.d/default.conf:6
2026/09/23 08:07:32 [emerg] 1#1: unknown log format "main" in /etc/nginx/conf.d/default.conf:6
2026/09/23 08:07:32 [emerg] 1#1: unknown log format "main" in /etc/nginx/conf.d/default.conf:6
2026/09/23 08:07:32 [emerg] 1#1: unknown log format "main" in /etc/nginx/conf.d/default.conf:6
2026/09/23 08:07:32 [emerg] 1#1: unknown log format "main" in /etc/nginx/conf.d/default.conf:6
2026/09/23 08:07:32 [emerg] 1#1: unknown log format "main" in /etc/nginx/conf.d/default.conf:6
2026/09/23 08:07:32 [emerg] 1#1: unknown log format "main" in /etc/nginx/conf.d/default.conf:6
2026/09/23 08:07:32 [emerg] 1#1: unknown log format "main" in /etc/nginx/conf.d/default.conf:6
2026/09/23 08:07:33 [emerg] 1#1: unknown log format "main" in /etc/nginx/conf.d/default.conf:6
2026/09/23 08:07:33 [emerg] 1#1: unknown log format "main" in /etc/nginx/conf.d/default.conf:6
2026/09/23 08:07:33 [emerg] 1#1: unknown log format "main" in /etc/nginx/conf.d/default.conf:6
2026/09/23 08:07:33 [emerg] 1#1: unknown log format "main" in /etc/nginx/conf.d/default.conf:6
2026/09/23 08:07:33 [emerg] 1#1: unknown log format "main" in /etc/nginx/conf.d/default.conf:6
2026/09/23 08:07:33 [emerg] 1#1: unknown log format "main" in /etc/nginx/conf.d/default.conf:6
2026/09/23 08:07:33 [emerg] 1#1: unknown log format "main" in /etc/nginx/conf.d/default.conf:6
2026/09/23 08:07:33 [emerg] 1#1: unknown log format "main" in /etc/nginx/conf.d/default.conf:6
2026/09/23 08:07:34 [emerg] 1#1: unknown log format "main" in /etc/nginx/conf.d/default.conf:6
2026/09/23 08:07:34 [emerg] 1#1: unknown log format "main" in /etc/nginx/conf.d/default.conf:6
2026/09/23 08:07:34 [emerg] 1#1: unknown log format "main" in /etc/nginx/conf.d/default.conf:6
2026/09/23 08:07:34 [emerg] 1#1: unknown log format "main" in /etc/nginx/conf.d/default.conf:6
2026/09/23 08:07:34 [emerg] 1#1: unknown log format "main" in /etc/nginx/conf.d/default.conf:6
2026/09/23 08:07:34 [emerg] 1#1: unknown log format "main" in /etc/nginx/conf.d/default.conf:6
2026/09/23 08:07:34 [emerg] 1#1: unknown log format "main" in /etc/nginx/conf.d/default.conf:6
2026/09/23 08:07:34 [emerg] 1#1: unknown log format "main" in /etc/nginx/conf.d/default.conf:6
2026/09/23 08:07:34 [emerg] 1#1: unknown log format "main" in /etc/nginx/conf.d/default.conf:6
2026/09/23 08:07:35 [emerg] 1#1: unknown log format "main" in /etc/nginx/conf.d/default.conf:6
2026/09/23 08:07:35 [emerg] 1#1: unknown log format "main" in /etc/nginx/conf.d/default.conf:6
2026/09/23 08:07:35 [emerg] 1#1: unknown log format "main" in /etc/nginx/conf.d/default.conf:6
2026/09/23 08:07:35 [emerg] 1#1: unknown log format "main" in /etc/nginx/conf.d/default.conf:6
2026/09/23 08:07:35 [emerg] 1#1: unknown log format "main" in /etc/nginx/conf.d/default.conf:6
2026/09/23 08:07:35 [emerg] 1#1: unknown log format "main" in /etc/nginx/conf.d/default.conf:6
2026/09/23 08:07:35 [emerg] 1#1: unknown log format "main" in /etc/nginx/conf.d/default.conf:6
2026/09/23 08:07:35 [emerg] 1#1: unknown log format "main" in /etc/nginx/conf.d/default.conf:6
2026/09/23 08:07:36 [emerg] 1#1: unknown log format "main" in /etc/nginx/conf.d/default.conf:6
2026/09/23 08:07:36 [emerg] 1#1: unknown log format "main" in /etc/nginx/conf.d/default.conf:6
2026/09/23 08:07:36 [emerg] 1#1: unknown log format "main" in /etc/nginx/conf.d/default.conf:6
2026/09/23 08:07:36 [emerg] 1#1: unknown log format "main" in /etc/nginx/conf.d/default.conf:6
2026/09/23 08:07:36 [emerg] 1#1: unknown log format "main" in /etc/nginx/conf.d/default.conf:6
2026/09/23 08:07:36 [emerg] 1#1: unknown log format "main" in /etc/nginx/conf.d/default.conf:6
2026/09/23 08:07:36 [emerg] 1#1: unknown log format "main" in /etc/nginx/conf.d/default.conf:6
2026/09/23 08:07:36 [emerg] 1#1: unknown log format "main" in /etc/nginx/conf.d/default.conf:6
2026/09/23 08:07:36 [emerg] 1#1: unknown log format "main" in /etc/nginx/conf.d/default.conf:6
2026/09/23 08:07:37 [emerg] 1#1: unknown log format "main" in /etc/nginx/conf.d/default.conf:6
2026/09/23 08:07:37 [emerg] 1#1: unknown log format "main" in /etc/nginx/conf.d/default.conf:6
2026/09/23 08:07:37 [emerg] 1#1: unknown log format "main" in /etc/nginx/conf.d/default.conf:6
2026/09/23 08:07:37 [emerg] 1#1: unknown log format "main" in /etc/nginx/conf.d/default.conf:6
2026/09/23 08:07:37 [emerg] 1#1: unknown log format "main" in /etc/nginx/conf.d/default.conf:6
2026/09/23 08:07:37 [emerg] 1#1: unknown log format "main" in /etc/nginx/conf.d/default.conf:6
2026/09/23 08:07:37 [emerg] 1#1: unknown log format "main" in /etc/nginx/conf.d/default.conf:6
2026/09/23 08:07:37 [emerg] 1#1: unknown log format "main" in /etc/nginx/conf.d/default.conf:6
2026/09/23 08:07:38 [emerg] 1#1: unknown log format "main" in /etc/nginx/conf.d/default.conf:6
2026/09/23 08:07:38 [emerg] 1#1: unknown log format "main" in /etc/nginx/conf.d/default.conf:6
2026/09/23 08:07:38 [emerg] 1#1: unknown log format "main" in /etc/nginx/conf.d/default.conf:6
2026/09/23 08:07:38 [emerg] 1#1: unknown log format "main" in /etc/nginx/conf.d/default.conf:6
2026/09/23 08:07:38 [emerg] 1#1: unknown log format "main" in /etc/nginx/conf.d/default.conf:6
2026/09/23 08:07:38 [emerg] 1#1: unknown log format "main" in /etc/nginx/conf.d/default.conf:6
2026/09/23 08:07:38 [emerg] 1#1: unknown log format "main" in /etc/nginx/conf.d/default.conf:6
2026/09/23 08:07:38 [emerg] 1#1: unknown log format "main" in /etc/nginx/conf.d/default.conf:6
2026/09/23 08:07:39 [emerg] 1#1: unknown log format "main" in /etc/nginx/conf.d/default.conf:6
2026/09/23 08:07:39 [emerg] 1#1: unknown log format "main" in /etc/nginx/conf.d/default.conf:6
2026/09/23 08:07:39 [emerg] 1#1: unknown log format "main" in /etc/nginx/conf.d/default.conf:6
2026/09/23 08:07:39 [emerg] 1#1: unknown log format "main" in /etc/nginx/conf.d/default.conf:6
2026/09/23 08:07:39 [emerg] 1#1: unknown log format "main" in /etc/nginx/conf.d/default.conf:6
2026/09/23 08:07:39 [emerg] 1#1: unknown log format "main" in /etc/nginx/conf.d/default.conf:6
2026/09/23 08:07:39 [emerg] 1#1: unknown log format "main" in /etc/nginx/conf.d/default.conf:6
2026/09/23 08:07:39 [emerg] 1#1: unknown log format "main" in /etc/nginx/conf.d/default.conf:6
2026/09/23 08:07:39 [emerg] 1#1: unknown log format "main" in /etc/nginx/conf.d/default.conf:6
2026/09/23 08:07:40 [emerg] 1#1: unknown log format "main" in /etc/nginx/conf.d/default.conf:6
2026/09/23 08:07:40 [emerg] 1#1: unknown log format "main" in /etc/nginx/conf.d/default.conf:6
2026/09/23 08:07:40 [emerg] 1#1: unknown log format "main" in /etc/nginx/conf.d/default.conf:6
2026/09/23 08:07:40 [emerg] 1#1: unknown log format "main" in /etc/nginx/conf.d/default.conf:6
2026/09/23 08:07:40 [emerg] 1#1: unknown log format "main" in /etc/nginx/conf.d/default.conf:6
2026/09/23 08:07:40 [emerg] 1#1: unknown log format "main" in /etc/nginx/conf.d/default.conf:6
2026/09/23 08:07:40 [emerg] 1#1: unknown log format "main" in /etc/nginx/conf.d/default.conf:6
2026/09/23 08:07:40 [emerg] 1#1: unknown log format "main" in /etc/nginx/conf.d/default.conf:6
2026/09/23 08:07:40 [emerg] 1#1: unknown log format "main" in /etc/nginx/conf.d/default.conf:6
2026/09/23 08:07:41 [emerg] 1#1: unknown log format "main" in /etc/nginx/conf.d/default.conf:6
2026/09/23 08:07:41 [emerg] 1#1: unknown log format "main" in /etc/nginx/conf.d/default.conf:6
2026/09/23 08:07:41 [emerg] 1#1: unknown log format "main" in /etc/nginx/conf.d/default.conf:6
2026/09/23 08:07:41 [emerg] 1#1: unknown log format "main" in /etc/nginx/conf.d/default.conf:6
2026/09/23 08:07:41 [emerg] 1#1: unknown log format "main" in /etc/nginx/conf.d/default.conf:6
2026/09/23 08:07:41 [emerg] 1#1: unknown log format "main" in /etc/nginx/conf.d/default.conf:6
2026/09/23 08:07:41 [emerg] 1#1: unknown log format "main" in /etc/nginx/conf.d/default.conf:6
2026/09/23 08:07:41 [emerg] 1#1: unknown log format "main" in /etc/nginx/conf.d/default.conf:6
2026/09/23 08:07:42 [emerg] 1#1: unknown log format "main" in /etc/nginx/conf.d/default.conf:6
2026/09/23 08:07:42 [emerg] 1#1: unknown log format "main" in /etc/nginx/conf.d/default.conf:6
2026/09/23 08:07:42 [emerg] 1#1: unknown log format "main" in /etc/nginx/conf.d/default.conf:6
2026/09/23 08:07:42 [emerg] 1#1: unknown log format "main" in /etc/nginx/conf.d/default.conf:6
2026/09/23 08:07:42 [emerg] 1#1: unknown log format "main" in /etc/nginx/conf.d/default.conf:6
2026/09/23 08:07:42 [emerg] 1#1: unknown log format "main" in /etc/nginx/conf.d/default.conf:6
2026/09/23 08:07:42 [emerg] 1#1: unknown log format "main" in /etc/nginx/conf.d/default.conf:6
2026/09/23 08:07:42 [emerg] 1#1: unknown log format "main" in /etc/nginx/conf.d/default.conf:6
2026/09/23 08:07:43 [emerg] 1#1: unknown log format "main" in /etc/nginx/conf.d/default.conf:6
2026/09/23 08:07:43 [emerg] 1#1: unknown log format "main" in /etc/nginx/conf.d/default.conf:6
2026/09/23 08:07:43 [emerg] 1#1: unknown log format "main" in /etc/nginx/conf.d/default.conf:6
2026/09/23 08:07:43 [emerg] 1#1: unknown log format "main" in /etc/nginx/conf.d/default.conf:6
2026/09/23 08:07:43 [emerg] 1#1: unknown log format "main" in /etc/nginx/conf.d/default.conf:6
2026/09/23 08:07:43 [emerg] 1#1: unknown log format "main" in /etc/nginx/conf.d/default.conf:6
2026/09/23 08:07:43 [emerg] 1#1: unknown log format "main" in /etc/nginx/conf.d/default.conf:6
2026/09/23 08:07:43 [emerg] 1#1: unknown log format "main" in /etc/nginx/conf.d/default.conf:6
2026/09/23 08:07:44 [emerg] 1#1: unknown log format "main" in /etc/nginx/conf.d/default.conf:6
2026/09/23 08:07:44 [emerg] 1#1: unknown log format "main" in /etc/nginx/conf.d/default.conf:6
2026/09/23 08:07:44 [emerg] 1#1: unknown log format "main" in /etc/nginx/conf.d/default.conf:6
2026/09/23 08:07:44 [emerg] 1#1: unknown log format "main" in /etc/nginx/conf.d/default.conf:6
2026/09/23 08:07:44 [emerg] 1#1: unknown log format "main" in /etc/nginx/conf.d/default.conf:6
2026/09/23 08:07:44 [emerg] 1#1: unknown log format "main" in /etc/nginx/conf.d/default.conf:6
2026/09/23 08:07:44 [emerg] 1#1: unknown log format "main" in /etc/nginx/conf.d/default.conf:6
2026/09/23 08:07:44 [emerg] 1#1: unknown log format "main" in /etc/nginx/conf.d/default.conf:6
2026/09/23 08:07:44 [emerg] 1#1: unknown log format "main" in /etc/nginx/conf.d/default.conf:6
2026/09/23 08:07:45 [emerg] 1#1: unknown log format "main" in /etc/nginx/conf.d/default.conf:6
2026/09/23 08:07:45 [emerg] 1#1: unknown log format "main" in /etc/nginx/conf.d/default.conf:6
2026/09/23 08:07:45 [emerg] 1#1: unknown log format "main" in /etc/nginx/conf.d/default.conf:6
2026/09/23 08:07:45 [emerg] 1#1: unknown log format "main" in /etc/nginx/conf.d/default.conf:6
2026/09/23 08:07:45 [emerg] 1#1: unknown log format "main" in /etc/nginx/conf.d/default.conf:6
2026/09/23 08:07:45 [emerg] 1#1: unknown log format "main" in /etc/nginx/conf.d/default.conf:6
2026/09/23 08:07:45 [emerg] 1#1: unknown log format "main" in /etc/nginx/conf.d/default.conf:6
2026/09/23 08:07:45 [emerg] 1#1: unknown log format "main" in /etc/nginx/conf.d/default.conf:6
2026/09/23 08:07:46 [emerg] 1#1: unknown log format "main" in /etc/nginx/conf.d/default.conf:6
2026/09/23 08:07:46 [emerg] 1#1: unknown log format "main" in /etc/nginx/conf.d/default.conf:6
2026/09/23 08:07:46 [emerg] 1#1: unknown log format "main" in /etc/nginx/conf.d/default.conf:6
2026/09/23 08:07:46 [emerg] 1#1: unknown log format "main" in /etc/nginx/conf.d/default.conf:6
2026/09/23 08:07:46 [emerg] 1#1: unknown log format "main" in /etc/nginx/conf.d/default.conf:6
2026/09/23 08:07:46 [emerg] 1#1: unknown log format "main" in /etc/nginx/conf.d/default.conf:6
2026/09/23 08:07:46 [emerg] 1#1: unknown log format "main" in /etc/nginx/conf.d/default.conf:6
2026/09/23 08:07:47 [emerg] 1#1: unknown log format "main" in /etc/nginx/conf.d/default.conf:6
2026/09/23 08:07:47 [emerg] 1#1: unknown log format "main" in /etc/nginx/conf.d/default.conf:6
2026/09/23 08:07:47 [emerg] 1#1: unknown log format "main" in /etc/nginx/conf.d/default.conf:6
2026/09/23 08:07:47 [emerg] 1#1: unknown log format "main" in /etc/nginx/conf.d/default.conf:6
2026/09/23 08:07:47 [emerg] 1#1: unknown log format "main" in /etc/nginx/conf.d/default.conf:6
2026/09/23 08:07:47 [emerg] 1#1: unknown log format "main" in /etc/nginx/conf.d/default.conf:6
2026/09/23 08:07:47 [emerg] 1#1: unknown log format "main" in /etc/nginx/conf.d/default.conf:6
2026/09/23 08:07:47 [emerg] 1#1: unknown log format "main" in /etc/nginx/conf.d/default.conf:6
2026/09/23 08:07:48 [emerg] 1#1: unknown log format "main" in /etc/nginx/conf.d/default.conf:6
2026/09/23 08:07:48 [emerg] 1#1: unknown log format "main" in /etc/nginx/conf.d/default.conf:6
2026/09/23 08:07:48 [emerg] 1#1: unknown log format "main" in /etc/nginx/conf.d/default.conf:6
2026/09/23 08:07:48 [emerg] 1#1: unknown log format "main" in /etc/nginx/conf.d/default.conf:6
2026/09/23 08:07:48 [emerg] 1#1: unknown log format "main" in /etc/nginx/conf.d/default.conf:6
2026/09/23 08:07:48 [emerg] 1#1: unknown log format "main" in /etc/nginx/conf.d/default.conf:6
2026/09/23 08:07:48 [emerg] 1#1: unknown log format "main" in /etc/nginx/conf.d/default.conf:6
2026/09/23 08:07:48 [emerg] 1#1: unknown log format "main" in /etc/nginx/conf.d/default.conf:6
2026/09/23 08:07:48 [emerg] 1#1: unknown log format "main" in /etc/nginx/conf.d/default.conf:6
2026/09/23 08:07:49 [emerg] 1#1: unknown log format "main" in /etc/nginx/conf.d/default.conf:6
2026/09/23 08:07:49 [emerg] 1#1: unknown log format "main" in /etc/nginx/conf.d/default.conf:6
2026/09/23 08:07:49 [emerg] 1#1: unknown log format "main" in /etc/nginx/conf.d/default.conf:6
2026/09/23 08:07:49 [emerg] 1#1: unknown log format "main" in /etc/nginx/conf.d/default.conf:6
2026/09/23 08:07:49 [emerg] 1#1: unknown log format "main" in /etc/nginx/conf.d/default.conf:6
2026/09/23 08:07:49 [emerg] 1#1: unknown log format "main" in /etc/nginx/conf.d/default.conf:6
2026/09/23 08:07:49 [emerg] 1#1: unknown log format "main" in /etc/nginx/conf.d/default.conf:6
2026/09/23 08:07:49 [emerg] 1#1: unknown log format "main" in /etc/nginx/conf.d/default.conf:6
2026/09/23 08:07:50 [emerg] 1#1: unknown log format "main" in /etc/nginx/conf.d/default.conf:6
2026/09/23 08:07:50 [emerg] 1#1: unknown log format "main" in /etc/nginx/conf.d/default.conf:6
2026/09/23 08:07:50 [emerg] 1#1: unknown log format "main" in /etc/nginx/conf.d/default.conf:6
2026/09/23 08:07:50 [emerg] 1#1: unknown log format "main" in /etc/nginx/conf.d/default.conf:6
2026/09/23 08:07:50 [emerg] 1#1: unknown log format "main" in /etc/nginx/conf.d/default.conf:6
2026/09/23 08:07:50 [emerg] 1#1: unknown log format "main" in /etc/nginx/conf.d/default.conf:6
2026/09/23 08:07:50 [emerg] 1#1: unknown log format "main" in /etc/nginx/conf.d/default.conf:6
2026/09/23 08:07:50 [emerg] 1#1: unknown log format "main" in /etc/nginx/conf.d/default.conf:6
2026/09/23 08:07:51 [emerg] 1#1: unknown log format "main" in /etc/nginx/conf.d/default.conf:6
2026/09/23 08:07:51 [emerg] 1#1: unknown log format "main" in /etc/nginx/conf.d/default.conf:6
2026/09/23 08:07:51 [emerg] 1#1: unknown log format "main" in /etc/nginx/conf.d/default.conf:6
2026/09/23 08:07:51 [emerg] 1#1: unknown log format "main" in /etc/nginx/conf.d/default.conf:6
2026/09/23 08:07:51 [emerg] 1#1: unknown log format "main" in /etc/nginx/conf.d/default.conf:6
2026/09/23 08:07:51 [emerg] 1#1: unknown log format "main" in /etc/nginx/conf.d/default.conf:6
2026/09/23 08:07:51 [emerg] 1#1: unknown log format "main" in /etc/nginx/conf.d/default.conf:6
2026/09/23 08:07:51 [emerg] 1#1: unknown log format "main" in /etc/nginx/conf.d/default.conf:6
2026/09/23 08:07:52 [emerg] 1#1: unknown log format "main" in /etc/nginx/conf.d/default.conf:6
2026/09/23 08:07:52 [emerg] 1#1: unknown log format "main" in /etc/nginx/conf.d/default.conf:6
2026/09/23 08:07:52 [emerg] 1#1: unknown log format "main" in /etc/nginx/conf.d/default.conf:6
2026/09/23 08:07:52 [emerg] 1#1: unknown log format "main" in /etc/nginx/conf.d/default.conf:6
2026/09/23 08:07:52 [emerg] 1#1: unknown log format "main" in /etc/nginx/conf.d/default.conf:6
2026/09/23 08:07:52 [emerg] 1#1: unknown log format "main" in /etc/nginx/conf.d/default.conf:6
2026/09/23 08:07:52 [emerg] 1#1: unknown log format "main" in /etc/nginx/conf.d/default.conf:6
2026/09/23 08:07:52 [emerg] 1#1: unknown log format "main" in /etc/nginx/conf.d/default.conf:6
2026/09/23 08:07:53 [emerg] 1#1: unknown log format "main" in /etc/nginx/conf.d/default.conf:6
2026/09/23 08:07:53 [emerg] 1#1: unknown log format "main" in /etc/nginx/conf.d/default.conf:6
2026/09/23 08:07:53 [emerg] 1#1: unknown log format "main" in /etc/nginx/conf.d/default.conf:6
2026/09/23 08:07:53 [emerg] 1#1: unknown log format "main" in /etc/nginx/conf.d/default.conf:6
2026/09/23 08:07:53 [emerg] 1#1: unknown log format "main" in /etc/nginx/conf.d/default.conf:6
2026/09/23 08:07:53 [emerg] 1#1: unknown log format "main" in /etc/nginx/conf.d/default.conf:6
2026/09/23 08:07:53 [emerg] 1#1: unknown log format "main" in /etc/nginx/conf.d/default.conf:6
2026/09/23 08:07:53 [emerg] 1#1: unknown log format "main" in /etc/nginx/conf.d/default.conf:6
2026/09/23 08:07:53 [emerg] 1#1: unknown log format "main" in /etc/nginx/conf.d/default.conf:6
2026/09/23 08:07:54 [emerg] 1#1: unknown log format "main" in /etc/nginx/conf.d/default.conf:6
2026/09/23 08:07:54 [emerg] 1#1: unknown log format "main" in /etc/nginx/conf.d/default.conf:6
2026/09/23 08:07:54 [emerg] 1#1: unknown log format "main" in /etc/nginx/conf.d/default.conf:6
2026/09/23 08:07:54 [emerg] 1#1: unknown log format "main" in /etc/nginx/conf.d/default.conf:6
2026/09/23 08:07:54 [emerg] 1#1: unknown log format "main" in /etc/nginx/conf.d/default.conf:6
2026/09/23 08:07:54 [emerg] 1#1: unknown log format "main" in /etc/nginx/conf.d/default.conf:6
2026/09/23 08:07:54 [emerg] 1#1: unknown log format "main" in /etc/nginx/conf.d/default.conf:6
2026/09/23 08:07:54 [emerg] 1#1: unknown log format "main" in /etc/nginx/conf.d/default.conf:6
2026/09/23 08:07:55 [emerg] 1#1: unknown log format "main" in /etc/nginx/conf.d/default.conf:6
2026/09/23 08:07:55 [emerg] 1#1: unknown log format "main" in /etc/nginx/conf.d/default.conf:6
2026/09/23 08:07:55 [emerg] 1#1: unknown log format "main" in /etc/nginx/conf.d/default.conf:6
2026/09/23 08:07:55 [emerg] 1#1: unknown log format "main" in /etc/nginx/conf.d/default.conf:6
2026/09/23 08:07:55 [emerg] 1#1: unknown log format "main" in /etc/nginx/conf.d/default.conf:6
2026/09/23 08:07:55 [emerg] 1#1: unknown log format "main" in /etc/nginx/conf.d/default.conf:6
2026/09/23 08:07:55 [emerg] 1#1: unknown log format "main" in /etc/nginx/conf.d/default.conf:6
2026/09/23 08:07:55 [emerg] 1#1: unknown log format "main" in /etc/nginx/conf.d/default.conf:6
2026/09/23 08:07:56 [emerg] 1#1: unknown log format "main" in /etc/nginx/conf.d/default.conf:6
2026/09/23 08:07:56 [emerg] 1#1: unknown log format "main" in /etc/nginx/conf.d/default.conf:6
2026/09/23 08:07:56 [emerg] 1#1: unknown log format "main" in /etc/nginx/conf.d/default.conf:6
2026/09/23 08:07:56 [emerg] 1#1: unknown log format "main" in /etc/nginx/conf.d/default.conf:6
2026/09/23 08:07:56 [emerg] 1#1: unknown log format "main" in /etc/nginx/conf.d/default.conf:6
2026/09/23 08:07:56 [emerg] 1#1: unknown log format "main" in /etc/nginx/conf.d/default.conf:6
2026/09/23 08:07:56 [emerg] 1#1: unknown log format "main" in /etc/nginx/conf.d/default.conf:6
2026/09/23 08:07:56 [emerg] 1#1: unknown log format "main" in /etc/nginx/conf.d/default.conf:6
2026/09/23 08:07:56 [emerg] 1#1: unknown log format "main" in /etc/nginx/conf.d/default.conf:6
2026/09/23 08:07:57 [emerg] 1#1: unknown log format "main" in /etc/nginx/conf.d/default.conf:6
2026/09/23 08:07:57 [emerg] 1#1: unknown log format "main" in /etc/nginx/conf.d/default.conf:6
2026/09/23 08:07:57 [emerg] 1#1: unknown log format "main" in /etc/nginx/conf.d/default.conf:6
2026/09/23 08:07:57 [emerg] 1#1: unknown log format "main" in /etc/nginx/conf.d/default.conf:6
2026/09/23 08:07:57 [emerg] 1#1: unknown log format "main" in /etc/nginx/conf.d/default.conf:6
2026/09/23 08:07:57 [emerg] 1#1: unknown log format "main" in /etc/nginx/conf.d/default.conf:6
2026/09/23 08:07:57 [emerg] 1#1: unknown log format "main" in /etc/nginx/conf.d/default.conf:6
2026/09/23 08:07:57 [emerg] 1#1: unknown log format "main" in /etc/nginx/conf.d/default.conf:6
2026/09/23 08:07:58 [emerg] 1#1: unknown log format "main" in /etc/nginx/conf.d/default.conf:6
2026/09/23 08:07:58 [emerg] 1#1: unknown log format "main" in /etc/nginx/conf.d/default.conf:6
2026/09/23 08:07:58 [emerg] 1#1: unknown log format "main" in /etc/nginx/conf.d/default.conf:6
2026/09/23 08:07:58 [emerg] 1#1: unknown log format "main" in /etc/nginx/conf.d/default.conf:6
2026/09/23 08:07:58 [emerg] 1#1: unknown log format "main" in /etc/nginx/conf.d/default.conf:6
2026/09/23 08:07:58 [emerg] 1#1: unknown log format "main" in /etc/nginx/conf.d/default.conf:6
2026/09/23 08:07:58 [emerg] 1#1: unknown log format "main" in /etc/nginx/conf.d/default.conf:6
2026/09/23 08:07:58 [emerg] 1#1: unknown log format "main" in /etc/nginx/conf.d/default.conf:6
2026/09/23 08:07:59 [emerg] 1#1: unknown log format "main" in /etc/nginx/conf.d/default.conf:6
2026/09/23 08:07:59 [emerg] 1#1: unknown log format "main" in /etc/nginx/conf.d/default.conf:6
2026/09/23 08:07:59 [emerg] 1#1: unknown log format "main" in /etc/nginx/conf.d/default.conf:6
2026/09/23 08:07:59 [emerg] 1#1: unknown log format "main" in /etc/nginx/conf.d/default.conf:6
2026/09/23 08:07:59 [emerg] 1#1: unknown log format "main" in /etc/nginx/conf.d/default.conf:6
2026/09/23 08:07:59 [emerg] 1#1: unknown log format "main" in /etc/nginx/conf.d/default.conf:6
2026/09/23 08:07:59 [emerg] 1#1: unknown log format "main" in /etc/nginx/conf.d/default.conf:6
2026/09/23 08:07:59 [emerg] 1#1: unknown log format "main" in /etc/nginx/conf.d/default.conf:6
2026/09/23 08:08:00 [emerg] 1#1: unknown log format "main" in /etc/nginx/conf.d/default.conf:6
2026/09/23 08:08:00 [emerg] 1#1: unknown log format "main" in /etc/nginx/conf.d/default.conf:6
2026/09/23 08:08:00 [emerg] 1#1: unknown log format "main" in /etc/nginx/conf.d/default.conf:6
2026/09/23 08:08:00 [emerg] 1#1: unknown log format "main" in /etc/nginx/conf.d/default.conf:6
2026/09/23 08:08:00 [emerg] 1#1: unknown log format "main" in /etc/nginx/conf.d/default.conf:6
2026/09/23 08:08:00 [emerg] 1#1: unknown log format "main" in /etc/nginx/conf.d/default.conf:6
2026/09/23 08:08:00 [emerg] 1#1: unknown log format "main" in /etc/nginx/conf.d/default.conf:6
2026/09/23 08:08:00 [emerg] 1#1: unknown log format "main" in /etc/nginx/conf.d/default.conf:6
2026/09/23 08:08:00 [emerg] 1#1: unknown log format "main" in /etc/nginx/conf.d/default.conf:6
2026/09/23 08:08:01 [emerg] 1#1: unknown log format "main" in /etc/nginx/conf.d/default.conf:6
2026/09/23 08:08:01 [emerg] 1#1: unknown log format "main" in /etc/nginx/conf.d/default.conf:6
2026/09/23 08:08:01 [emerg] 1#1: unknown log format "main" in /etc/nginx/conf.d/default.conf:6
2026/09/23 08:08:01 [emerg] 1#1: unknown log format "main" in /etc/nginx/conf.d/default.conf:6
2026/09/23 08:08:01 [emerg] 1#1: unknown log format "main" in /etc/nginx/conf.d/default.conf:6
2026/09/23 08:08:01 [emerg] 1#1: unknown log format "main" in /etc/nginx/conf.d/default.conf:6
2026/09/23 08:08:01 [emerg] 1#1: unknown log format "main" in /etc/nginx/conf.d/default.conf:6
2026/09/23 08:08:01 [emerg] 1#1: unknown log format "main" in /etc/nginx/conf.d/default.conf:6
2026/09/23 08:08:02 [emerg] 1#1: unknown log format "main" in /etc/nginx/conf.d/default.conf:6
2026/09/23 08:08:02 [emerg] 1#1: unknown log format "main" in /etc/nginx/conf.d/default.conf:6
2026/09/23 08:08:02 [emerg] 1#1: unknown log format "main" in /etc/nginx/conf.d/default.conf:6
2026/09/23 08:08:02 [emerg] 1#1: unknown log format "main" in /etc/nginx/conf.d/default.conf:6
2026/09/23 08:08:02 [emerg] 1#1: unknown log format "main" in /etc/nginx/conf.d/default.conf:6
2026/09/23 08:08:02 [emerg] 1#1: unknown log format "main" in /etc/nginx/conf.d/default.conf:6
2026/09/23 08:08:02 [emerg] 1#1: unknown log format "main" in /etc/nginx/conf.d/default.conf:6
2026/09/23 08:08:02 [emerg] 1#1: unknown log format "main" in /etc/nginx/conf.d/default.conf:6
2026/09/23 08:08:03 [emerg] 1#1: unknown log format "main" in /etc/nginx/conf.d/default.conf:6
2026/09/23 08:08:03 [emerg] 1#1: unknown log format "main" in /etc/nginx/conf.d/default.conf:6
2026/09/23 08:08:03 [emerg] 1#1: unknown log format "main" in /etc/nginx/conf.d/default.conf:6
2026/09/23 08:08:03 [emerg] 1#1: unknown log format "main" in /etc/nginx/conf.d/default.conf:6
2026/09/23 08:08:03 [emerg] 1#1: unknown log format "main" in /etc/nginx/conf.d/default.conf:6
2026/09/23 08:08:03 [emerg] 1#1: unknown log format "main" in /etc/nginx/conf.d/default.conf:6
2026/09/23 08:08:03 [emerg] 1#1: unknown log format "main" in /etc/nginx/conf.d/default.conf:6
2026/09/23 08:08:03 [emerg] 1#1: unknown log format "main" in /etc/nginx/conf.d/default.conf:6
2026/09/23 08:08:03 [emerg] 1#1: unknown log format "main" in /etc/nginx/conf.d/default.conf:6
2026/09/23 08:08:04 [emerg] 1#1: unknown log format "main" in /etc/nginx/conf.d/default.conf:6
2026/09/23 08:08:04 [emerg] 1#1: unknown log format "main" in /etc/nginx/conf.d/default.conf:6
2026/09/23 08:08:04 [emerg] 1#1: unknown log format "main" in /etc/nginx/conf.d/default.conf:6
2026/09/23 08:08:04 [emerg] 1#1: unknown log format "main" in /etc/nginx/conf.d/default.conf:6
2026/09/23 08:08:04 [emerg] 1#1: unknown log format "main" in /etc/nginx/conf.d/default.conf:6
2026/09/23 08:08:04 [emerg] 1#1: unknown log format "main" in /etc/nginx/conf.d/default.conf:6
2026/09/23 08:08:04 [emerg] 1#1: unknown log format "main" in /etc/nginx/conf.d/default.conf:6
2026/09/23 08:08:04 [emerg] 1#1: unknown log format "main" in /etc/nginx/conf.d/default.conf:6
2026/09/23 08:08:05 [emerg] 1#1: unknown log format "main" in /etc/nginx/conf.d/default.conf:6
2026/09/23 08:08:05 [emerg] 1#1: unknown log format "main" in /etc/nginx/conf.d/default.conf:6
2026/09/23 08:08:05 [emerg] 1#1: unknown log format "main" in /etc/nginx/conf.d/default.conf:6
2026/09/23 08:08:05 [emerg] 1#1: unknown log format "main" in /etc/nginx/conf.d/default.conf:6
2026/09/23 08:08:05 [emerg] 1#1: unknown log format "main" in /etc/nginx/conf.d/default.conf:6
2026/09/23 08:08:05 [emerg] 1#1: unknown log format "main" in /etc/nginx/conf.d/default.conf:6
2026/09/23 08:08:05 [emerg] 1#1: unknown log format "main" in /etc/nginx/conf.d/default.conf:6
2026/09/23 08:08:05 [emerg] 1#1: unknown log format "main" in /etc/nginx/conf.d/default.conf:6
2026/09/23 08:08:05 [emerg] 1#1: unknown log format "main" in /etc/nginx/conf.d/default.conf:6
2026/09/23 08:08:06 [emerg] 1#1: unknown log format "main" in /etc/nginx/conf.d/default.conf:6
2026/09/23 08:08:06 [emerg] 1#1: unknown log format "main" in /etc/nginx/conf.d/default.conf:6
2026/09/23 08:08:06 [emerg] 1#1: unknown log format "main" in /etc/nginx/conf.d/default.conf:6
2026/09/23 08:08:06 [emerg] 1#1: unknown log format "main" in /etc/nginx/conf.d/default.conf:6
2026/09/23 08:08:06 [emerg] 1#1: unknown log format "main" in /etc/nginx/conf.d/default.conf:6
2026/09/23 08:08:06 [emerg] 1#1: unknown log format "main" in /etc/nginx/conf.d/default.conf:6
2026/09/23 08:08:06 [emerg] 1#1: unknown log format "main" in /etc/nginx/conf.d/default.conf:6
2026/09/23 08:08:06 [emerg] 1#1: unknown log format "main" in /etc/nginx/conf.d/default.conf:6
2026/09/23 08:08:07 [emerg] 1#1: unknown log format "main" in /etc/nginx/conf.d/default.conf:6
2026/09/23 08:08:07 [emerg] 1#1: unknown log format "main" in /etc/nginx/conf.d/default.conf:6
2026/09/23 08:08:07 [emerg] 1#1: unknown log format "main" in /etc/nginx/conf.d/default.conf:6
2026/09/23 08:08:07 [emerg] 1#1: unknown log format "main" in /etc/nginx/conf.d/default.conf:6
2026/09/23 08:08:07 [emerg] 1#1: unknown log format "main" in /etc/nginx/conf.d/default.conf:6
2026/09/23 08:08:07 [emerg] 1#1: unknown log format "main" in /etc/nginx/conf.d/default.conf:6
2026/09/23 08:08:07 [emerg] 1#1: unknown log format "main" in /etc/nginx/conf.d/default.conf:6
2026/09/23 08:08:07 [emerg] 1#1: unknown log format "main" in /etc/nginx/conf.d/default.conf:6
2026/09/23 08:08:08 [emerg] 1#1: unknown log format "main" in /etc/nginx/conf.d/default.conf:6
2026/09/23 08:08:08 [emerg] 1#1: unknown log format "main" in /etc/nginx/conf.d/default.conf:6
2026/09/23 08:08:08 [emerg] 1#1: unknown log format "main" in /etc/nginx/conf.d/default.conf:6
2026/09/23 08:08:08 [emerg] 1#1: unknown log format "main" in /etc/nginx/conf.d/default.conf:6
2026/09/23 08:08:08 [emerg] 1#1: unknown log format "main" in /etc/nginx/conf.d/default.conf:6
2026/09/23 08:08:08 [emerg] 1#1: unknown log format "main" in /etc/nginx/conf.d/default.conf:6
2026/09/23 08:08:08 [emerg] 1#1: unknown log format "main" in /etc/nginx/conf.d/default.conf:6
2026/09/23 08:08:08 [emerg] 1#1: unknown log format "main" in /etc/nginx/conf.d/default.conf:6
2026/09/23 08:08:09 [emerg] 1#1: unknown log format "main" in /etc/nginx/conf.d/default.conf:6
2026/09/23 08:08:09 [emerg] 1#1: unknown log format "main" in /etc/nginx/conf.d/default.conf:6
2026/09/23 08:08:09 [emerg] 1#1: unknown log format "main" in /etc/nginx/conf.d/default.conf:6
2026/09/23 08:08:09 [emerg] 1#1: unknown log format "main" in /etc/nginx/conf.d/default.conf:6
2026/09/23 08:08:09 [emerg] 1#1: unknown log format "main" in /etc/nginx/conf.d/default.conf:6
2026/09/23 08:08:09 [emerg] 1#1: unknown log format "main" in /etc/nginx/conf.d/default.conf:6
2026/09/23 08:08:09 [emerg] 1#1: unknown log format "main" in /etc/nginx/conf.d/default.conf:6
2026/09/23 08:08:09 [emerg] 1#1: unknown log format "main" in /etc/nginx/conf.d/default.conf:6
2026/09/23 08:08:09 [emerg] 1#1: unknown log format "main" in /etc/nginx/conf.d/default.conf:6
2026/09/23 08:08:10 [emerg] 1#1: unknown log format "main" in /etc/nginx/conf.d/default.conf:6
2026/09/23 08:08:10 [emerg] 1#1: unknown log format "main" in /etc/nginx/conf.d/default.conf:6
2026/09/23 08:08:10 [emerg] 1#1: unknown log format "main" in /etc/nginx/conf.d/default.conf:6
2026/09/23 08:08:10 [emerg] 1#1: unknown log format "main" in /etc/nginx/conf.d/default.conf:6
2026/09/23 08:08:10 [emerg] 1#1: unknown log format "main" in /etc/nginx/conf.d/default.conf:6
2026/09/23 08:08:10 [emerg] 1#1: unknown log format "main" in /etc/nginx/conf.d/default.conf:6
2026/09/23 08:08:10 [emerg] 1#1: unknown log format "main" in /etc/nginx/conf.d/default.conf:6
2026/09/23 08:08:10 [emerg] 1#1: unknown log format "main" in /etc/nginx/conf.d/default.conf:6
2026/09/23 08:08:11 [emerg] 1#1: unknown log format "main" in /etc/nginx/conf.d/default.conf:6
2026/09/23 08:08:11 [emerg] 1#1: unknown log format "main" in /etc/nginx/conf.d/default.conf:6
2026/09/23 08:08:11 [emerg] 1#1: unknown log format "main" in /etc/nginx/conf.d/default.conf:6
2026/09/23 08:08:11 [emerg] 1#1: unknown log format "main" in /etc/nginx/conf.d/default.conf:6
2026/09/23 08:08:11 [emerg] 1#1: unknown log format "main" in /etc/nginx/conf.d/default.conf:6
2026/09/23 08:08:11 [emerg] 1#1: unknown log format "main" in /etc/nginx/conf.d/default.conf:6
2026/09/23 08:08:11 [emerg] 1#1: unknown log format "main" in /etc/nginx/conf.d/default.conf:6
2026/09/23 08:08:12 [emerg] 1#1: unknown log format "main" in /etc/nginx/conf.d/default.conf:6
2026/09/23 08:08:12 [emerg] 1#1: unknown log format "main" in /etc/nginx/conf.d/default.conf:6
2026/09/23 08:08:12 [emerg] 1#1: unknown log format "main" in /etc/nginx/conf.d/default.conf:6
2026/09/23 08:08:12 [emerg] 1#1: unknown log format "main" in /etc/nginx/conf.d/default.conf:6
2026/09/23 08:08:12 [emerg] 1#1: unknown log format "main" in /etc/nginx/conf.d/default.conf:6
2026/09/23 08:08:12 [emerg] 1#1: unknown log format "main" in /etc/nginx/conf.d/default.conf:6
2026/09/23 08:08:12 [emerg] 1#1: unknown log format "main" in /etc/nginx/conf.d/default.conf:6
2026/09/23 08:08:12 [emerg] 1#1: unknown log format "main" in /etc/nginx/conf.d/default.conf:6
2026/09/23 08:08:12 [emerg] 1#1: unknown log format "main" in /etc/nginx/conf.d/default.conf:6
2026/09/23 08:08:13 [emerg] 1#1: unknown log format "main" in /etc/nginx/conf.d/default.conf:6
2026/09/23 08:08:13 [emerg] 1#1: unknown log format "main" in /etc/nginx/conf.d/default.conf:6
2026/09/23 08:08:13 [emerg] 1#1: unknown log format "main" in /etc/nginx/conf.d/default.conf:6
2026/09/23 08:08:13 [emerg] 1#1: unknown log format "main" in /etc/nginx/conf.d/default.conf:6
2026/09/23 08:08:13 [emerg] 1#1: unknown log format "main" in /etc/nginx/conf.d/default.conf:6
2026/09/23 08:08:13 [emerg] 1#1: unknown log format "main" in /etc/nginx/conf.d/default.conf:6
2026/09/23 08:08:13 [emerg] 1#1: unknown log format "main" in /etc/nginx/conf.d/default.conf:6
2026/09/23 08:08:13 [emerg] 1#1: unknown log format "main" in /etc/nginx/conf.d/default.conf:6
2026/09/23 08:08:14 [emerg] 1#1: unknown log format "main" in /etc/nginx/conf.d/default.conf:6
2026/09/23 08:08:14 [emerg] 1#1: unknown log format "main" in /etc/nginx/conf.d/default.conf:6
2026/09/23 08:08:14 [emerg] 1#1: unknown log format "main" in /etc/nginx/conf.d/default.conf:6
2026/09/23 08:08:14 [emerg] 1#1: unknown log format "main" in /etc/nginx/conf.d/default.conf:6
2026/09/23 08:08:14 [emerg] 1#1: unknown log format "main" in /etc/nginx/conf.d/default.conf:6
2026/09/23 08:08:14 [emerg] 1#1: unknown log format "main" in /etc/nginx/conf.d/default.conf:6
2026/09/23 08:08:14 [emerg] 1#1: unknown log format "main" in /etc/nginx/conf.d/default.conf:6
2026/09/23 08:08:14 [emerg] 1#1: unknown log format "main" in /etc/nginx/conf.d/default.conf:6
2026/09/23 08:08:15 [emerg] 1#1: unknown log format "main" in /etc/nginx/conf.d/default.conf:6
2026/09/23 08:08:15 [emerg] 1#1: unknown log format "main" in /etc/nginx/conf.d/default.conf:6
2026/09/23 08:08:15 [emerg] 1#1: unknown log format "main" in /etc/nginx/conf.d/default.conf:6
2026/09/23 08:08:15 [emerg] 1#1: unknown log format "main" in /etc/nginx/conf.d/default.conf:6
2026/09/23 08:08:15 [emerg] 1#1: unknown log format "main" in /etc/nginx/conf.d/default.conf:6
2026/09/23 08:08:15 [emerg] 1#1: unknown log format "main" in /etc/nginx/conf.d/default.conf:6
2026/09/23 08:08:15 [emerg] 1#1: unknown log format "main" in /etc/nginx/conf.d/default.conf:6
2026/09/23 08:08:15 [emerg] 1#1: unknown log format "main" in /etc/nginx/conf.d/default.conf:6
2026/09/23 08:08:15 [emerg] 1#1: unknown log format "main" in /etc/nginx/conf.d/default.conf:6
2026/09/23 08:08:16 [emerg] 1#1: unknown log format "main" in /etc/nginx/conf.d/default.conf:6
2026/09/23 08:08:16 [emerg] 1#1: unknown log format "main" in /etc/nginx/conf.d/default.conf:6
2026/09/23 08:08:16 [emerg] 1#1: unknown log format "main" in /etc/nginx/conf.d/default.conf:6
2026/09/23 08:08:16 [emerg] 1#1: unknown log format "main" in /etc/nginx/conf.d/default.conf:6
2026/09/23 08:08:16 [emerg] 1#1: unknown log format "main" in /etc/nginx/conf.d/default.conf:6
2026/09/23 08:08:16 [emerg] 1#1: unknown log format "main" in /etc/nginx/conf.d/default.conf:6
2026/09/23 08:08:16 [emerg] 1#1: unknown log format "main" in /etc/nginx/conf.d/default.conf:6
2026/09/23 08:08:16 [emerg] 1#1: unknown log format "main" in /etc/nginx/conf.d/default.conf:6
2026/09/23 08:08:17 [emerg] 1#1: unknown log format "main" in /etc/nginx/conf.d/default.conf:6
2026/09/23 08:08:17 [emerg] 1#1: unknown log format "main" in /etc/nginx/conf.d/default.conf:6
2026/09/23 08:08:17 [emerg] 1#1: unknown log format "main" in /etc/nginx/conf.d/default.conf:6
2026/09/23 08:08:17 [emerg] 1#1: unknown log format "main" in /etc/nginx/conf.d/default.conf:6
2026/09/23 08:08:17 [emerg] 1#1: unknown log format "main" in /etc/nginx/conf.d/default.conf:6
2026/09/23 08:08:17 [emerg] 1#1: unknown log format "main" in /etc/nginx/conf.d/default.conf:6
2026/09/23 08:08:17 [emerg] 1#1: unknown log format "main" in /etc/nginx/conf.d/default.conf:6
2026/09/23 08:08:17 [emerg] 1#1: unknown log format "main" in /etc/nginx/conf.d/default.conf:6
2026/09/23 08:08:18 [emerg] 1#1: unknown log format "main" in /etc/nginx/conf.d/default.conf:6
2026/09/23 08:08:18 [emerg] 1#1: unknown log format "main" in /etc/nginx/conf.d/default.conf:6
2026/09/23 08:08:18 [emerg] 1#1: unknown log format "main" in /etc/nginx/conf.d/default.conf:6
2026/09/23 08:08:18 [emerg] 1#1: unknown log format "main" in /etc/nginx/conf.d/default.conf:6
2026/09/23 08:08:18 [emerg] 1#1: unknown log format "main" in /etc/nginx/conf.d/default.conf:6
2026/09/23 08:08:18 [emerg] 1#1: unknown log format "main" in /etc/nginx/conf.d/default.conf:6
2026/09/23 08:08:18 [emerg] 1#1: unknown log format "main" in /etc/nginx/conf.d/default.conf:6
2026/09/23 08:08:18 [emerg] 1#1: unknown log format "main" in /etc/nginx/conf.d/default.conf:6
2026/09/23 08:08:19 [emerg] 1#1: unknown log format "main" in /etc/nginx/conf.d/default.conf:6
2026/09/23 08:08:19 [emerg] 1#1: unknown log format "main" in /etc/nginx/conf.d/default.conf:6
2026/09/23 08:08:19 [emerg] 1#1: unknown log format "main" in /etc/nginx/conf.d/default.conf:6
2026/09/23 08:08:19 [emerg] 1#1: unknown log format "main" in /etc/nginx/conf.d/default.conf:6
2026/09/23 08:08:19 [emerg] 1#1: unknown log format "main" in /etc/nginx/conf.d/default.conf:6
2026/09/23 08:08:19 [emerg] 1#1: unknown log format "main" in /etc/nginx/conf.d/default.conf:6
2026/09/23 08:08:19 [emerg] 1#1: unknown log format "main" in /etc/nginx/conf.d/default.conf:6
2026/09/23 08:08:19 [emerg] 1#1: unknown log format "main" in /etc/nginx/conf.d/default.conf:6
2026/09/23 08:08:20 [emerg] 1#1: unknown log format "main" in /etc/nginx/conf.d/default.conf:6
2026/09/23 08:08:20 [emerg] 1#1: unknown log format "main" in /etc/nginx/conf.d/default.conf:6
2026/09/23 08:08:20 [emerg] 1#1: unknown log format "main" in /etc/nginx/conf.d/default.conf:6
2026/09/23 08:08:20 [emerg] 1#1: unknown log format "main" in /etc/nginx/conf.d/default.conf:6
2026/09/23 08:08:20 [emerg] 1#1: unknown log format "main" in /etc/nginx/conf.d/default.conf:6
2026/09/23 08:08:20 [emerg] 1#1: unknown log format "main" in /etc/nginx/conf.d/default.conf:6
2026/09/23 08:08:20 [emerg] 1#1: unknown log format "main" in /etc/nginx/conf.d/default.conf:6
2026/09/23 08:08:20 [emerg] 1#1: unknown log format "main" in /etc/nginx/conf.d/default.conf:6
2026/09/23 08:08:21 [emerg] 1#1: unknown log format "main" in /etc/nginx/conf.d/default.conf:6
2026/09/23 08:08:21 [emerg] 1#1: unknown log format "main" in /etc/nginx/conf.d/default.conf:6
2026/09/23 08:08:21 [emerg] 1#1: unknown log format "main" in /etc/nginx/conf.d/default.conf:6
2026/09/23 08:08:21 [emerg] 1#1: unknown log format "main" in /etc/nginx/conf.d/default.conf:6
2026/09/23 08:08:21 [emerg] 1#1: unknown log format "main" in /etc/nginx/conf.d/default.conf:6
2026/09/23 08:08:21 [emerg] 1#1: unknown log format "main" in /etc/nginx/conf.d/default.conf:6
2026/09/23 08:08:21 [emerg] 1#1: unknown log format "main" in /etc/nginx/conf.d/default.conf:6
2026/09/23 08:08:21 [emerg] 1#1: unknown log format "main" in /etc/nginx/conf.d/default.conf:6
2026/09/23 08:08:21 [emerg] 1#1: unknown log format "main" in /etc/nginx/conf.d/default.conf:6
2026/09/23 08:08:22 [emerg] 1#1: unknown log format "main" in /etc/nginx/conf.d/default.conf:6
2026/09/23 08:08:22 [emerg] 1#1: unknown log format "main" in /etc/nginx/conf.d/default.conf:6
2026/09/23 08:08:22 [emerg] 1#1: unknown log format "main" in /etc/nginx/conf.d/default.conf:6
2026/09/23 08:08:22 [emerg] 1#1: unknown log format "main" in /etc/nginx/conf.d/default.conf:6
2026/09/23 08:08:22 [emerg] 1#1: unknown log format "main" in /etc/nginx/conf.d/default.conf:6
2026/09/23 08:08:22 [emerg] 1#1: unknown log format "main" in /etc/nginx/conf.d/default.conf:6
2026/09/23 08:08:22 [emerg] 1#1: unknown log format "main" in /etc/nginx/conf.d/default.conf:6
2026/09/23 08:08:22 [emerg] 1#1: unknown log format "main" in /etc/nginx/conf.d/default.conf:6
2026/09/23 08:08:23 [emerg] 1#1: unknown log format "main" in /etc/nginx/conf.d/default.conf:6
2026/09/23 08:08:23 [emerg] 1#1: unknown log format "main" in /etc/nginx/conf.d/default.conf:6
2026/09/23 08:08:23 [emerg] 1#1: unknown log format "main" in /etc/nginx/conf.d/default.conf:6
2026/09/23 08:08:23 [emerg] 1#1: unknown log format "main" in /etc/nginx/conf.d/default.conf:6
2026/09/23 08:08:23 [emerg] 1#1: unknown log format "main" in /etc/nginx/conf.d/default.conf:6
2026/09/23 08:08:23 [emerg] 1#1: unknown log format "main" in /etc/nginx/conf.d/default.conf:6
2026/09/23 08:08:23 [emerg] 1#1: unknown log format "main" in /etc/nginx/conf.d/default.conf:6
2026/09/23 08:08:23 [emerg] 1#1: unknown log format "main" in /etc/nginx/conf.d/default.conf:6
2026/09/23 08:08:23 [emerg] 1#1: unknown log format "main" in /etc/nginx/conf.d/default.conf:6
2026/09/23 08:08:24 [emerg] 1#1: unknown log format "main" in /etc/nginx/conf.d/default.conf:6
2026/09/23 08:08:24 [emerg] 1#1: unknown log format "main" in /etc/nginx/conf.d/default.conf:6
2026/09/23 08:08:24 [emerg] 1#1: unknown log format "main" in /etc/nginx/conf.d/default.conf:6
2026/09/23 08:08:24 [emerg] 1#1: unknown log format "main" in /etc/nginx/conf.d/default.conf:6
2026/09/23 08:08:24 [emerg] 1#1: unknown log format "main" in /etc/nginx/conf.d/default.conf:6
2026/09/23 08:08:24 [emerg] 1#1: unknown log format "main" in /etc/nginx/conf.d/default.conf:6
2026/09/23 08:08:24 [emerg] 1#1: unknown log format "main" in /etc/nginx/conf.d/default.conf:6
2026/09/23 08:08:24 [emerg] 1#1: unknown log format "main" in /etc/nginx/conf.d/default.conf:6
2026/09/23 08:08:25 [emerg] 1#1: unknown log format "main" in /etc/nginx/conf.d/default.conf:6
2026/09/23 08:08:25 [emerg] 1#1: unknown log format "main" in /etc/nginx/conf.d/default.conf:6
2026/09/23 08:08:25 [emerg] 1#1: unknown log format "main" in /etc/nginx/conf.d/default.conf:6
2026/09/23 08:08:25 [emerg] 1#1: unknown log format "main" in /etc/nginx/conf.d/default.conf:6
2026/09/23 08:08:25 [emerg] 1#1: unknown log format "main" in /etc/nginx/conf.d/default.conf:6
2026/09/23 08:08:25 [emerg] 1#1: unknown log format "main" in /etc/nginx/conf.d/default.conf:6
2026/09/23 08:08:25 [emerg] 1#1: unknown log format "main" in /etc/nginx/conf.d/default.conf:6
2026/09/23 08:08:25 [emerg] 1#1: unknown log format "main" in /etc/nginx/conf.d/default.conf:6
2026/09/23 08:08:26 [emerg] 1#1: unknown log format "main" in /etc/nginx/conf.d/default.conf:6
2026/09/23 08:08:26 [emerg] 1#1: unknown log format "main" in /etc/nginx/conf.d/default.conf:6
2026/09/23 08:08:26 [emerg] 1#1: unknown log format "main" in /etc/nginx/conf.d/default.conf:6
2026/09/23 08:08:26 [emerg] 1#1: unknown log format "main" in /etc/nginx/conf.d/default.conf:6
2026/09/23 08:08:26 [emerg] 1#1: unknown log format "main" in /etc/nginx/conf.d/default.conf:6
2026/09/23 08:08:26 [emerg] 1#1: unknown log format "main" in /etc/nginx/conf.d/default.conf:6
2026/09/23 08:08:26 [emerg] 1#1: unknown log format "main" in /etc/nginx/conf.d/default.conf:6
2026/09/23 08:08:26 [emerg] 1#1: unknown log format "main" in /etc/nginx/conf.d/default.conf:6
2026/09/23 08:08:26 [emerg] 1#1: unknown log format "main" in /etc/nginx/conf.d/default.conf:6
2026/09/23 08:08:27 [emerg] 1#1: unknown log format "main" in /etc/nginx/conf.d/default.conf:6
2026/09/23 08:08:27 [emerg] 1#1: unknown log format "main" in /etc/nginx/conf.d/default.conf:6
2026/09/23 08:08:27 [emerg] 1#1: unknown log format "main" in /etc/nginx/conf.d/default.conf:6
2026/09/23 08:08:27 [emerg] 1#1: unknown log format "main" in /etc/nginx/conf.d/default.conf:6
2026/09/23 08:08:27 [emerg] 1#1: unknown log format "main" in /etc/nginx/conf.d/default.conf:6
2026/09/23 08:08:27 [emerg] 1#1: unknown log format "main" in /etc/nginx/conf.d/default.conf:6
2026/09/23 08:08:27 [emerg] 1#1: unknown log format "main" in /etc/nginx/conf.d/default.conf:6
2026/09/23 08:08:28 [emerg] 1#1: unknown log format "main" in /etc/nginx/conf.d/default.conf:6
2026/09/23 08:08:28 [emerg] 1#1: unknown log format "main" in /etc/nginx/conf.d/default.conf:6
2026/09/23 08:08:28 [emerg] 1#1: unknown log format "main" in /etc/nginx/conf.d/default.conf:6
2026/09/23 08:08:28 [emerg] 1#1: unknown log format "main" in /etc/nginx/conf.d/default.conf:6
2026/09/23 08:08:28 [emerg] 1#1: unknown log format "main" in /etc/nginx/conf.d/default.conf:6
2026/09/23 08:08:28 [emerg] 1#1: unknown log format "main" in /etc/nginx/conf.d/default.conf:6
2026/09/23 08:08:28 [emerg] 1#1: unknown log format "main" in /etc/nginx/conf.d/default.conf:6
2026/09/23 08:08:28 [emerg] 1#1: unknown log format "main" in /etc/nginx/conf.d/default.conf:6
2026/09/23 08:08:29 [emerg] 1#1: unknown log format "main" in /etc/nginx/conf.d/default.conf:6
2026/09/23 08:08:29 [emerg] 1#1: unknown log format "main" in /etc/nginx/conf.d/default.conf:6
2026/09/23 08:08:29 [emerg] 1#1: unknown log format "main" in /etc/nginx/conf.d/default.conf:6
2026/09/23 08:08:29 [emerg] 1#1: unknown log format "main" in /etc/nginx/conf.d/default.conf:6
2026/09/23 08:08:29 [emerg] 1#1: unknown log format "main" in /etc/nginx/conf.d/default.conf:6
2026/09/23 08:08:29 [emerg] 1#1: unknown log format "main" in /etc/nginx/conf.d/default.conf:6
2026/09/23 08:08:29 [emerg] 1#1: unknown log format "main" in /etc/nginx/conf.d/default.conf:6
2026/09/23 08:08:29 [emerg] 1#1: unknown log format "main" in /etc/nginx/conf.d/default.conf:6
2026/09/23 08:08:30 [emerg] 1#1: unknown log format "main" in /etc/nginx/conf.d/default.conf:6
2026/09/23 08:08:30 [emerg] 1#1: unknown log format "main" in /etc/nginx/conf.d/default.conf:6
2026/09/23 08:08:30 [emerg] 1#1: unknown log format "main" in /etc/nginx/conf.d/default.conf:6
2026/09/23 08:08:30 [emerg] 1#1: unknown log format "main" in /etc/nginx/conf.d/default.conf:6
2026/09/23 08:08:30 [emerg] 1#1: unknown log format "main" in /etc/nginx/conf.d/default.conf:6
2026/09/23 08:08:30 [emerg] 1#1: unknown log format "main" in /etc/nginx/conf.d/default.conf:6
2026/09/23 08:08:30 [emerg] 1#1: unknown log format "main" in /etc/nginx/conf.d/default.conf:6
2026/09/23 08:08:30 [emerg] 1#1: unknown log format "main" in /etc/nginx/conf.d/default.conf:6
2026/09/23 08:08:31 [emerg] 1#1: unknown log format "main" in /etc/nginx/conf.d/default.conf:6
2026/09/23 08:08:31 [emerg] 1#1: unknown log format "main" in /etc/nginx/conf.d/default.conf:6
2026/09/23 08:08:31 [emerg] 1#1: unknown log format "main" in /etc/nginx/conf.d/default.conf:6
2026/09/23 08:08:31 [emerg] 1#1: unknown log format "main" in /etc/nginx/conf.d/default.conf:6
2026/09/23 08:08:31 [emerg] 1#1: unknown log format "main" in /etc/nginx/conf.d/default.conf:6
2026/09/23 08:08:31 [emerg] 1#1: unknown log format "main" in /etc/nginx/conf.d/default.conf:6
2026/09/23 08:08:31 [emerg] 1#1: unknown log format "main" in /etc/nginx/conf.d/default.conf:6
2026/09/23 08:08:31 [emerg] 1#1: unknown log format "main" in /etc/nginx/conf.d/default.conf:6
2026/09/23 08:08:32 [emerg] 1#1: unknown log format "main" in /etc/nginx/conf.d/default.conf:6
2026/09/23 08:08:32 [emerg] 1#1: unknown log format "main" in /etc/nginx/conf.d/default.conf:6
2026/09/23 08:08:32 [emerg] 1#1: unknown log format "main" in /etc/nginx/conf.d/default.conf:6
2026/09/23 08:08:32 [emerg] 1#1: unknown log format "main" in /etc/nginx/conf.d/default.conf:6
2026/09/23 08:08:32 [emerg] 1#1: unknown log format "main" in /etc/nginx/conf.d/default.conf:6
2026/09/23 08:08:32 [emerg] 1#1: unknown log format "main" in /etc/nginx/conf.d/default.conf:6
2026/09/23 08:08:32 [emerg] 1#1: unknown log format "main" in /etc/nginx/conf.d/default.conf:6
2026/09/23 08:08:32 [emerg] 1#1: unknown log format "main" in /etc/nginx/conf.d/default.conf:6
2026/09/23 08:08:33 [emerg] 1#1: unknown log format "main" in /etc/nginx/conf.d/default.conf:6
2026/09/23 08:08:33 [emerg] 1#1: unknown log format "main" in /etc/nginx/conf.d/default.conf:6
2026/09/23 08:08:33 [emerg] 1#1: unknown log format "main" in /etc/nginx/conf.d/default.conf:6
2026/09/23 08:08:33 [emerg] 1#1: unknown log format "main" in /etc/nginx/conf.d/default.conf:6
2026/09/23 08:08:33 [emerg] 1#1: unknown log format "main" in /etc/nginx/conf.d/default.conf:6
2026/09/23 08:08:33 [emerg] 1#1: unknown log format "main" in /etc/nginx/conf.d/default.conf:6
2026/09/23 08:08:33 [emerg] 1#1: unknown log format "main" in /etc/nginx/conf.d/default.conf:6
2026/09/23 08:08:33 [emerg] 1#1: unknown log format "main" in /etc/nginx/conf.d/default.conf:6
2026/09/23 08:08:34 [emerg] 1#1: unknown log format "main" in /etc/nginx/conf.d/default.conf:6
2026/09/23 08:08:34 [emerg] 1#1: unknown log format "main" in /etc/nginx/conf.d/default.conf:6
2026/09/23 08:08:34 [emerg] 1#1: unknown log format "main" in /etc/nginx/conf.d/default.conf:6
2026/09/23 08:08:34 [emerg] 1#1: unknown log format "main" in /etc/nginx/conf.d/default.conf:6
2026/09/23 08:08:34 [emerg] 1#1: unknown log format "main" in /etc/nginx/conf.d/default.conf:6
2026/09/23 08:08:34 [emerg] 1#1: unknown log format "main" in /etc/nginx/conf.d/default.conf:6
2026/09/23 08:08:34 [emerg] 1#1: unknown log format "main" in /etc/nginx/conf.d/default.conf:6
2026/09/23 08:08:34 [emerg] 1#1: unknown log format "main" in /etc/nginx/conf.d/default.conf:6
2026/09/23 08:08:34 [emerg] 1#1: unknown log format "main" in /etc/nginx/conf.d/default.conf:6
2026/09/23 08:08:35 [emerg] 1#1: unknown log format "main" in /etc/nginx/conf.d/default.conf:6
2026/09/23 08:08:35 [emerg] 1#1: unknown log format "main" in /etc/nginx/conf.d/default.conf:6
2026/09/23 08:08:35 [emerg] 1#1: unknown log format "main" in /etc/nginx/conf.d/default.conf:6
2026/09/23 08:08:35 [emerg] 1#1: unknown log format "main" in /etc/nginx/conf.d/default.conf:6
2026/09/23 08:08:35 [emerg] 1#1: unknown log format "main" in /etc/nginx/conf.d/default.conf:6
2026/09/23 08:08:35 [emerg] 1#1: unknown log format "main" in /etc/nginx/conf.d/default.conf:6
2026/09/23 08:08:35 [emerg] 1#1: unknown log format "main" in /etc/nginx/conf.d/default.conf:6
2026/09/23 08:08:35 [emerg] 1#1: unknown log format "main" in /etc/nginx/conf.d/default.conf:6
2026/09/23 08:08:36 [emerg] 1#1: unknown log format "main" in /etc/nginx/conf.d/default.conf:6
2026/09/23 08:08:36 [emerg] 1#1: unknown log format "main" in /etc/nginx/conf.d/default.conf:6
2026/09/23 08:08:36 [emerg] 1#1: unknown log format "main" in /etc/nginx/conf.d/default.conf:6
2026/09/23 08:08:36 [emerg] 1#1: unknown log format "main" in /etc/nginx/conf.d/default.conf:6
2026/09/23 08:08:36 [emerg] 1#1: unknown log format "main" in /etc/nginx/conf.d/default.conf:6
2026/09/23 08:08:36 [emerg] 1#1: unknown log format "main" in /etc/nginx/conf.d/default.conf:6
2026/09/23 08:08:36 [emerg] 1#1: unknown log format "main" in /etc/nginx/conf.d/default.conf:6
2026/09/23 08:08:36 [emerg] 1#1: unknown log format "main" in /etc/nginx/conf.d/default.conf:6
2026/09/23 08:08:36 [emerg] 1#1: unknown log format "main" in /etc/nginx/conf.d/default.conf:6
2026/09/23 08:08:37 [emerg] 1#1: unknown log format "main" in /etc/nginx/conf.d/default.conf:6
2026/09/23 08:08:37 [emerg] 1#1: unknown log format "main" in /etc/nginx/conf.d/default.conf:6
2026/09/23 08:08:37 [emerg] 1#1: unknown log format "main" in /etc/nginx/conf.d/default.conf:6
2026/09/23 08:08:37 [emerg] 1#1: unknown log format "main" in /etc/nginx/conf.d/default.conf:6
2026/09/23 08:08:37 [emerg] 1#1: unknown log format "main" in /etc/nginx/conf.d/default.conf:6
2026/09/23 08:08:37 [emerg] 1#1: unknown log format "main" in /etc/nginx/conf.d/default.conf:6
2026/09/23 08:08:37 [emerg] 1#1: unknown log format "main" in /etc/nginx/conf.d/default.conf:6
2026/09/23 08:08:37 [emerg] 1#1: unknown log format "main" in /etc/nginx/conf.d/default.conf:6
2026/09/23 08:08:37 [emerg] 1#1: unknown log format "main" in /etc/nginx/conf.d/default.conf:6
2026/09/23 08:08:38 [emerg] 1#1: unknown log format "main" in /etc/nginx/conf.d/default.conf:6
2026/09/23 08:08:38 [emerg] 1#1: unknown log format "main" in /etc/nginx/conf.d/default.conf:6
2026/09/23 08:08:38 [emerg] 1#1: unknown log format "main" in /etc/nginx/conf.d/default.conf:6
2026/09/23 08:08:38 [emerg] 1#1: unknown log format "main" in /etc/nginx/conf.d/default.conf:6
2026/09/23 08:08:38 [emerg] 1#1: unknown log format "main" in /etc/nginx/conf.d/default.conf:6
2026/09/23 08:08:38 [emerg] 1#1: unknown log format "main" in /etc/nginx/conf.d/default.conf:6
2026/09/23 08:08:38 [emerg] 1#1: unknown log format "main" in /etc/nginx/conf.d/default.conf:6
2026/09/23 08:08:38 [emerg] 1#1: unknown log format "main" in /etc/nginx/conf.d/default.conf:6
2026/09/23 08:08:39 [emerg] 1#1: unknown log format "main" in /etc/nginx/conf.d/default.conf:6
2026/09/23 08:08:39 [emerg] 1#1: unknown log format "main" in /etc/nginx/conf.d/default.conf:6
2026/09/23 08:08:39 [emerg] 1#1: unknown log format "main" in /etc/nginx/conf.d/default.conf:6
2026/09/23 08:08:39 [emerg] 1#1: unknown log format "main" in /etc/nginx/conf.d/default.conf:6
2026/09/23 08:08:39 [emerg] 1#1: unknown log format "main" in /etc/nginx/conf.d/default.conf:6
2026/09/23 08:08:39 [emerg] 1#1: unknown log format "main" in /etc/nginx/conf.d/default.conf:6
2026/09/23 08:08:39 [emerg] 1#1: unknown log format "main" in /etc/nginx/conf.d/default.conf:6
2026/09/23 08:08:39 [emerg] 1#1: unknown log format "main" in /etc/nginx/conf.d/default.conf:6
2026/09/23 08:08:40 [emerg] 1#1: unknown log format "main" in /etc/nginx/conf.d/default.conf:6
2026/09/23 08:08:40 [emerg] 1#1: unknown log format "main" in /etc/nginx/conf.d/default.conf:6
2026/09/23 08:08:40 [emerg] 1#1: unknown log format "main" in /etc/nginx/conf.d/default.conf:6
2026/09/23 08:08:40 [emerg] 1#1: unknown log format "main" in /etc/nginx/conf.d/default.conf:6
2026/09/23 08:08:40 [emerg] 1#1: unknown log format "main" in /etc/nginx/conf.d/default.conf:6
2026/09/23 08:08:40 [emerg] 1#1: unknown log format "main" in /etc/nginx/conf.d/default.conf:6
2026/09/23 08:08:40 [emerg] 1#1: unknown log format "main" in /etc/nginx/conf.d/default.conf:6
2026/09/23 08:08:40 [emerg] 1#1: unknown log format "main" in /etc/nginx/conf.d/default.conf:6
2026/09/23 08:08:41 [emerg] 1#1: unknown log format "main" in /etc/nginx/conf.d/default.conf:6
2026/09/23 08:08:41 [emerg] 1#1: unknown log format "main" in /etc/nginx/conf.d/default.conf:6
2026/09/23 08:08:41 [emerg] 1#1: unknown log format "main" in /etc/nginx/conf.d/default.conf:6
2026/09/23 08:08:41 [emerg] 1#1: unknown log format "main" in /etc/nginx/conf.d/default.conf:6
2026/09/23 08:08:41 [emerg] 1#1: unknown log format "main" in /etc/nginx/conf.d/default.conf:6
2026/09/23 08:08:41 [emerg] 1#1: unknown log format "main" in /etc/nginx/conf.d/default.conf:6
2026/09/23 08:08:41 [emerg] 1#1: unknown log format "main" in /etc/nginx/conf.d/default.conf:6
2026/09/23 08:08:41 [emerg] 1#1: unknown log format "main" in /etc/nginx/conf.d/default.conf:6
2026/09/23 08:08:42 [emerg] 1#1: unknown log format "main" in /etc/nginx/conf.d/default.conf:6
2026/09/23 08:08:42 [emerg] 1#1: unknown log format "main" in /etc/nginx/conf.d/default.conf:6
2026/09/23 08:08:42 [emerg] 1#1: unknown log format "main" in /etc/nginx/conf.d/default.conf:6
2026/09/23 08:08:42 [emerg] 1#1: unknown log format "main" in /etc/nginx/conf.d/default.conf:6
2026/09/23 08:08:42 [emerg] 1#1: unknown log format "main" in /etc/nginx/conf.d/default.conf:6
2026/09/23 08:08:42 [emerg] 1#1: unknown log format "main" in /etc/nginx/conf.d/default.conf:6
2026/09/23 08:08:42 [emerg] 1#1: unknown log format "main" in /etc/nginx/conf.d/default.conf:6
2026/09/23 08:08:42 [emerg] 1#1: unknown log format "main" in /etc/nginx/conf.d/default.conf:6
2026/09/23 08:08:42 [emerg] 1#1: unknown log format "main" in /etc/nginx/conf.d/default.conf:6
2026/09/23 08:08:43 [emerg] 1#1: unknown log format "main" in /etc/nginx/conf.d/default.conf:6
2026/09/23 08:08:43 [emerg] 1#1: unknown log format "main" in /etc/nginx/conf.d/default.conf:6
2026/09/23 08:08:43 [emerg] 1#1: unknown log format "main" in /etc/nginx/conf.d/default.conf:6
2026/09/23 08:08:43 [emerg] 1#1: unknown log format "main" in /etc/nginx/conf.d/default.conf:6
2026/09/23 08:08:43 [emerg] 1#1: unknown log format "main" in /etc/nginx/conf.d/default.conf:6
2026/09/23 08:08:43 [emerg] 1#1: unknown log format "main" in /etc/nginx/conf.d/default.conf:6
2026/09/23 08:08:43 [emerg] 1#1: unknown log format "main" in /etc/nginx/conf.d/default.conf:6
2026/09/23 08:08:44 [emerg] 1#1: unknown log format "main" in /etc/nginx/conf.d/default.conf:6
2026/09/23 08:08:44 [emerg] 1#1: unknown log format "main" in /etc/nginx/conf.d/default.conf:6
2026/09/23 08:08:44 [emerg] 1#1: unknown log format "main" in /etc/nginx/conf.d/default.conf:6
2026/09/23 08:08:44 [emerg] 1#1: unknown log format "main" in /etc/nginx/conf.d/default.conf:6
2026/09/23 08:08:44 [emerg] 1#1: unknown log format "main" in /etc/nginx/conf.d/default.conf:6
2026/09/23 08:08:44 [emerg] 1#1: unknown log format "main" in /etc/nginx/conf.d/default.conf:6
2026/09/23 08:08:44 [emerg] 1#1: unknown log format "main" in /etc/nginx/conf.d/default.conf:6
2026/09/23 08:08:44 [emerg] 1#1: unknown log format "main" in /etc/nginx/conf.d/default.conf:6
2026/09/23 08:08:44 [emerg] 1#1: unknown log format "main" in /etc/nginx/conf.d/default.conf:6
2026/09/23 08:08:45 [emerg] 1#1: unknown log format "main" in /etc/nginx/conf.d/default.conf:6
2026/09/23 08:08:45 [emerg] 1#1: unknown log format "main" in /etc/nginx/conf.d/default.conf:6
2026/09/23 08:08:45 [emerg] 1#1: unknown log format "main" in /etc/nginx/conf.d/default.conf:6
2026/09/23 08:08:45 [emerg] 1#1: unknown log format "main" in /etc/nginx/conf.d/default.conf:6
2026/09/23 08:08:45 [emerg] 1#1: unknown log format "main" in /etc/nginx/conf.d/default.conf:6
2026/09/23 08:08:45 [emerg] 1#1: unknown log format "main" in /etc/nginx/conf.d/default.conf:6
2026/09/23 08:08:45 [emerg] 1#1: unknown log format "main" in /etc/nginx/conf.d/default.conf:6
2026/09/23 08:08:45 [emerg] 1#1: unknown log format "main" in /etc/nginx/conf.d/default.conf:6
2026/09/23 08:08:46 [emerg] 1#1: unknown log format "main" in /etc/nginx/conf.d/default.conf:6
2026/09/23 08:08:46 [emerg] 1#1: unknown log format "main" in /etc/nginx/conf.d/default.conf:6
2026/09/23 08:08:46 [emerg] 1#1: unknown log format "main" in /etc/nginx/conf.d/default.conf:6
2026/09/23 08:08:46 [emerg] 1#1: unknown log format "main" in /etc/nginx/conf.d/default.conf:6
2026/09/23 08:08:46 [emerg] 1#1: unknown log format "main" in /etc/nginx/conf.d/default.conf:6
2026/09/23 08:08:46 [emerg] 1#1: unknown log format "main" in /etc/nginx/conf.d/default.conf:6
2026/09/23 08:08:46 [emerg] 1#1: unknown log format "main" in /etc/nginx/conf.d/default.conf:6
2026/09/23 08:08:46 [emerg] 1#1: unknown log format "main" in /etc/nginx/conf.d/default.conf:6
2026/09/23 08:08:47 [emerg] 1#1: unknown log format "main" in /etc/nginx/conf.d/default.conf:6
2026/09/23 08:08:47 [emerg] 1#1: unknown log format "main" in /etc/nginx/conf.d/default.conf:6
2026/09/23 08:08:47 [emerg] 1#1: unknown log format "main" in /etc/nginx/conf.d/default.conf:6
2026/09/23 08:08:47 [emerg] 1#1: unknown log format "main" in /etc/nginx/conf.d/default.conf:6
2026/09/23 08:08:47 [emerg] 1#1: unknown log format "main" in /etc/nginx/conf.d/default.conf:6
2026/09/23 08:08:47 [emerg] 1#1: unknown log format "main" in /etc/nginx/conf.d/default.conf:6
2026/09/23 08:08:47 [emerg] 1#1: unknown log format "main" in /etc/nginx/conf.d/default.conf:6
2026/09/23 08:08:47 [emerg] 1#1: unknown log format "main" in /etc/nginx/conf.d/default.conf:6
2026/09/23 08:08:48 [emerg] 1#1: unknown log format "main" in /etc/nginx/conf.d/default.conf:6
2026/09/23 08:08:48 [emerg] 1#1: unknown log format "main" in /etc/nginx/conf.d/default.conf:6
2026/09/23 08:08:48 [emerg] 1#1: unknown log format "main" in /etc/nginx/conf.d/default.conf:6
2026/09/23 08:08:48 [emerg] 1#1: unknown log format "main" in /etc/nginx/conf.d/default.conf:6
2026/09/23 08:08:48 [emerg] 1#1: unknown log format "main" in /etc/nginx/conf.d/default.conf:6
2026/09/23 08:08:48 [emerg] 1#1: unknown log format "main" in /etc/nginx/conf.d/default.conf:6
2026/09/23 08:08:48 [emerg] 1#1: unknown log format "main" in /etc/nginx/conf.d/default.conf:6
2026/09/23 08:08:48 [emerg] 1#1: unknown log format "main" in /etc/nginx/conf.d/default.conf:6
2026/09/23 08:08:48 [emerg] 1#1: unknown log format "main" in /etc/nginx/conf.d/default.conf:6
2026/09/23 08:08:49 [emerg] 1#1: unknown log format "main" in /etc/nginx/conf.d/default.conf:6
2026/09/23 08:08:49 [emerg] 1#1: unknown log format "main" in /etc/nginx/conf.d/default.conf:6
2026/09/23 08:08:49 [emerg] 1#1: unknown log format "main" in /etc/nginx/conf.d/default.conf:6
2026/09/23 08:08:49 [emerg] 1#1: unknown log format "main" in /etc/nginx/conf.d/default.conf:6
2026/09/23 08:08:49 [emerg] 1#1: unknown log format "main" in /etc/nginx/conf.d/default.conf:6
2026/09/23 08:08:49 [emerg] 1#1: unknown log format "main" in /etc/nginx/conf.d/default.conf:6
2026/09/23 08:08:49 [emerg] 1#1: unknown log format "main" in /etc/nginx/conf.d/default.conf:6
2026/09/23 08:08:50 [emerg] 1#1: unknown log format "main" in /etc/nginx/conf.d/default.conf:6
2026/09/23 08:08:50 [emerg] 1#1: unknown log format "main" in /etc/nginx/conf.d/default.conf:6
2026/09/23 08:08:50 [emerg] 1#1: unknown log format "main" in /etc/nginx/conf.d/default.conf:6
2026/09/23 08:08:50 [emerg] 1#1: unknown log format "main" in /etc/nginx/conf.d/default.conf:6
2026/09/23 08:08:50 [emerg] 1#1: unknown log format "main" in /etc/nginx/conf.d/default.conf:6
2026/09/23 08:08:50 [emerg] 1#1: unknown log format "main" in /etc/nginx/conf.d/default.conf:6
2026/09/23 08:08:50 [emerg] 1#1: unknown log format "main" in /etc/nginx/conf.d/default.conf:6
2026/09/23 08:08:51 [emerg] 1#1: unknown log format "main" in /etc/nginx/conf.d/default.conf:6
2026/09/23 08:08:51 [emerg] 1#1: unknown log format "main" in /etc/nginx/conf.d/default.conf:6
2026/09/23 08:08:51 [emerg] 1#1: unknown log format "main" in /etc/nginx/conf.d/default.conf:6
2026/09/23 08:08:51 [emerg] 1#1: unknown log format "main" in /etc/nginx/conf.d/default.conf:6
2026/09/23 08:08:51 [emerg] 1#1: unknown log format "main" in /etc/nginx/conf.d/default.conf:6
2026/09/23 08:08:51 [emerg] 1#1: unknown log format "main" in /etc/nginx/conf.d/default.conf:6
2026/09/23 08:08:51 [emerg] 1#1: unknown log format "main" in /etc/nginx/conf.d/default.conf:6
2026/09/23 08:08:51 [emerg] 1#1: unknown log format "main" in /etc/nginx/conf.d/default.conf:6
2026/09/23 08:08:52 [emerg] 1#1: unknown log format "main" in /etc/nginx/conf.d/default.conf:6
2026/09/23 08:08:52 [emerg] 1#1: unknown log format "main" in /etc/nginx/conf.d/default.conf:6
2026/09/23 08:08:52 [emerg] 1#1: unknown log format "main" in /etc/nginx/conf.d/default.conf:6
2026/09/23 08:08:52 [emerg] 1#1: unknown log format "main" in /etc/nginx/conf.d/default.conf:6
2026/09/23 08:08:52 [emerg] 1#1: unknown log format "main" in /etc/nginx/conf.d/default.conf:6
2026/09/23 08:08:52 [emerg] 1#1: unknown log format "main" in /etc/nginx/conf.d/default.conf:6
2026/09/23 08:08:52 [emerg] 1#1: unknown log format "main" in /etc/nginx/conf.d/default.conf:6
2026/09/23 08:08:52 [emerg] 1#1: unknown log format "main" in /etc/nginx/conf.d/default.conf:6
2026/09/23 08:08:53 [emerg] 1#1: unknown log format "main" in /etc/nginx/conf.d/default.conf:6
2026/09/23 08:08:53 [emerg] 1#1: unknown log format "main" in /etc/nginx/conf.d/default.conf:6
2026/09/23 08:08:53 [emerg] 1#1: unknown log format "main" in /etc/nginx/conf.d/default.conf:6
2026/09/23 08:08:53 [emerg] 1#1: unknown log format "main" in /etc/nginx/conf.d/default.conf:6
2026/09/23 08:08:53 [emerg] 1#1: unknown log format "main" in /etc/nginx/conf.d/default.conf:6
2026/09/23 08:08:53 [emerg] 1#1: unknown log format "main" in /etc/nginx/conf.d/default.conf:6
2026/09/23 08:08:53 [emerg] 1#1: unknown log format "main" in /etc/nginx/conf.d/default.conf:6
2026/09/23 08:08:53 [emerg] 1#1: unknown log format "main" in /etc/nginx/conf.d/default.conf:6
2026/09/23 08:08:53 [emerg] 1#1: unknown log format "main" in /etc/nginx/conf.d/default.conf:6
2026/09/23 08:08:54 [emerg] 1#1: unknown log format "main" in /etc/nginx/conf.d/default.conf:6
2026/09/23 08:08:54 [emerg] 1#1: unknown log format "main" in /etc/nginx/conf.d/default.conf:6
2026/09/23 08:08:54 [emerg] 1#1: unknown log format "main" in /etc/nginx/conf.d/default.conf:6
2026/09/23 08:08:54 [emerg] 1#1: unknown log format "main" in /etc/nginx/conf.d/default.conf:6
2026/09/23 08:08:54 [emerg] 1#1: unknown log format "main" in /etc/nginx/conf.d/default.conf:6
2026/09/23 08:08:54 [emerg] 1#1: unknown log format "main" in /etc/nginx/conf.d/default.conf:6
2026/09/23 08:08:54 [emerg] 1#1: unknown log format "main" in /etc/nginx/conf.d/default.conf:6
2026/09/23 08:08:54 [emerg] 1#1: unknown log format "main" in /etc/nginx/conf.d/default.conf:6
2026/09/23 08:08:55 [emerg] 1#1: unknown log format "main" in /etc/nginx/conf.d/default.conf:6
2026/09/23 08:08:55 [emerg] 1#1: unknown log format "main" in /etc/nginx/conf.d/default.conf:6
2026/09/23 08:08:55 [emerg] 1#1: unknown log format "main" in /etc/nginx/conf.d/default.conf:6
2026/09/23 08:08:55 [emerg] 1#1: unknown log format "main" in /etc/nginx/conf.d/default.conf:6
2026/09/23 08:08:55 [emerg] 1#1: unknown log format "main" in /etc/nginx/conf.d/default.conf:6
2026/09/23 08:08:55 [emerg] 1#1: unknown log format "main" in /etc/nginx/conf.d/default.conf:6
2026/09/23 08:08:55 [emerg] 1#1: unknown log format "main" in /etc/nginx/conf.d/default.conf:6
2026/09/23 08:08:55 [emerg] 1#1: unknown log format "main" in /etc/nginx/conf.d/default.conf:6
2026/09/23 08:08:56 [emerg] 1#1: unknown log format "main" in /etc/nginx/conf.d/default.conf:6
2026/09/23 08:08:56 [emerg] 1#1: unknown log format "main" in /etc/nginx/conf.d/default.conf:6
2026/09/23 08:08:56 [emerg] 1#1: unknown log format "main" in /etc/nginx/conf.d/default.conf:6
2026/09/23 08:08:56 [emerg] 1#1: unknown log format "main" in /etc/nginx/conf.d/default.conf:6
2026/09/23 08:08:56 [emerg] 1#1: unknown log format "main" in /etc/nginx/conf.d/default.conf:6
2026/09/23 08:08:56 [emerg] 1#1: unknown log format "main" in /etc/nginx/conf.d/default.conf:6
2026/09/23 08:08:56 [emerg] 1#1: unknown log format "main" in /etc/nginx/conf.d/default.conf:6
2026/09/23 08:08:56 [emerg] 1#1: unknown log format "main" in /etc/nginx/conf.d/default.conf:6
2026/09/23 08:08:57 [emerg] 1#1: unknown log format "main" in /etc/nginx/conf.d/default.conf:6
2026/09/23 08:08:57 [emerg] 1#1: unknown log format "main" in /etc/nginx/conf.d/default.conf:6
2026/09/23 08:08:57 [emerg] 1#1: unknown log format "main" in /etc/nginx/conf.d/default.conf:6
2026/09/23 08:08:57 [emerg] 1#1: unknown log format "main" in /etc/nginx/conf.d/default.conf:6
2026/09/23 08:08:57 [emerg] 1#1: unknown log format "main" in /etc/nginx/conf.d/default.conf:6
2026/09/23 08:08:57 [emerg] 1#1: unknown log format "main" in /etc/nginx/conf.d/default.conf:6
2026/09/23 08:08:57 [emerg] 1#1: unknown log format "main" in /etc/nginx/conf.d/default.conf:6
2026/09/23 08:08:57 [emerg] 1#1: unknown log format "main" in /etc/nginx/conf.d/default.conf:6
2026/09/23 08:08:58 [emerg] 1#1: unknown log format "main" in /etc/nginx/conf.d/default.conf:6
2026/09/23 08:08:58 [emerg] 1#1: unknown log format "main" in /etc/nginx/conf.d/default.conf:6
2026/09/23 08:08:58 [emerg] 1#1: unknown log format "main" in /etc/nginx/conf.d/default.conf:6
2026/09/23 08:08:58 [emerg] 1#1: unknown log format "main" in /etc/nginx/conf.d/default.conf:6
2026/09/23 08:08:58 [emerg] 1#1: unknown log format "main" in /etc/nginx/conf.d/default.conf:6
2026/09/23 08:08:58 [emerg] 1#1: unknown log format "main" in /etc/nginx/conf.d/default.conf:6
2026/09/23 08:08:58 [emerg] 1#1: unknown log format "main" in /etc/nginx/conf.d/default.conf:6
2026/09/23 08:08:58 [emerg] 1#1: unknown log format "main" in /etc/nginx/conf.d/default.conf:6
2026/09/23 08:08:59 [emerg] 1#1: unknown log format "main" in /etc/nginx/conf.d/default.conf:6
2026/09/23 08:08:59 [emerg] 1#1: unknown log format "main" in /etc/nginx/conf.d/default.conf:6
2026/09/23 08:08:59 [emerg] 1#1: unknown log format "main" in /etc/nginx/conf.d/default.conf:6
2026/09/23 08:08:59 [emerg] 1#1: unknown log format "main" in /etc/nginx/conf.d/default.conf:6
2026/09/23 08:08:59 [emerg] 1#1: unknown log format "main" in /etc/nginx/conf.d/default.conf:6
2026/09/23 08:08:59 [emerg] 1#1: unknown log format "main" in /etc/nginx/conf.d/default.conf:6
2026/09/23 08:08:59 [emerg] 1#1: unknown log format "main" in /etc/nginx/conf.d/default.conf:6
2026/09/23 08:08:59 [emerg] 1#1: unknown log format "main" in /etc/nginx/conf.d/default.conf:6
2026/09/23 08:09:00 [emerg] 1#1: unknown log format "main" in /etc/nginx/conf.d/default.conf:6
2026/09/23 08:09:00 [emerg] 1#1: unknown log format "main" in /etc/nginx/conf.d/default.conf:6
2026/09/23 08:09:00 [emerg] 1#1: unknown log format "main" in /etc/nginx/conf.d/default.conf:6
2026/09/23 08:09:00 [emerg] 1#1: unknown log format "main" in /etc/nginx/conf.d/default.conf:6
2026/09/23 08:09:00 [emerg] 1#1: unknown log format "main" in /etc/nginx/conf.d/default.conf:6
2026/09/23 08:09:00 [emerg] 1#1: unknown log format "main" in /etc/nginx/conf.d/default.conf:6
2026/09/23 08:09:00 [emerg] 1#1: unknown log format "main" in /etc/nginx/conf.d/default.conf:6
2026/09/23 08:09:00 [emerg] 1#1: unknown log format "main" in /etc/nginx/conf.d/default.conf:6
2026/09/23 08:09:01 [emerg] 1#1: unknown log format "main" in /etc/nginx/conf.d/default.conf:6
2026/09/23 08:09:01 [emerg] 1#1: unknown log format "main" in /etc/nginx/conf.d/default.conf:6
2026/09/23 08:09:01 [emerg] 1#1: unknown log format "main" in /etc/nginx/conf.d/default.conf:6
2026/09/23 08:09:01 [emerg] 1#1: unknown log format "main" in /etc/nginx/conf.d/default.conf:6
2026/09/23 08:09:01 [emerg] 1#1: unknown log format "main" in /etc/nginx/conf.d/default.conf:6
2026/09/23 08:09:01 [emerg] 1#1: unknown log format "main" in /etc/nginx/conf.d/default.conf:6
2026/09/23 08:09:01 [emerg] 1#1: unknown log format "main" in /etc/nginx/conf.d/default.conf:6
2026/09/23 08:09:02 [emerg] 1#1: unknown log format "main" in /etc/nginx/conf.d/default.conf:6
2026/09/23 08:09:02 [emerg] 1#1: unknown log format "main" in /etc/nginx/conf.d/default.conf:6
2026/09/23 08:09:02 [emerg] 1#1: unknown log format "main" in /etc/nginx/conf.d/default.conf:6
2026/09/23 08:09:02 [emerg] 1#1: unknown log format "main" in /etc/nginx/conf.d/default.conf:6
2026/09/23 08:09:02 [emerg] 1#1: unknown log format "main" in /etc/nginx/conf.d/default.conf:6
2026/09/23 08:09:02 [emerg] 1#1: unknown log format "main" in /etc/nginx/conf.d/default.conf:6
2026/09/23 08:09:02 [emerg] 1#1: unknown log format "main" in /etc/nginx/conf.d/default.conf:6
2026/09/23 08:09:02 [emerg] 1#1: unknown log format "main" in /etc/nginx/conf.d/default.conf:6
2026/09/23 08:09:03 [emerg] 1#1: unknown log format "main" in /etc/nginx/conf.d/default.conf:6
2026/09/23 08:09:03 [emerg] 1#1: unknown log format "main" in /etc/nginx/conf.d/default.conf:6
2026/09/23 08:09:03 [emerg] 1#1: unknown log format "main" in /etc/nginx/conf.d/default.conf:6
2026/09/23 08:09:03 [emerg] 1#1: unknown log format "main" in /etc/nginx/conf.d/default.conf:6
2026/09/23 08:09:03 [emerg] 1#1: unknown log format "main" in /etc/nginx/conf.d/default.conf:6
2026/09/23 08:09:03 [emerg] 1#1: unknown log format "main" in /etc/nginx/conf.d/default.conf:6
2026/09/23 08:09:03 [emerg] 1#1: unknown log format "main" in /etc/nginx/conf.d/default.conf:6
2026/09/23 08:09:03 [emerg] 1#1: unknown log format "main" in /etc/nginx/conf.d/default.conf:6
2026/09/23 08:09:03 [emerg] 1#1: unknown log format "main" in /etc/nginx/conf.d/default.conf:6
2026/09/23 08:09:04 [emerg] 1#1: unknown log format "main" in /etc/nginx/conf.d/default.conf:6
2026/09/23 08:09:04 [emerg] 1#1: unknown log format "main" in /etc/nginx/conf.d/default.conf:6
2026/09/23 08:09:04 [emerg] 1#1: unknown log format "main" in /etc/nginx/conf.d/default.conf:6
2026/09/23 08:09:04 [emerg] 1#1: unknown log format "main" in /etc/nginx/conf.d/default.conf:6
2026/09/23 08:09:04 [emerg] 1#1: unknown log format "main" in /etc/nginx/conf.d/default.conf:6
2026/09/23 08:09:04 [emerg] 1#1: unknown log format "main" in /etc/nginx/conf.d/default.conf:6
2026/09/23 08:09:04 [emerg] 1#1: unknown log format "main" in /etc/nginx/conf.d/default.conf:6
2026/09/23 08:09:04 [emerg] 1#1: unknown log format "main" in /etc/nginx/conf.d/default.conf:6
2026/09/23 08:09:04 [emerg] 1#1: unknown log format "main" in /etc/nginx/conf.d/default.conf:6
2026/09/23 08:09:05 [emerg] 1#1: unknown log format "main" in /etc/nginx/conf.d/default.conf:6
2026/09/23 08:09:05 [emerg] 1#1: unknown log format "main" in /etc/nginx/conf.d/default.conf:6
2026/09/23 08:09:05 [emerg] 1#1: unknown log format "main" in /etc/nginx/conf.d/default.conf:6
2026/09/23 08:09:05 [emerg] 1#1: unknown log format "main" in /etc/nginx/conf.d/default.conf:6
2026/09/23 08:09:05 [emerg] 1#1: unknown log format "main" in /etc/nginx/conf.d/default.conf:6
2026/09/23 08:09:05 [emerg] 1#1: unknown log format "main" in /etc/nginx/conf.d/default.conf:6
2026/09/23 08:09:05 [emerg] 1#1: unknown log format "main" in /etc/nginx/conf.d/default.conf:6
2026/09/23 08:09:05 [emerg] 1#1: unknown log format "main" in /etc/nginx/conf.d/default.conf:6
2026/09/23 08:09:06 [emerg] 1#1: unknown log format "main" in /etc/nginx/conf.d/default.conf:6
2026/09/23 08:09:06 [emerg] 1#1: unknown log format "main" in /etc/nginx/conf.d/default.conf:6
2026/09/23 08:09:06 [emerg] 1#1: unknown log format "main" in /etc/nginx/conf.d/default.conf:6
2026/09/23 08:09:06 [emerg] 1#1: unknown log format "main" in /etc/nginx/conf.d/default.conf:6
2026/09/23 08:09:06 [emerg] 1#1: unknown log format "main" in /etc/nginx/conf.d/default.conf:6
2026/09/23 08:09:06 [emerg] 1#1: unknown log format "main" in /etc/nginx/conf.d/default.conf:6
2026/09/23 08:09:06 [emerg] 1#1: unknown log format "main" in /etc/nginx/conf.d/default.conf:6
2026/09/23 08:09:06 [emerg] 1#1: unknown log format "main" in /etc/nginx/conf.d/default.conf:6
2026/09/23 08:09:06 [emerg] 1#1: unknown log format "main" in /etc/nginx/conf.d/default.conf:6
2026/09/23 08:09:07 [emerg] 1#1: unknown log format "main" in /etc/nginx/conf.d/default.conf:6
2026/09/23 08:09:07 [emerg] 1#1: unknown log format "main" in /etc/nginx/conf.d/default.conf:6
2026/09/23 08:09:07 [emerg] 1#1: unknown log format "main" in /etc/nginx/conf.d/default.conf:6
2026/09/23 08:09:07 [emerg] 1#1: unknown log format "main" in /etc/nginx/conf.d/default.conf:6
2026/09/23 08:09:07 [emerg] 1#1: unknown log format "main" in /etc/nginx/conf.d/default.conf:6
2026/09/23 08:09:07 [emerg] 1#1: unknown log format "main" in /etc/nginx/conf.d/default.conf:6
2026/09/23 08:09:07 [emerg] 1#1: unknown log format "main" in /etc/nginx/conf.d/default.conf:6
2026/09/23 08:09:07 [emerg] 1#1: unknown log format "main" in /etc/nginx/conf.d/default.conf:6
2026/09/23 08:09:07 [emerg] 1#1: unknown log format "main" in /etc/nginx/conf.d/default.conf:6
2026/09/23 08:09:08 [emerg] 1#1: unknown log format "main" in /etc/nginx/conf.d/default.conf:6
2026/09/23 08:09:08 [emerg] 1#1: unknown log format "main" in /etc/nginx/conf.d/default.conf:6
2026/09/23 08:09:08 [emerg] 1#1: unknown log format "main" in /etc/nginx/conf.d/default.conf:6
2026/09/23 08:09:08 [emerg] 1#1: unknown log format "main" in /etc/nginx/conf.d/default.conf:6
2026/09/23 08:09:08 [emerg] 1#1: unknown log format "main" in /etc/nginx/conf.d/default.conf:6
2026/09/23 08:09:08 [emerg] 1#1: unknown log format "main" in /etc/nginx/conf.d/default.conf:6
2026/09/23 08:09:08 [emerg] 1#1: unknown log format "main" in /etc/nginx/conf.d/default.conf:6
2026/09/23 08:09:08 [emerg] 1#1: unknown log format "main" in /etc/nginx/conf.d/default.conf:6
2026/09/23 08:09:09 [emerg] 1#1: unknown log format "main" in /etc/nginx/conf.d/default.conf:6
2026/09/23 08:09:09 [emerg] 1#1: unknown log format "main" in /etc/nginx/conf.d/default.conf:6
2026/09/23 08:09:09 [emerg] 1#1: unknown log format "main" in /etc/nginx/conf.d/default.conf:6
2026/09/23 08:09:09 [emerg] 1#1: unknown log format "main" in /etc/nginx/conf.d/default.conf:6
2026/09/23 08:09:09 [emerg] 1#1: unknown log format "main" in /etc/nginx/conf.d/default.conf:6
2026/09/23 08:09:09 [emerg] 1#1: unknown log format "main" in /etc/nginx/conf.d/default.conf:6
2026/09/23 08:09:09 [emerg] 1#1: unknown log format "main" in /etc/nginx/conf.d/default.conf:6
2026/09/23 08:09:09 [emerg] 1#1: unknown log format "main" in /etc/nginx/conf.d/default.conf:6
2026/09/23 08:09:10 [emerg] 1#1: unknown log format "main" in /etc/nginx/conf.d/default.conf:6
2026/09/23 08:09:10 [emerg] 1#1: unknown log format "main" in /etc/nginx/conf.d/default.conf:6
2026/09/23 08:09:10 [emerg] 1#1: unknown log format "main" in /etc/nginx/conf.d/default.conf:6
2026/09/23 08:09:10 [emerg] 1#1: unknown log format "main" in /etc/nginx/conf.d/default.conf:6
2026/09/23 08:09:10 [emerg] 1#1: unknown log format "main" in /etc/nginx/conf.d/default.conf:6
2026/09/23 08:09:10 [emerg] 1#1: unknown log format "main" in /etc/nginx/conf.d/default.conf:6
2026/09/23 08:09:10 [emerg] 1#1: unknown log format "main" in /etc/nginx/conf.d/default.conf:6
2026/09/23 08:09:10 [emerg] 1#1: unknown log format "main" in /etc/nginx/conf.d/default.conf:6
2026/09/23 08:09:11 [emerg] 1#1: unknown log format "main" in /etc/nginx/conf.d/default.conf:6
2026/09/23 08:09:11 [emerg] 1#1: unknown log format "main" in /etc/nginx/conf.d/default.conf:6
2026/09/23 08:09:11 [emerg] 1#1: unknown log format "main" in /etc/nginx/conf.d/default.conf:6
2026/09/23 08:09:11 [emerg] 1#1: unknown log format "main" in /etc/nginx/conf.d/default.conf:6
2026/09/23 08:09:11 [emerg] 1#1: unknown log format "main" in /etc/nginx/conf.d/default.conf:6
2026/09/23 08:09:11 [emerg] 1#1: unknown log format "main" in /etc/nginx/conf.d/default.conf:6
2026/09/23 08:09:11 [emerg] 1#1: unknown log format "main" in /etc/nginx/conf.d/default.conf:6
2026/09/23 08:09:11 [emerg] 1#1: unknown log format "main" in /etc/nginx/conf.d/default.conf:6
2026/09/23 08:09:12 [emerg] 1#1: unknown log format "main" in /etc/nginx/conf.d/default.conf:6
2026/09/23 08:09:12 [emerg] 1#1: unknown log format "main" in /etc/nginx/conf.d/default.conf:6
2026/09/23 08:09:12 [emerg] 1#1: unknown log format "main" in /etc/nginx/conf.d/default.conf:6
2026/09/23 08:09:12 [emerg] 1#1: unknown log format "main" in /etc/nginx/conf.d/default.conf:6
2026/09/23 08:09:12 [emerg] 1#1: unknown log format "main" in /etc/nginx/conf.d/default.conf:6
2026/09/23 08:09:12 [emerg] 1#1: unknown log format "main" in /etc/nginx/conf.d/default.conf:6
2026/09/23 08:09:12 [emerg] 1#1: unknown log format "main" in /etc/nginx/conf.d/default.conf:6
2026/09/23 08:09:12 [emerg] 1#1: unknown log format "main" in /etc/nginx/conf.d/default.conf:6
2026/09/23 08:09:13 [emerg] 1#1: unknown log format "main" in /etc/nginx/conf.d/default.conf:6
2026/09/23 08:09:13 [emerg] 1#1: unknown log format "main" in /etc/nginx/conf.d/default.conf:6
2026/09/23 08:09:13 [emerg] 1#1: unknown log format "main" in /etc/nginx/conf.d/default.conf:6
2026/09/23 08:09:13 [emerg] 1#1: unknown log format "main" in /etc/nginx/conf.d/default.conf:6
2026/09/23 08:09:13 [emerg] 1#1: unknown log format "main" in /etc/nginx/conf.d/default.conf:6
2026/09/23 08:09:13 [emerg] 1#1: unknown log format "main" in /etc/nginx/conf.d/default.conf:6
2026/09/23 08:09:13 [emerg] 1#1: unknown log format "main" in /etc/nginx/conf.d/default.conf:6
2026/09/23 08:09:13 [emerg] 1#1: unknown log format "main" in /etc/nginx/conf.d/default.conf:6
2026/09/23 08:09:14 [emerg] 1#1: unknown log format "main" in /etc/nginx/conf.d/default.conf:6
2026/09/23 08:09:14 [emerg] 1#1: unknown log format "main" in /etc/nginx/conf.d/default.conf:6
2026/09/23 08:09:14 [emerg] 1#1: unknown log format "main" in /etc/nginx/conf.d/default.conf:6
2026/09/23 08:09:14 [emerg] 1#1: unknown log format "main" in /etc/nginx/conf.d/default.conf:6
2026/09/23 08:09:14 [emerg] 1#1: unknown log format "main" in /etc/nginx/conf.d/default.conf:6
2026/09/23 08:09:14 [emerg] 1#1: unknown log format "main" in /etc/nginx/conf.d/default.conf:6
2026/09/23 08:09:14 [emerg] 1#1: unknown log format "main" in /etc/nginx/conf.d/default.conf:6
2026/09/23 08:09:14 [emerg] 1#1: unknown log format "main" in /etc/nginx/conf.d/default.conf:6
2026/09/23 08:09:14 [emerg] 1#1: unknown log format "main" in /etc/nginx/conf.d/default.conf:6
2026/09/23 08:09:15 [emerg] 1#1: unknown log format "main" in /etc/nginx/conf.d/default.conf:6
2026/09/23 08:09:15 [emerg] 1#1: unknown log format "main" in /etc/nginx/conf.d/default.conf:6
2026/09/23 08:09:15 [emerg] 1#1: unknown log format "main" in /etc/nginx/conf.d/default.conf:6
2026/09/23 08:09:15 [emerg] 1#1: unknown log format "main" in /etc/nginx/conf.d/default.conf:6
2026/09/23 08:09:15 [emerg] 1#1: unknown log format "main" in /etc/nginx/conf.d/default.conf:6
2026/09/23 08:09:15 [emerg] 1#1: unknown log format "main" in /etc/nginx/conf.d/default.conf:6
2026/09/23 08:09:15 [emerg] 1#1: unknown log format "main" in /etc/nginx/conf.d/default.conf:6
2026/09/23 08:09:15 [emerg] 1#1: unknown log format "main" in /etc/nginx/conf.d/default.conf:6
2026/09/23 08:09:16 [emerg] 1#1: unknown log format "main" in /etc/nginx/conf.d/default.conf:6
2026/09/23 08:09:16 [emerg] 1#1: unknown log format "main" in /etc/nginx/conf.d/default.conf:6
2026/09/23 08:09:16 [emerg] 1#1: unknown log format "main" in /etc/nginx/conf.d/default.conf:6
2026/09/23 08:09:16 [emerg] 1#1: unknown log format "main" in /etc/nginx/conf.d/default.conf:6
2026/09/23 08:09:16 [emerg] 1#1: unknown log format "main" in /etc/nginx/conf.d/default.conf:6
2026/09/23 08:09:16 [emerg] 1#1: unknown log format "main" in /etc/nginx/conf.d/default.conf:6
2026/09/23 08:09:16 [emerg] 1#1: unknown log format "main" in /etc/nginx/conf.d/default.conf:6
2026/09/23 08:09:16 [emerg] 1#1: unknown log format "main" in /etc/nginx/conf.d/default.conf:6
2026/09/23 08:09:17 [emerg] 1#1: unknown log format "main" in /etc/nginx/conf.d/default.conf:6
2026/09/23 08:09:17 [emerg] 1#1: unknown log format "main" in /etc/nginx/conf.d/default.conf:6
2026/09/23 08:09:17 [emerg] 1#1: unknown log format "main" in /etc/nginx/conf.d/default.conf:6
2026/09/23 08:09:17 [emerg] 1#1: unknown log format "main" in /etc/nginx/conf.d/default.conf:6
2026/09/23 08:09:17 [emerg] 1#1: unknown log format "main" in /etc/nginx/conf.d/default.conf:6
2026/09/23 08:09:17 [emerg] 1#1: unknown log format "main" in /etc/nginx/conf.d/default.conf:6
2026/09/23 08:09:17 [emerg] 1#1: unknown log format "main" in /etc/nginx/conf.d/default.conf:6
2026/09/23 08:09:17 [emerg] 1#1: unknown log format "main" in /etc/nginx/conf.d/default.conf:6
2026/09/23 08:09:17 [emerg] 1#1: unknown log format "main" in /etc/nginx/conf.d/default.conf:6
2026/09/23 08:09:18 [emerg] 1#1: unknown log format "main" in /etc/nginx/conf.d/default.conf:6
2026/09/23 08:09:18 [emerg] 1#1: unknown log format "main" in /etc/nginx/conf.d/default.conf:6
2026/09/23 08:09:18 [emerg] 1#1: unknown log format "main" in /etc/nginx/conf.d/default.conf:6
2026/09/23 08:09:18 [emerg] 1#1: unknown log format "main" in /etc/nginx/conf.d/default.conf:6
2026/09/23 08:09:18 [emerg] 1#1: unknown log format "main" in /etc/nginx/conf.d/default.conf:6
2026/09/23 08:09:18 [emerg] 1#1: unknown log format "main" in /etc/nginx/conf.d/default.conf:6
2026/09/23 08:09:18 [emerg] 1#1: unknown log format "main" in /etc/nginx/conf.d/default.conf:6
2026/09/23 08:09:18 [emerg] 1#1: unknown log format "main" in /etc/nginx/conf.d/default.conf:6
2026/09/23 08:09:19 [emerg] 1#1: unknown log format "main" in /etc/nginx/conf.d/default.conf:6
2026/09/23 08:09:19 [emerg] 1#1: unknown log format "main" in /etc/nginx/conf.d/default.conf:6
2026/09/23 08:09:19 [emerg] 1#1: unknown log format "main" in /etc/nginx/conf.d/default.conf:6
2026/09/23 08:09:19 [emerg] 1#1: unknown log format "main" in /etc/nginx/conf.d/default.conf:6
2026/09/23 08:09:19 [emerg] 1#1: unknown log format "main" in /etc/nginx/conf.d/default.conf:6
2026/09/23 08:09:19 [emerg] 1#1: unknown log format "main" in /etc/nginx/conf.d/default.conf:6
2026/09/23 08:09:19 [emerg] 1#1: unknown log format "main" in /etc/nginx/conf.d/default.conf:6
2026/09/23 08:09:19 [emerg] 1#1: unknown log format "main" in /etc/nginx/conf.d/default.conf:6
2026/09/23 08:09:20 [emerg] 1#1: unknown log format "main" in /etc/nginx/conf.d/default.conf:6
2026/09/23 08:09:20 [emerg] 1#1: unknown log format "main" in /etc/nginx/conf.d/default.conf:6
2026/09/23 08:09:20 [emerg] 1#1: unknown log format "main" in /etc/nginx/conf.d/default.conf:6
2026/09/23 08:09:20 [emerg] 1#1: unknown log format "main" in /etc/nginx/conf.d/default.conf:6
2026/09/23 08:09:20 [emerg] 1#1: unknown log format "main" in /etc/nginx/conf.d/default.conf:6
2026/09/23 08:09:20 [emerg] 1#1: unknown log format "main" in /etc/nginx/conf.d/default.conf:6
2026/09/23 08:09:20 [emerg] 1#1: unknown log format "main" in /etc/nginx/conf.d/default.conf:6
2026/09/23 08:09:20 [emerg] 1#1: unknown log format "main" in /etc/nginx/conf.d/default.conf:6
2026/09/23 08:09:21 [emerg] 1#1: unknown log format "main" in /etc/nginx/conf.d/default.conf:6
2026/09/23 08:09:21 [emerg] 1#1: unknown log format "main" in /etc/nginx/conf.d/default.conf:6
2026/09/23 08:09:21 [emerg] 1#1: unknown log format "main" in /etc/nginx/conf.d/default.conf:6
2026/09/23 08:09:21 [emerg] 1#1: unknown log format "main" in /etc/nginx/conf.d/default.conf:6
2026/09/23 08:09:21 [emerg] 1#1: unknown log format "main" in /etc/nginx/conf.d/default.conf:6
2026/09/23 08:09:21 [emerg] 1#1: unknown log format "main" in /etc/nginx/conf.d/default.conf:6
2026/09/23 08:09:21 [emerg] 1#1: unknown log format "main" in /etc/nginx/conf.d/default.conf:6
2026/09/23 08:09:21 [emerg] 1#1: unknown log format "main" in /etc/nginx/conf.d/default.conf:6
2026/09/23 08:09:21 [emerg] 1#1: unknown log format "main" in /etc/nginx/conf.d/default.conf:6
2026/09/23 08:09:22 [emerg] 1#1: unknown log format "main" in /etc/nginx/conf.d/default.conf:6
2026/09/23 08:09:22 [emerg] 1#1: unknown log format "main" in /etc/nginx/conf.d/default.conf:6
2026/09/23 08:09:22 [emerg] 1#1: unknown log format "main" in /etc/nginx/conf.d/default.conf:6
2026/09/23 08:09:22 [emerg] 1#1: unknown log format "main" in /etc/nginx/conf.d/default.conf:6
2026/09/23 08:09:22 [emerg] 1#1: unknown log format "main" in /etc/nginx/conf.d/default.conf:6
2026/09/23 08:09:22 [emerg] 1#1: unknown log format "main" in /etc/nginx/conf.d/default.conf:6
2026/09/23 08:09:22 [emerg] 1#1: unknown log format "main" in /etc/nginx/conf.d/default.conf:6
2026/09/23 08:09:22 [emerg] 1#1: unknown log format "main" in /etc/nginx/conf.d/default.conf:6
2026/09/23 08:09:23 [emerg] 1#1: unknown log format "main" in /etc/nginx/conf.d/default.conf:6
2026/09/23 08:09:23 [emerg] 1#1: unknown log format "main" in /etc/nginx/conf.d/default.conf:6
2026/09/23 08:09:23 [emerg] 1#1: unknown log format "main" in /etc/nginx/conf.d/default.conf:6
2026/09/23 08:09:23 [emerg] 1#1: unknown log format "main" in /etc/nginx/conf.d/default.conf:6
2026/09/23 08:09:23 [emerg] 1#1: unknown log format "main" in /etc/nginx/conf.d/default.conf:6
2026/09/23 08:09:23 [emerg] 1#1: unknown log format "main" in /etc/nginx/conf.d/default.conf:6
2026/09/23 08:09:23 [emerg] 1#1: unknown log format "main" in /etc/nginx/conf.d/default.conf:6
2026/09/23 08:09:23 [emerg] 1#1: unknown log format "main" in /etc/nginx/conf.d/default.conf:6
2026/09/23 08:09:23 [emerg] 1#1: unknown log format "main" in /etc/nginx/conf.d/default.conf:6
2026/09/23 08:09:24 [emerg] 1#1: unknown log format "main" in /etc/nginx/conf.d/default.conf:6
2026/09/23 08:09:24 [emerg] 1#1: unknown log format "main" in /etc/nginx/conf.d/default.conf:6
2026/09/23 08:09:24 [emerg] 1#1: unknown log format "main" in /etc/nginx/conf.d/default.conf:6
2026/09/23 08:09:24 [emerg] 1#1: unknown log format "main" in /etc/nginx/conf.d/default.conf:6
2026/09/23 08:09:24 [emerg] 1#1: unknown log format "main" in /etc/nginx/conf.d/default.conf:6
2026/09/23 08:09:24 [emerg] 1#1: unknown log format "main" in /etc/nginx/conf.d/default.conf:6
2026/09/23 08:09:24 [emerg] 1#1: unknown log format "main" in /etc/nginx/conf.d/default.conf:6
2026/09/23 08:09:24 [emerg] 1#1: unknown log format "main" in /etc/nginx/conf.d/default.conf:6
2026/09/23 08:09:25 [emerg] 1#1: unknown log format "main" in /etc/nginx/conf.d/default.conf:6
2026/09/23 08:09:25 [emerg] 1#1: unknown log format "main" in /etc/nginx/conf.d/default.conf:6
2026/09/23 08:09:25 [emerg] 1#1: unknown log format "main" in /etc/nginx/conf.d/default.conf:6
2026/09/23 08:09:25 [emerg] 1#1: unknown log format "main" in /etc/nginx/conf.d/default.conf:6
2026/09/23 08:09:25 [emerg] 1#1: unknown log format "main" in /etc/nginx/conf.d/default.conf:6
2026/09/23 08:09:25 [emerg] 1#1: unknown log format "main" in /etc/nginx/conf.d/default.conf:6
2026/09/23 08:09:25 [emerg] 1#1: unknown log format "main" in /etc/nginx/conf.d/default.conf:6
2026/09/23 08:09:25 [emerg] 1#1: unknown log format "main" in /etc/nginx/conf.d/default.conf:6
2026/09/23 08:09:26 [emerg] 1#1: unknown log format "main" in /etc/nginx/conf.d/default.conf:6
2026/09/23 08:09:26 [emerg] 1#1: unknown log format "main" in /etc/nginx/conf.d/default.conf:6
2026/09/23 08:09:26 [emerg] 1#1: unknown log format "main" in /etc/nginx/conf.d/default.conf:6
2026/09/23 08:09:26 [emerg] 1#1: unknown log format "main" in /etc/nginx/conf.d/default.conf:6
2026/09/23 08:09:26 [emerg] 1#1: unknown log format "main" in /etc/nginx/conf.d/default.conf:6
2026/09/23 08:09:26 [emerg] 1#1: unknown log format "main" in /etc/nginx/conf.d/default.conf:6
2026/09/23 08:09:26 [emerg] 1#1: unknown log format "main" in /etc/nginx/conf.d/default.conf:6
2026/09/23 08:09:26 [emerg] 1#1: unknown log format "main" in /etc/nginx/conf.d/default.conf:6
2026/09/23 08:09:26 [emerg] 1#1: unknown log format "main" in /etc/nginx/conf.d/default.conf:6
2026/09/23 08:09:27 [emerg] 1#1: unknown log format "main" in /etc/nginx/conf.d/default.conf:6
2026/09/23 08:09:27 [emerg] 1#1: unknown log format "main" in /etc/nginx/conf.d/default.conf:6
2026/09/23 08:09:27 [emerg] 1#1: unknown log format "main" in /etc/nginx/conf.d/default.conf:6
2026/09/23 08:09:27 [emerg] 1#1: unknown log format "main" in /etc/nginx/conf.d/default.conf:6
2026/09/23 08:09:27 [emerg] 1#1: unknown log format "main" in /etc/nginx/conf.d/default.conf:6
2026/09/23 08:09:27 [emerg] 1#1: unknown log format "main" in /etc/nginx/conf.d/default.conf:6
2026/09/23 08:09:27 [emerg] 1#1: unknown log format "main" in /etc/nginx/conf.d/default.conf:6
2026/09/23 08:09:27 [emerg] 1#1: unknown log format "main" in /etc/nginx/conf.d/default.conf:6
2026/09/23 08:09:28 [emerg] 1#1: unknown log format "main" in /etc/nginx/conf.d/default.conf:6
2026/09/23 08:09:28 [emerg] 1#1: unknown log format "main" in /etc/nginx/conf.d/default.conf:6
2026/09/23 08:09:28 [emerg] 1#1: unknown log format "main" in /etc/nginx/conf.d/default.conf:6
2026/09/23 08:09:28 [emerg] 1#1: unknown log format "main" in /etc/nginx/conf.d/default.conf:6
2026/09/23 08:09:28 [emerg] 1#1: unknown log format "main" in /etc/nginx/conf.d/default.conf:6
2026/09/23 08:09:28 [emerg] 1#1: unknown log format "main" in /etc/nginx/conf.d/default.conf:6
2026/09/23 08:09:28 [emerg] 1#1: unknown log format "main" in /etc/nginx/conf.d/default.conf:6
2026/09/23 08:09:28 [emerg] 1#1: unknown log format "main" in /etc/nginx/conf.d/default.conf:6
2026/09/23 08:09:29 [emerg] 1#1: unknown log format "main" in /etc/nginx/conf.d/default.conf:6
2026/09/23 08:09:29 [emerg] 1#1: unknown log format "main" in /etc/nginx/conf.d/default.conf:6
2026/09/23 08:09:29 [emerg] 1#1: unknown log format "main" in /etc/nginx/conf.d/default.conf:6
2026/09/23 08:09:29 [emerg] 1#1: unknown log format "main" in /etc/nginx/conf.d/default.conf:6
2026/09/23 08:09:29 [emerg] 1#1: unknown log format "main" in /etc/nginx/conf.d/default.conf:6
2026/09/23 08:09:29 [emerg] 1#1: unknown log format "main" in /etc/nginx/conf.d/default.conf:6
2026/09/23 08:09:29 [emerg] 1#1: unknown log format "main" in /etc/nginx/conf.d/default.conf:6
2026/09/23 08:09:29 [emerg] 1#1: unknown log format "main" in /etc/nginx/conf.d/default.conf:6
2026/09/23 08:09:30 [emerg] 1#1: unknown log format "main" in /etc/nginx/conf.d/default.conf:6
2026/09/23 08:09:30 [emerg] 1#1: unknown log format "main" in /etc/nginx/conf.d/default.conf:6
2026/09/23 08:09:30 [emerg] 1#1: unknown log format "main" in /etc/nginx/conf.d/default.conf:6
2026/09/23 08:09:30 [emerg] 1#1: unknown log format "main" in /etc/nginx/conf.d/default.conf:6
2026/09/23 08:09:30 [emerg] 1#1: unknown log format "main" in /etc/nginx/conf.d/default.conf:6
2026/09/23 08:09:30 [emerg] 1#1: unknown log format "main" in /etc/nginx/conf.d/default.conf:6
2026/09/23 08:09:30 [emerg] 1#1: unknown log format "main" in /etc/nginx/conf.d/default.conf:6
2026/09/23 08:09:30 [emerg] 1#1: unknown log format "main" in /etc/nginx/conf.d/default.conf:6
2026/09/23 08:09:30 [emerg] 1#1: unknown log format "main" in /etc/nginx/conf.d/default.conf:6
2026/09/23 08:09:31 [emerg] 1#1: unknown log format "main" in /etc/nginx/conf.d/default.conf:6
2026/09/23 08:09:31 [emerg] 1#1: unknown log format "main" in /etc/nginx/conf.d/default.conf:6
2026/09/23 08:09:31 [emerg] 1#1: unknown log format "main" in /etc/nginx/conf.d/default.conf:6
2026/09/23 08:09:31 [emerg] 1#1: unknown log format "main" in /etc/nginx/conf.d/default.conf:6
2026/09/23 08:09:31 [emerg] 1#1: unknown log format "main" in /etc/nginx/conf.d/default.conf:6
2026/09/23 08:09:31 [emerg] 1#1: unknown log format "main" in /etc/nginx/conf.d/default.conf:6
2026/09/23 08:09:31 [emerg] 1#1: unknown log format "main" in /etc/nginx/conf.d/default.conf:6
2026/09/23 08:09:31 [emerg] 1#1: unknown log format "main" in /etc/nginx/conf.d/default.conf:6
2026/09/23 08:09:32 [emerg] 1#1: unknown log format "main" in /etc/nginx/conf.d/default.conf:6
2026/09/23 08:09:32 [emerg] 1#1: unknown log format "main" in /etc/nginx/conf.d/default.conf:6
2026/09/23 08:09:32 [emerg] 1#1: unknown log format "main" in /etc/nginx/conf.d/default.conf:6
2026/09/23 08:09:32 [emerg] 1#1: unknown log format "main" in /etc/nginx/conf.d/default.conf:6
2026/09/23 08:09:32 [emerg] 1#1: unknown log format "main" in /etc/nginx/conf.d/default.conf:6
2026/09/23 08:09:32 [emerg] 1#1: unknown log format "main" in /etc/nginx/conf.d/default.conf:6
2026/09/23 08:09:32 [emerg] 1#1: unknown log format "main" in /etc/nginx/conf.d/default.conf:6
2026/09/23 08:09:32 [emerg] 1#1: unknown log format "main" in /etc/nginx/conf.d/default.conf:6
2026/09/23 08:09:33 [emerg] 1#1: unknown log format "main" in /etc/nginx/conf.d/default.conf:6
2026/09/23 08:09:33 [emerg] 1#1: unknown log format "main" in /etc/nginx/conf.d/default.conf:6
2026/09/23 08:09:33 [emerg] 1#1: unknown log format "main" in /etc/nginx/conf.d/default.conf:6
2026/09/23 08:09:33 [emerg] 1#1: unknown log format "main" in /etc/nginx/conf.d/default.conf:6
2026/09/23 08:09:33 [emerg] 1#1: unknown log format "main" in /etc/nginx/conf.d/default.conf:6
2026/09/23 08:09:33 [emerg] 1#1: unknown log format "main" in /etc/nginx/conf.d/default.conf:6
2026/09/23 08:09:33 [emerg] 1#1: unknown log format "main" in /etc/nginx/conf.d/default.conf:6
2026/09/23 08:09:33 [emerg] 1#1: unknown log format "main" in /etc/nginx/conf.d/default.conf:6
2026/09/23 08:09:33 [emerg] 1#1: unknown log format "main" in /etc/nginx/conf.d/default.conf:6
2026/09/23 08:09:34 [emerg] 1#1: unknown log format "main" in /etc/nginx/conf.d/default.conf:6
2026/09/23 08:09:34 [emerg] 1#1: unknown log format "main" in /etc/nginx/conf.d/default.conf:6
2026/09/23 08:09:34 [emerg] 1#1: unknown log format "main" in /etc/nginx/conf.d/default.conf:6
2026/09/23 08:09:34 [emerg] 1#1: unknown log format "main" in /etc/nginx/conf.d/default.conf:6
2026/09/23 08:09:34 [emerg] 1#1: unknown log format "main" in /etc/nginx/conf.d/default.conf:6
2026/09/23 08:09:34 [emerg] 1#1: unknown log format "main" in /etc/nginx/conf.d/default.conf:6
2026/09/23 08:09:34 [emerg] 1#1: unknown log format "main" in /etc/nginx/conf.d/default.conf:6
2026/09/23 08:09:34 [emerg] 1#1: unknown log format "main" in /etc/nginx/conf.d/default.conf:6
2026/09/23 08:09:35 [emerg] 1#1: unknown log format "main" in /etc/nginx/conf.d/default.conf:6
2026/09/23 08:09:35 [emerg] 1#1: unknown log format "main" in /etc/nginx/conf.d/default.conf:6
2026/09/23 08:09:35 [emerg] 1#1: unknown log format "main" in /etc/nginx/conf.d/default.conf:6
2026/09/23 08:09:35 [emerg] 1#1: unknown log format "main" in /etc/nginx/conf.d/default.conf:6
2026/09/23 08:09:35 [emerg] 1#1: unknown log format "main" in /etc/nginx/conf.d/default.conf:6
2026/09/23 08:09:35 [emerg] 1#1: unknown log format "main" in /etc/nginx/conf.d/default.conf:6
2026/09/23 08:09:35 [emerg] 1#1: unknown log format "main" in /etc/nginx/conf.d/default.conf:6
2026/09/23 08:09:35 [emerg] 1#1: unknown log format "main" in /etc/nginx/conf.d/default.conf:6
2026/09/23 08:09:36 [emerg] 1#1: unknown log format "main" in /etc/nginx/conf.d/default.conf:6
2026/09/23 08:09:36 [emerg] 1#1: unknown log format "main" in /etc/nginx/conf.d/default.conf:6
2026/09/23 08:09:36 [emerg] 1#1: unknown log format "main" in /etc/nginx/conf.d/default.conf:6
2026/09/23 08:09:36 [emerg] 1#1: unknown log format "main" in /etc/nginx/conf.d/default.conf:6
2026/09/23 08:09:36 [emerg] 1#1: unknown log format "main" in /etc/nginx/conf.d/default.conf:6
2026/09/23 08:09:36 [emerg] 1#1: unknown log format "main" in /etc/nginx/conf.d/default.conf:6
2026/09/23 08:09:36 [emerg] 1#1: unknown log format "main" in /etc/nginx/conf.d/default.conf:6
2026/09/23 08:09:36 [emerg] 1#1: unknown log format "main" in /etc/nginx/conf.d/default.conf:6
2026/09/23 08:09:37 [emerg] 1#1: unknown log format "main" in /etc/nginx/conf.d/default.conf:6
2026/09/23 08:09:37 [emerg] 1#1: unknown log format "main" in /etc/nginx/conf.d/default.conf:6
2026/09/23 08:09:37 [emerg] 1#1: unknown log format "main" in /etc/nginx/conf.d/default.conf:6
2026/09/23 08:09:37 [emerg] 1#1: unknown log format "main" in /etc/nginx/conf.d/default.conf:6
2026/09/23 08:09:37 [emerg] 1#1: unknown log format "main" in /etc/nginx/conf.d/default.conf:6
2026/09/23 08:09:37 [emerg] 1#1: unknown log format "main" in /etc/nginx/conf.d/default.conf:6
2026/09/23 08:09:37 [emerg] 1#1: unknown log format "main" in /etc/nginx/conf.d/default.conf:6
2026/09/23 08:09:38 [emerg] 1#1: unknown log format "main" in /etc/nginx/conf.d/default.conf:6
2026/09/23 08:09:38 [emerg] 1#1: unknown log format "main" in /etc/nginx/conf.d/default.conf:6
2026/09/23 08:09:38 [emerg] 1#1: unknown log format "main" in /etc/nginx/conf.d/default.conf:6
2026/09/23 08:09:38 [notice] 1#1: using the "epoll" event method
2026/09/23 08:09:38 [notice] 1#1: nginx/1.31.6
2026/09/23 08:09:38 [notice] 1#1: built by gcc 14.2.0 (Debian 14.2.0-19) 
2026/09/23 08:09:38 [notice] 1#1: OS: Linux 5.14.0-687.49.1.el9_8.x86_64
2026/09/23 08:09:38 [notice] 1#1: getrlimit(RLIMIT_NOFILE): 1048576:1048576
2026/09/23 08:09:38 [notice] 1#1: start worker processes
2026/09/23 08:09:38 [notice] 1#1: start worker process 17
2026/09/23 08:09:38 [notice] 1#1: start worker process 18
2026/09/23 08:10:11 [notice] 1#1: signal 3 (SIGQUIT) received, shutting down
2026/09/23 08:10:11 [notice] 18#18: gracefully shutting down
2026/09/23 08:10:11 [notice] 18#18: exiting
2026/09/23 08:10:11 [notice] 17#17: gracefully shutting down
2026/09/23 08:10:11 [notice] 18#18: exit
2026/09/23 08:10:11 [notice] 17#17: exiting
2026/09/23 08:10:11 [notice] 17#17: exit
2026/09/23 08:10:11 [notice] 1#1: signal 17 (SIGCHLD) received from 18
2026/09/23 08:10:11 [notice] 1#1: worker process 17 exited with code 0
2026/09/23 08:10:11 [notice] 1#1: worker process 18 exited with code 0
2026/09/23 08:10:11 [notice] 1#1: exit
2026/09/23 08:10:11 [notice] 1#1: using the "epoll" event method
2026/09/23 08:10:11 [notice] 1#1: nginx/1.31.6
2026/09/23 08:10:11 [notice] 1#1: built by gcc 14.2.0 (Debian 14.2.0-19) 
2026/09/23 08:10:11 [notice] 1#1: OS: Linux 5.14.0-687.49.1.el9_8.x86_64
2026/09/23 08:10:11 [notice] 1#1: getrlimit(RLIMIT_NOFILE): 1048576:1048576
2026/09/23 08:10:11 [notice] 1#1: start worker processes
2026/09/23 08:10:11 [notice] 1#1: start worker process 17
2026/09/23 08:10:11 [notice] 1#1: start worker process 18
2026/09/23 08:13:38 [error] 18#18: *8 open() "/usr/share/nginx/html/status1" failed (2: No such file or directory), client: 192.168.223.1, server: localhost, request: "GET /status1 HTTP/1.1", host: "192.168.223.111:8080"
2026/09/23 08:22:11 [notice] 1#1: signal 3 (SIGQUIT) received, shutting down
2026/09/23 08:22:11 [notice] 18#18: gracefully shutting down
2026/09/23 08:22:11 [notice] 17#17: gracefully shutting down
2026/09/23 08:22:11 [notice] 18#18: exiting
2026/09/23 08:22:11 [notice] 17#17: exiting
2026/09/23 08:22:11 [notice] 18#18: exit
2026/09/23 08:22:11 [notice] 17#17: exit
2026/09/23 08:22:11 [notice] 1#1: signal 17 (SIGCHLD) received from 18
2026/09/23 08:22:11 [notice] 1#1: worker process 17 exited with code 0
2026/09/23 08:22:11 [notice] 1#1: worker process 18 exited with code 0
2026/09/23 08:22:11 [notice] 1#1: exit
2026/09/23 08:22:11 [notice] 1#1: using the "epoll" event method
2026/09/23 08:22:11 [notice] 1#1: nginx/1.31.6
2026/09/23 08:22:11 [notice] 1#1: built by gcc 14.2.0 (Debian 14.2.0-19) 
2026/09/23 08:22:11 [notice] 1#1: OS: Linux 5.14.0-687.49.1.el9_8.x86_64
2026/09/23 08:22:11 [notice] 1#1: getrlimit(RLIMIT_NOFILE): 1048576:1048576
2026/09/23 08:22:11 [notice] 1#1: start worker processes
2026/09/23 08:22:11 [notice] 1#1: start worker process 17
2026/09/23 08:22:11 [notice] 1#1: start worker process 18
2026/09/23 08:41:35 [notice] 1#1: signal 3 (SIGQUIT) received, shutting down
2026/09/23 08:41:35 [notice] 18#18: gracefully shutting down
2026/09/23 08:41:35 [notice] 17#17: gracefully shutting down
2026/09/23 08:41:35 [notice] 18#18: exiting
2026/09/23 08:41:35 [notice] 18#18: exit
2026/09/23 08:41:35 [notice] 17#17: exiting
2026/09/23 08:41:35 [notice] 17#17: exit
2026/09/23 08:41:35 [notice] 1#1: signal 17 (SIGCHLD) received from 17
2026/09/23 08:41:35 [notice] 1#1: worker process 17 exited with code 0
2026/09/23 08:41:35 [notice] 1#1: signal 29 (SIGIO) received
2026/09/23 08:41:35 [notice] 1#1: signal 17 (SIGCHLD) received from 18
2026/09/23 08:41:35 [notice] 1#1: worker process 18 exited with code 0
2026/09/23 08:41:35 [notice] 1#1: exit
2026/09/23 16:41:44 [notice] 1#1: using the "epoll" event method
2026/09/23 16:41:44 [notice] 1#1: nginx/1.31.6
2026/09/23 16:41:44 [notice] 1#1: built by gcc 14.2.0 (Debian 14.2.0-19) 
2026/09/23 16:41:44 [notice] 1#1: OS: Linux 5.14.0-687.49.1.el9_8.x86_64
2026/09/23 16:41:44 [notice] 1#1: getrlimit(RLIMIT_NOFILE): 1048576:1048576
2026/09/23 16:41:44 [notice] 1#1: start worker processes
2026/09/23 16:41:44 [notice] 1#1: start worker process 17
2026/09/23 16:41:44 [notice] 1#1: start worker process 18
2026/09/23 16:42:17 [error] 17#17: *2 open() "/usr/share/nginx/html/status1" failed (2: No such file or directory), client: 192.168.223.1, server: localhost, request: "GET /status1 HTTP/1.1", host: "192.168.223.111:8080"
2026/09/24 11:05:34 [notice] 1#1: signal 3 (SIGQUIT) received, shutting down
2026/09/24 11:05:34 [notice] 17#17: gracefully shutting down
2026/09/24 11:05:34 [notice] 18#18: gracefully shutting down
2026/09/24 11:05:34 [notice] 17#17: exiting
2026/09/24 11:05:34 [notice] 18#18: exiting
2026/09/24 11:05:34 [notice] 18#18: exit
2026/09/24 11:05:34 [notice] 17#17: exit
2026/09/24 11:05:34 [notice] 1#1: signal 17 (SIGCHLD) received from 17
2026/09/24 11:05:34 [notice] 1#1: worker process 17 exited with code 0
2026/09/24 11:05:34 [notice] 1#1: worker process 18 exited with code 0
2026/09/24 11:05:34 [notice] 1#1: exit
2026/09/24 11:05:34 [notice] 1#1: using the "epoll" event method
2026/09/24 11:05:34 [notice] 1#1: nginx/1.31.6
2026/09/24 11:05:34 [notice] 1#1: built by gcc 14.2.0 (Debian 14.2.0-19) 
2026/09/24 11:05:34 [notice] 1#1: OS: Linux 5.14.0-687.49.1.el9_8.x86_64
2026/09/24 11:05:34 [notice] 1#1: getrlimit(RLIMIT_NOFILE): 1048576:1048576
2026/09/24 11:05:34 [notice] 1#1: start worker processes
2026/09/24 11:05:34 [notice] 1#1: start worker process 17
2026/09/24 11:05:34 [notice] 1#1: start worker process 18
2026/09/24 11:07:55 [notice] 1#1: signal 3 (SIGQUIT) received, shutting down
2026/09/24 11:07:55 [notice] 18#18: gracefully shutting down
2026/09/24 11:07:55 [notice] 17#17: gracefully shutting down
2026/09/24 11:07:55 [notice] 18#18: exiting
2026/09/24 11:07:55 [notice] 17#17: exiting
2026/09/24 11:07:55 [notice] 18#18: exit
2026/09/24 11:07:55 [notice] 17#17: exit
2026/09/24 11:07:56 [notice] 1#1: signal 17 (SIGCHLD) received from 18
2026/09/24 11:07:56 [notice] 1#1: worker process 18 exited with code 0
2026/09/24 11:07:56 [notice] 1#1: signal 29 (SIGIO) received
2026/09/24 11:07:56 [notice] 1#1: signal 17 (SIGCHLD) received from 17
2026/09/24 11:07:56 [notice] 1#1: worker process 17 exited with code 0
2026/09/24 11:07:56 [notice] 1#1: exit
2026/09/24 11:08:12 [notice] 1#1: using the "epoll" event method
2026/09/24 11:08:12 [notice] 1#1: nginx/1.31.6
2026/09/24 11:08:12 [notice] 1#1: built by gcc 14.2.0 (Debian 14.2.0-19) 
2026/09/24 11:08:12 [notice] 1#1: OS: Linux 5.14.0-687.49.1.el9_8.x86_64
2026/09/24 11:08:12 [notice] 1#1: getrlimit(RLIMIT_NOFILE): 1048576:1048576
2026/09/24 11:08:12 [notice] 1#1: start worker processes
2026/09/24 11:08:12 [notice] 1#1: start worker process 17
2026/09/24 11:08:12 [notice] 1#1: start worker process 18
2026/09/24 11:08:27 [error] 17#17: *2 connect() failed (111: Connection refused) while connecting to upstream, client: 192.168.223.1, server: localhost, request: "GET /api/orders HTTP/1.1", upstream: "http://127.0.0.1:8082/api/orders", host: "192.168.223.111:8084"
2026/09/24 11:08:27 [error] 17#17: *2 open() "/usr/share/nginx/html/favicon.ico" failed (2: No such file or directory), client: 192.168.223.1, server: localhost, request: "GET /favicon.ico HTTP/1.1", host: "192.168.223.111:8084", referrer: "http://192.168.223.111:8084/api/orders"
2026/09/24 11:08:32 [error] 17#17: *2 connect() failed (111: Connection refused) while connecting to upstream, client: 192.168.223.1, server: localhost, request: "GET /api/orders HTTP/1.1", upstream: "http://127.0.0.1:8082/api/orders", host: "192.168.223.111:8084"
2026/09/24 11:09:52 [notice] 1#1: signal 3 (SIGQUIT) received, shutting down
2026/09/24 11:09:52 [notice] 18#18: gracefully shutting down
2026/09/24 11:09:52 [notice] 17#17: gracefully shutting down
2026/09/24 11:09:52 [notice] 18#18: exiting
2026/09/24 11:09:52 [notice] 17#17: exiting
2026/09/24 11:09:52 [notice] 18#18: exit
2026/09/24 11:09:52 [notice] 17#17: exit
2026/09/24 11:09:52 [notice] 1#1: signal 17 (SIGCHLD) received from 17
2026/09/24 11:09:52 [notice] 1#1: worker process 17 exited with code 0
2026/09/24 11:09:52 [notice] 1#1: signal 29 (SIGIO) received
2026/09/24 11:09:52 [notice] 1#1: signal 17 (SIGCHLD) received from 18
2026/09/24 11:09:52 [notice] 1#1: worker process 18 exited with code 0
2026/09/24 11:09:52 [notice] 1#1: exit
2026/09/24 11:09:52 [notice] 1#1: using the "epoll" event method
2026/09/24 11:09:52 [notice] 1#1: nginx/1.31.6
2026/09/24 11:09:52 [notice] 1#1: built by gcc 14.2.0 (Debian 14.2.0-19) 
2026/09/24 11:09:52 [notice] 1#1: OS: Linux 5.14.0-687.49.1.el9_8.x86_64
2026/09/24 11:09:52 [notice] 1#1: getrlimit(RLIMIT_NOFILE): 1048576:1048576
2026/09/24 11:09:52 [notice] 1#1: start worker processes
2026/09/24 11:09:52 [notice] 1#1: start worker process 17
2026/09/24 11:09:52 [notice] 1#1: start worker process 18
2026/09/28 16:22:08 [notice] 1#1: using the "epoll" event method
2026/09/28 16:22:08 [notice] 1#1: nginx/1.31.6
2026/09/28 16:22:08 [notice] 1#1: built by gcc 14.2.0 (Debian 14.2.0-19) 
2026/09/28 16:22:08 [notice] 1#1: OS: Linux 5.14.0-687.49.1.el9_8.x86_64
2026/09/28 16:22:08 [notice] 1#1: getrlimit(RLIMIT_NOFILE): 1048576:1048576
2026/09/28 16:22:08 [notice] 1#1: start worker processes
2026/09/28 16:22:08 [notice] 1#1: start worker process 17
2026/09/28 16:22:08 [notice] 1#1: start worker process 18
2026/09/28 16:29:44 [notice] 1#1: signal 3 (SIGQUIT) received, shutting down
2026/09/28 16:29:44 [notice] 18#18: gracefully shutting down
2026/09/28 16:29:44 [notice] 18#18: exiting
2026/09/28 16:29:44 [notice] 17#17: gracefully shutting down
2026/09/28 16:29:44 [notice] 17#17: exiting
2026/09/28 16:29:44 [notice] 18#18: exit
2026/09/28 16:29:44 [notice] 17#17: exit
2026/09/28 16:29:44 [notice] 1#1: signal 17 (SIGCHLD) received from 17
2026/09/28 16:29:44 [notice] 1#1: worker process 17 exited with code 0
2026/09/28 16:29:44 [notice] 1#1: signal 29 (SIGIO) received
2026/09/28 16:29:44 [notice] 1#1: signal 17 (SIGCHLD) received from 18
2026/09/28 16:29:44 [notice] 1#1: worker process 18 exited with code 0
2026/09/28 16:29:44 [notice] 1#1: exit
2026/09/28 16:29:59 [notice] 1#1: using the "epoll" event method
2026/09/28 16:29:59 [notice] 1#1: nginx/1.31.6
2026/09/28 16:29:59 [notice] 1#1: built by gcc 14.2.0 (Debian 14.2.0-19) 
2026/09/28 16:29:59 [notice] 1#1: OS: Linux 5.14.0-687.49.1.el9_8.x86_64
2026/09/28 16:29:59 [notice] 1#1: getrlimit(RLIMIT_NOFILE): 1048576:1048576
2026/09/28 16:29:59 [notice] 1#1: start worker processes
2026/09/28 16:29:59 [notice] 1#1: start worker process 17
2026/09/28 16:29:59 [notice] 1#1: start worker process 18
2026/09/28 16:30:18 [error] 17#17: *1 open() "/usr/share/nginx/html/favicon.ico" failed (2: No such file or directory), client: 192.168.223.1, server: localhost, request: "GET /favicon.ico HTTP/1.1", host: "192.168.223.110:8080", referrer: "http://192.168.223.110:8080/status"
2026/09/28 16:49:11 [notice] 1#1: signal 3 (SIGQUIT) received, shutting down
2026/09/28 16:49:11 [notice] 17#17: gracefully shutting down
2026/09/28 16:49:11 [notice] 17#17: exiting
2026/09/28 16:49:11 [notice] 18#18: gracefully shutting down
2026/09/28 16:49:11 [notice] 17#17: exit
2026/09/28 16:49:11 [notice] 18#18: exiting
2026/09/28 16:49:11 [notice] 18#18: exit
2026/09/28 16:49:11 [notice] 1#1: signal 17 (SIGCHLD) received from 17
2026/09/28 16:49:11 [notice] 1#1: worker process 17 exited with code 0
2026/09/28 16:49:11 [notice] 1#1: signal 29 (SIGIO) received
2026/09/28 16:49:11 [notice] 1#1: signal 17 (SIGCHLD) received from 18
2026/09/28 16:49:11 [notice] 1#1: worker process 18 exited with code 0
2026/09/28 16:49:11 [notice] 1#1: exit
2026/09/28 16:49:21 [notice] 1#1: using the "epoll" event method
2026/09/28 16:49:21 [notice] 1#1: nginx/1.31.6
2026/09/28 16:49:21 [notice] 1#1: built by gcc 14.2.0 (Debian 14.2.0-19) 
2026/09/28 16:49:21 [notice] 1#1: OS: Linux 5.14.0-687.49.1.el9_8.x86_64
2026/09/28 16:49:21 [notice] 1#1: getrlimit(RLIMIT_NOFILE): 1048576:1048576
2026/09/28 16:49:21 [notice] 1#1: start worker processes
2026/09/28 16:49:21 [notice] 1#1: start worker process 17
2026/09/28 16:49:21 [notice] 1#1: start worker process 18
2026/09/28 18:32:56 [notice] 1#1: signal 3 (SIGQUIT) received, shutting down
2026/09/28 18:32:56 [notice] 18#18: gracefully shutting down
2026/09/28 18:32:56 [notice] 17#17: gracefully shutting down
2026/09/28 18:32:56 [notice] 18#18: exiting
2026/09/28 18:32:56 [notice] 17#17: exiting
2026/09/28 18:32:56 [notice] 17#17: exit
2026/09/28 18:32:56 [notice] 18#18: exit
2026/09/28 18:32:57 [notice] 1#1: signal 17 (SIGCHLD) received from 18
2026/09/28 18:32:57 [notice] 1#1: worker process 18 exited with code 0
2026/09/28 18:32:57 [notice] 1#1: signal 29 (SIGIO) received
2026/09/28 18:32:57 [notice] 1#1: signal 17 (SIGCHLD) received from 17
2026/09/28 18:32:57 [notice] 1#1: worker process 17 exited with code 0
2026/09/28 18:32:57 [notice] 1#1: exit
2026/09/28 18:33:27 [notice] 1#1: using the "epoll" event method
2026/09/28 18:33:27 [notice] 1#1: nginx/1.31.6
2026/09/28 18:33:27 [notice] 1#1: built by gcc 14.2.0 (Debian 14.2.0-19) 
2026/09/28 18:33:27 [notice] 1#1: OS: Linux 5.14.0-687.49.1.el9_8.x86_64
2026/09/28 18:33:27 [notice] 1#1: getrlimit(RLIMIT_NOFILE): 1048576:1048576
2026/09/28 18:33:27 [notice] 1#1: start worker processes
2026/09/28 18:33:27 [notice] 1#1: start worker process 17
2026/09/28 18:33:27 [notice] 1#1: start worker process 18
2026/09/28 18:42:24 [notice] 1#1: signal 3 (SIGQUIT) received, shutting down
2026/09/28 18:42:24 [notice] 17#17: gracefully shutting down
2026/09/28 18:42:24 [notice] 18#18: gracefully shutting down
2026/09/28 18:42:24 [notice] 17#17: exiting
2026/09/28 18:42:24 [notice] 18#18: exiting
2026/09/28 18:42:24 [notice] 17#17: exit
2026/09/28 18:42:24 [notice] 18#18: exit
2026/09/28 18:42:24 [notice] 1#1: signal 17 (SIGCHLD) received from 17
2026/09/28 18:42:24 [notice] 1#1: worker process 17 exited with code 0
2026/09/28 18:42:24 [notice] 1#1: signal 29 (SIGIO) received
2026/09/28 18:42:24 [notice] 1#1: signal 17 (SIGCHLD) received from 18
2026/09/28 18:42:24 [notice] 1#1: worker process 18 exited with code 0
2026/09/28 18:42:24 [notice] 1#1: exit
2026/09/28 18:43:11 [notice] 1#1: using the "epoll" event method
2026/09/28 18:43:11 [notice] 1#1: nginx/1.31.6
2026/09/28 18:43:11 [notice] 1#1: built by gcc 14.2.0 (Debian 14.2.0-19) 
2026/09/28 18:43:11 [notice] 1#1: OS: Linux 5.14.0-687.49.1.el9_8.x86_64
2026/09/28 18:43:11 [notice] 1#1: getrlimit(RLIMIT_NOFILE): 1048576:1048576
2026/09/28 18:43:11 [notice] 1#1: start worker processes
2026/09/28 18:43:11 [notice] 1#1: start worker process 17
2026/09/28 18:43:11 [notice] 1#1: start worker process 18
2026/09/29 09:29:30 [notice] 1#1: signal 3 (SIGQUIT) received, shutting down
2026/09/29 09:29:30 [notice] 18#18: gracefully shutting down
2026/09/29 09:29:30 [notice] 17#17: gracefully shutting down
2026/09/29 09:29:30 [notice] 18#18: exiting
2026/09/29 09:29:30 [notice] 17#17: exiting
2026/09/29 09:29:30 [notice] 18#18: exit
2026/09/29 09:29:30 [notice] 17#17: exit
2026/09/29 09:29:30 [notice] 1#1: signal 17 (SIGCHLD) received from 17
2026/09/29 09:29:30 [notice] 1#1: worker process 17 exited with code 0
2026/09/29 09:29:30 [notice] 1#1: signal 17 (SIGCHLD) received from 18
2026/09/29 09:29:30 [notice] 1#1: worker process 18 exited with code 0
2026/09/29 09:29:30 [notice] 1#1: exit
2026/09/29 09:29:40 [notice] 1#1: using the "epoll" event method
2026/09/29 09:29:40 [notice] 1#1: nginx/1.31.6
2026/09/29 09:29:40 [notice] 1#1: built by gcc 14.2.0 (Debian 14.2.0-19) 
2026/09/29 09:29:40 [notice] 1#1: OS: Linux 5.14.0-687.49.1.el9_8.x86_64
2026/09/29 09:29:40 [notice] 1#1: getrlimit(RLIMIT_NOFILE): 1048576:1048576
2026/09/29 09:29:40 [notice] 1#1: start worker processes
2026/09/29 09:29:40 [notice] 1#1: start worker process 17
2026/09/29 09:29:40 [notice] 1#1: start worker process 18
2026/09/29 09:34:23 [notice] 1#1: signal 3 (SIGQUIT) received, shutting down
2026/09/29 09:34:23 [notice] 17#17: gracefully shutting down
2026/09/29 09:34:23 [notice] 17#17: exiting
2026/09/29 09:34:23 [notice] 18#18: gracefully shutting down
2026/09/29 09:34:23 [notice] 18#18: exiting
2026/09/29 09:34:23 [notice] 17#17: exit
2026/09/29 09:34:23 [notice] 18#18: exit
2026/09/29 09:34:23 [notice] 1#1: signal 17 (SIGCHLD) received from 17
2026/09/29 09:34:23 [notice] 1#1: worker process 17 exited with code 0
2026/09/29 09:34:23 [notice] 1#1: signal 29 (SIGIO) received
2026/09/29 09:34:23 [notice] 1#1: signal 17 (SIGCHLD) received from 18
2026/09/29 09:34:23 [notice] 1#1: worker process 18 exited with code 0
2026/09/29 09:34:23 [notice] 1#1: exit
2026/09/29 09:34:57 [notice] 1#1: using the "epoll" event method
2026/09/29 09:34:57 [notice] 1#1: nginx/1.31.6
2026/09/29 09:34:57 [notice] 1#1: built by gcc 14.2.0 (Debian 14.2.0-19) 
2026/09/29 09:34:57 [notice] 1#1: OS: Linux 5.14.0-687.49.1.el9_8.x86_64
2026/09/29 09:34:57 [notice] 1#1: getrlimit(RLIMIT_NOFILE): 1048576:1048576
2026/09/29 09:34:57 [notice] 1#1: start worker processes
2026/09/29 09:34:57 [notice] 1#1: start worker process 17
2026/09/29 09:34:57 [notice] 1#1: start worker process 18
